id	class	method	parent	flags	annotations	visibility	non-primitive-return	path
1	com.google.gson.Gson	Gson()	0	[]		public	false	/home/nima/Developer/nullness-benchmarks/gson/gson/src/main/java/com/google/gson/Gson.java
2	com.google.gson.Gson	Gson(com.google.gson.internal.Excluder,com.google.gson.FieldNamingStrategy,java.util.Map,boolean,boolean,boolean,boolean,boolean,boolean,boolean,com.google.gson.LongSerializationPolicy,java.lang.String,int,int,java.util.List,java.util.List,java.util.List)	0	[false, false, false, false, false, false, false, false, false, false, false, false, false, false, false, false, false]		package	false	/home/nima/Developer/nullness-benchmarks/gson/gson/src/main/java/com/google/gson/Gson.java
3	com.google.gson.Gson	newBuilder()	0	[]		public	true	/home/nima/Developer/nullness-benchmarks/gson/gson/src/main/java/com/google/gson/Gson.java
4	com.google.gson.Gson	excluder()	0	[]		public	true	/home/nima/Developer/nullness-benchmarks/gson/gson/src/main/java/com/google/gson/Gson.java
5	com.google.gson.Gson	fieldNamingStrategy()	0	[]		public	true	/home/nima/Developer/nullness-benchmarks/gson/gson/src/main/java/com/google/gson/Gson.java
6	com.google.gson.Gson	serializeNulls()	0	[]		public	false	/home/nima/Developer/nullness-benchmarks/gson/gson/src/main/java/com/google/gson/Gson.java
7	com.google.gson.Gson	htmlSafe()	0	[]		public	false	/home/nima/Developer/nullness-benchmarks/gson/gson/src/main/java/com/google/gson/Gson.java
8	com.google.gson.Gson	doubleAdapter(boolean)	0	[false]		private	true	/home/nima/Developer/nullness-benchmarks/gson/gson/src/main/java/com/google/gson/Gson.java
9	com.google.gson.Gson$1	read(com.google.gson.stream.JsonReader)	10	[false]	java.lang.Override	public	true	/home/nima/Developer/nullness-benchmarks/gson/gson/src/main/java/com/google/gson/Gson.java
11	com.google.gson.Gson$1	write(com.google.gson.stream.JsonWriter,java.lang.Number)	12	[false, false]	java.lang.Override	public	false	/home/nima/Developer/nullness-benchmarks/gson/gson/src/main/java/com/google/gson/Gson.java
13	com.google.gson.Gson	floatAdapter(boolean)	0	[false]		private	true	/home/nima/Developer/nullness-benchmarks/gson/gson/src/main/java/com/google/gson/Gson.java
14	com.google.gson.Gson$2	read(com.google.gson.stream.JsonReader)	10	[false]	java.lang.Override	public	true	/home/nima/Developer/nullness-benchmarks/gson/gson/src/main/java/com/google/gson/Gson.java
15	com.google.gson.Gson$2	write(com.google.gson.stream.JsonWriter,java.lang.Number)	12	[false, false]	java.lang.Override	public	false	/home/nima/Developer/nullness-benchmarks/gson/gson/src/main/java/com/google/gson/Gson.java
16	com.google.gson.Gson	checkValidFloatingPoint(double)	0	[false]		package	false	/home/nima/Developer/nullness-benchmarks/gson/gson/src/main/java/com/google/gson/Gson.java
17	com.google.gson.Gson	longAdapter(com.google.gson.LongSerializationPolicy)	0	[false]		private	true	/home/nima/Developer/nullness-benchmarks/gson/gson/src/main/java/com/google/gson/Gson.java
18	com.google.gson.Gson$3	read(com.google.gson.stream.JsonReader)	10	[false]	java.lang.Override	public	true	/home/nima/Developer/nullness-benchmarks/gson/gson/src/main/java/com/google/gson/Gson.java
19	com.google.gson.Gson$3	write(com.google.gson.stream.JsonWriter,java.lang.Number)	12	[false, false]	java.lang.Override	public	false	/home/nima/Developer/nullness-benchmarks/gson/gson/src/main/java/com/google/gson/Gson.java
20	com.google.gson.Gson	atomicLongAdapter(com.google.gson.TypeAdapter)	0	[false]		private	true	/home/nima/Developer/nullness-benchmarks/gson/gson/src/main/java/com/google/gson/Gson.java
21	com.google.gson.Gson$4	write(com.google.gson.stream.JsonWriter,java.util.concurrent.atomic.AtomicLong)	12	[false, false]	java.lang.Override	public	false	/home/nima/Developer/nullness-benchmarks/gson/gson/src/main/java/com/google/gson/Gson.java
22	com.google.gson.Gson$4	read(com.google.gson.stream.JsonReader)	10	[false]	java.lang.Override	public	true	/home/nima/Developer/nullness-benchmarks/gson/gson/src/main/java/com/google/gson/Gson.java
23	com.google.gson.Gson	atomicLongArrayAdapter(com.google.gson.TypeAdapter)	0	[false]		private	true	/home/nima/Developer/nullness-benchmarks/gson/gson/src/main/java/com/google/gson/Gson.java
24	com.google.gson.Gson$5	write(com.google.gson.stream.JsonWriter,java.util.concurrent.atomic.AtomicLongArray)	12	[false, false]	java.lang.Override	public	false	/home/nima/Developer/nullness-benchmarks/gson/gson/src/main/java/com/google/gson/Gson.java
25	com.google.gson.Gson$5	read(com.google.gson.stream.JsonReader)	10	[false]	java.lang.Override	public	true	/home/nima/Developer/nullness-benchmarks/gson/gson/src/main/java/com/google/gson/Gson.java
26	com.google.gson.Gson	getAdapter(com.google.gson.reflect.TypeToken)	0	[false]	java.lang.SuppressWarnings	public	true	/home/nima/Developer/nullness-benchmarks/gson/gson/src/main/java/com/google/gson/Gson.java
27	com.google.gson.Gson	getDelegateAdapter(com.google.gson.TypeAdapterFactory,com.google.gson.reflect.TypeToken)	0	[false, false]		public	true	/home/nima/Developer/nullness-benchmarks/gson/gson/src/main/java/com/google/gson/Gson.java
28	com.google.gson.Gson	getAdapter(java.lang.Class)	0	[false]		public	true	/home/nima/Developer/nullness-benchmarks/gson/gson/src/main/java/com/google/gson/Gson.java
29	com.google.gson.Gson	toJsonTree(java.lang.Object)	0	[false]		public	true	/home/nima/Developer/nullness-benchmarks/gson/gson/src/main/java/com/google/gson/Gson.java
30	com.google.gson.Gson	toJsonTree(java.lang.Object,java.lang.reflect.Type)	0	[false, false]		public	true	/home/nima/Developer/nullness-benchmarks/gson/gson/src/main/java/com/google/gson/Gson.java
31	com.google.gson.Gson	toJson(java.lang.Object)	0	[false]		public	true	/home/nima/Developer/nullness-benchmarks/gson/gson/src/main/java/com/google/gson/Gson.java
32	com.google.gson.Gson	toJson(java.lang.Object,java.lang.reflect.Type)	0	[false, false]		public	true	/home/nima/Developer/nullness-benchmarks/gson/gson/src/main/java/com/google/gson/Gson.java
33	com.google.gson.Gson	toJson(java.lang.Object,java.lang.Appendable)	0	[false, false]		public	false	/home/nima/Developer/nullness-benchmarks/gson/gson/src/main/java/com/google/gson/Gson.java
34	com.google.gson.Gson	toJson(java.lang.Object,java.lang.reflect.Type,java.lang.Appendable)	0	[false, false, false]		public	false	/home/nima/Developer/nullness-benchmarks/gson/gson/src/main/java/com/google/gson/Gson.java
35	com.google.gson.Gson	toJson(java.lang.Object,java.lang.reflect.Type,com.google.gson.stream.JsonWriter)	0	[false, false, false]	java.lang.SuppressWarnings	public	false	/home/nima/Developer/nullness-benchmarks/gson/gson/src/main/java/com/google/gson/Gson.java
36	com.google.gson.Gson	toJson(com.google.gson.JsonElement)	0	[false]		public	true	/home/nima/Developer/nullness-benchmarks/gson/gson/src/main/java/com/google/gson/Gson.java
37	com.google.gson.Gson	toJson(com.google.gson.JsonElement,java.lang.Appendable)	0	[false, false]		public	false	/home/nima/Developer/nullness-benchmarks/gson/gson/src/main/java/com/google/gson/Gson.java
38	com.google.gson.Gson	newJsonWriter(java.io.Writer)	0	[false]		public	true	/home/nima/Developer/nullness-benchmarks/gson/gson/src/main/java/com/google/gson/Gson.java
39	com.google.gson.Gson	newJsonReader(java.io.Reader)	0	[false]		public	true	/home/nima/Developer/nullness-benchmarks/gson/gson/src/main/java/com/google/gson/Gson.java
40	com.google.gson.Gson	toJson(com.google.gson.JsonElement,com.google.gson.stream.JsonWriter)	0	[false, false]		public	false	/home/nima/Developer/nullness-benchmarks/gson/gson/src/main/java/com/google/gson/Gson.java
41	com.google.gson.Gson	fromJson(java.lang.String,java.lang.Class)	0	[false, false]		public	true	/home/nima/Developer/nullness-benchmarks/gson/gson/src/main/java/com/google/gson/Gson.java
42	com.google.gson.Gson	fromJson(java.lang.String,java.lang.reflect.Type)	0	[false, false]	java.lang.SuppressWarnings	public	true	/home/nima/Developer/nullness-benchmarks/gson/gson/src/main/java/com/google/gson/Gson.java
43	com.google.gson.Gson	fromJson(java.io.Reader,java.lang.Class)	0	[false, false]		public	true	/home/nima/Developer/nullness-benchmarks/gson/gson/src/main/java/com/google/gson/Gson.java
44	com.google.gson.Gson	fromJson(java.io.Reader,java.lang.reflect.Type)	0	[false, false]	java.lang.SuppressWarnings	public	true	/home/nima/Developer/nullness-benchmarks/gson/gson/src/main/java/com/google/gson/Gson.java
45	com.google.gson.Gson	assertFullConsumption(java.lang.Object,com.google.gson.stream.JsonReader)	0	[false, false]		private	false	/home/nima/Developer/nullness-benchmarks/gson/gson/src/main/java/com/google/gson/Gson.java
46	com.google.gson.Gson	fromJson(com.google.gson.stream.JsonReader,java.lang.reflect.Type)	0	[false, false]	java.lang.SuppressWarnings	public	true	/home/nima/Developer/nullness-benchmarks/gson/gson/src/main/java/com/google/gson/Gson.java
47	com.google.gson.Gson	fromJson(com.google.gson.JsonElement,java.lang.Class)	0	[false, false]		public	true	/home/nima/Developer/nullness-benchmarks/gson/gson/src/main/java/com/google/gson/Gson.java
48	com.google.gson.Gson	fromJson(com.google.gson.JsonElement,java.lang.reflect.Type)	0	[false, false]	java.lang.SuppressWarnings	public	true	/home/nima/Developer/nullness-benchmarks/gson/gson/src/main/java/com/google/gson/Gson.java
49	com.google.gson.Gson$FutureTypeAdapter	setDelegate(com.google.gson.TypeAdapter)	0	[false]		public	false	/home/nima/Developer/nullness-benchmarks/gson/gson/src/main/java/com/google/gson/Gson.java
50	com.google.gson.Gson$FutureTypeAdapter	read(com.google.gson.stream.JsonReader)	10	[false]	java.lang.Override	public	true	/home/nima/Developer/nullness-benchmarks/gson/gson/src/main/java/com/google/gson/Gson.java
51	com.google.gson.Gson$FutureTypeAdapter	write(com.google.gson.stream.JsonWriter,T)	12	[false, false]	java.lang.Override	public	false	/home/nima/Developer/nullness-benchmarks/gson/gson/src/main/java/com/google/gson/Gson.java
52	com.google.gson.Gson	toString()	53	[]	java.lang.Override	public	true	/home/nima/Developer/nullness-benchmarks/gson/gson/src/main/java/com/google/gson/Gson.java
54	com.google.gson.GsonBuilder	GsonBuilder()	0	[]		public	false	/home/nima/Developer/nullness-benchmarks/gson/gson/src/main/java/com/google/gson/GsonBuilder.java
55	com.google.gson.GsonBuilder	GsonBuilder(com.google.gson.Gson)	0	[false]		package	false	/home/nima/Developer/nullness-benchmarks/gson/gson/src/main/java/com/google/gson/GsonBuilder.java
56	com.google.gson.GsonBuilder	setVersion(double)	0	[false]		public	true	/home/nima/Developer/nullness-benchmarks/gson/gson/src/main/java/com/google/gson/GsonBuilder.java
57	com.google.gson.GsonBuilder	excludeFieldsWithModifiers(int[])	0	[false]		public	true	/home/nima/Developer/nullness-benchmarks/gson/gson/src/main/java/com/google/gson/GsonBuilder.java
58	com.google.gson.GsonBuilder	generateNonExecutableJson()	0	[]		public	true	/home/nima/Developer/nullness-benchmarks/gson/gson/src/main/java/com/google/gson/GsonBuilder.java
59	com.google.gson.GsonBuilder	excludeFieldsWithoutExposeAnnotation()	0	[]		public	true	/home/nima/Developer/nullness-benchmarks/gson/gson/src/main/java/com/google/gson/GsonBuilder.java
60	com.google.gson.GsonBuilder	serializeNulls()	0	[]		public	true	/home/nima/Developer/nullness-benchmarks/gson/gson/src/main/java/com/google/gson/GsonBuilder.java
61	com.google.gson.GsonBuilder	enableComplexMapKeySerialization()	0	[]		public	true	/home/nima/Developer/nullness-benchmarks/gson/gson/src/main/java/com/google/gson/GsonBuilder.java
62	com.google.gson.GsonBuilder	disableInnerClassSerialization()	0	[]		public	true	/home/nima/Developer/nullness-benchmarks/gson/gson/src/main/java/com/google/gson/GsonBuilder.java
63	com.google.gson.GsonBuilder	setLongSerializationPolicy(com.google.gson.LongSerializationPolicy)	0	[false]		public	true	/home/nima/Developer/nullness-benchmarks/gson/gson/src/main/java/com/google/gson/GsonBuilder.java
64	com.google.gson.GsonBuilder	setFieldNamingPolicy(com.google.gson.FieldNamingPolicy)	0	[false]		public	true	/home/nima/Developer/nullness-benchmarks/gson/gson/src/main/java/com/google/gson/GsonBuilder.java
65	com.google.gson.GsonBuilder	setFieldNamingStrategy(com.google.gson.FieldNamingStrategy)	0	[false]		public	true	/home/nima/Developer/nullness-benchmarks/gson/gson/src/main/java/com/google/gson/GsonBuilder.java
66	com.google.gson.GsonBuilder	setExclusionStrategies(com.google.gson.ExclusionStrategy[])	0	[false]		public	true	/home/nima/Developer/nullness-benchmarks/gson/gson/src/main/java/com/google/gson/GsonBuilder.java
67	com.google.gson.GsonBuilder	addSerializationExclusionStrategy(com.google.gson.ExclusionStrategy)	0	[false]		public	true	/home/nima/Developer/nullness-benchmarks/gson/gson/src/main/java/com/google/gson/GsonBuilder.java
68	com.google.gson.GsonBuilder	addDeserializationExclusionStrategy(com.google.gson.ExclusionStrategy)	0	[false]		public	true	/home/nima/Developer/nullness-benchmarks/gson/gson/src/main/java/com/google/gson/GsonBuilder.java
69	com.google.gson.GsonBuilder	setPrettyPrinting()	0	[]		public	true	/home/nima/Developer/nullness-benchmarks/gson/gson/src/main/java/com/google/gson/GsonBuilder.java
70	com.google.gson.GsonBuilder	setLenient()	0	[]		public	true	/home/nima/Developer/nullness-benchmarks/gson/gson/src/main/java/com/google/gson/GsonBuilder.java
71	com.google.gson.GsonBuilder	disableHtmlEscaping()	0	[]		public	true	/home/nima/Developer/nullness-benchmarks/gson/gson/src/main/java/com/google/gson/GsonBuilder.java
72	com.google.gson.GsonBuilder	setDateFormat(java.lang.String)	0	[false]		public	true	/home/nima/Developer/nullness-benchmarks/gson/gson/src/main/java/com/google/gson/GsonBuilder.java
73	com.google.gson.GsonBuilder	setDateFormat(int)	0	[false]		public	true	/home/nima/Developer/nullness-benchmarks/gson/gson/src/main/java/com/google/gson/GsonBuilder.java
74	com.google.gson.GsonBuilder	setDateFormat(int,int)	0	[false, false]		public	true	/home/nima/Developer/nullness-benchmarks/gson/gson/src/main/java/com/google/gson/GsonBuilder.java
75	com.google.gson.GsonBuilder	registerTypeAdapter(java.lang.reflect.Type,java.lang.Object)	0	[false, false]	java.lang.SuppressWarnings	public	true	/home/nima/Developer/nullness-benchmarks/gson/gson/src/main/java/com/google/gson/GsonBuilder.java
76	com.google.gson.GsonBuilder	registerTypeAdapterFactory(com.google.gson.TypeAdapterFactory)	0	[false]		public	true	/home/nima/Developer/nullness-benchmarks/gson/gson/src/main/java/com/google/gson/GsonBuilder.java
77	com.google.gson.GsonBuilder	registerTypeHierarchyAdapter(java.lang.Class,java.lang.Object)	0	[false, false]	java.lang.SuppressWarnings	public	true	/home/nima/Developer/nullness-benchmarks/gson/gson/src/main/java/com/google/gson/GsonBuilder.java
78	com.google.gson.GsonBuilder	serializeSpecialFloatingPointValues()	0	[]		public	true	/home/nima/Developer/nullness-benchmarks/gson/gson/src/main/java/com/google/gson/GsonBuilder.java
79	com.google.gson.GsonBuilder	create()	0	[]		public	true	/home/nima/Developer/nullness-benchmarks/gson/gson/src/main/java/com/google/gson/GsonBuilder.java
80	com.google.gson.GsonBuilder	addTypeAdaptersForDate(java.lang.String,int,int,java.util.List)	0	[false, false, false, false]	java.lang.SuppressWarnings	private	false	/home/nima/Developer/nullness-benchmarks/gson/gson/src/main/java/com/google/gson/GsonBuilder.java
81	com.google.gson.internal.Excluder	clone()	82	[]	java.lang.Override	protected	true	/home/nima/Developer/nullness-benchmarks/gson/gson/src/main/java/com/google/gson/internal/Excluder.java
83	com.google.gson.internal.Excluder	withVersion(double)	0	[false]		public	true	/home/nima/Developer/nullness-benchmarks/gson/gson/src/main/java/com/google/gson/internal/Excluder.java
84	com.google.gson.internal.Excluder	withModifiers(int[])	0	[false]		public	true	/home/nima/Developer/nullness-benchmarks/gson/gson/src/main/java/com/google/gson/internal/Excluder.java
85	com.google.gson.internal.Excluder	disableInnerClassSerialization()	0	[]		public	true	/home/nima/Developer/nullness-benchmarks/gson/gson/src/main/java/com/google/gson/internal/Excluder.java
86	com.google.gson.internal.Excluder	excludeFieldsWithoutExposeAnnotation()	0	[]		public	true	/home/nima/Developer/nullness-benchmarks/gson/gson/src/main/java/com/google/gson/internal/Excluder.java
87	com.google.gson.internal.Excluder	withExclusionStrategy(com.google.gson.ExclusionStrategy,boolean,boolean)	0	[false, false, false]		public	true	/home/nima/Developer/nullness-benchmarks/gson/gson/src/main/java/com/google/gson/internal/Excluder.java
88	com.google.gson.internal.Excluder	create(com.google.gson.Gson,com.google.gson.reflect.TypeToken)	89	[false, false]		public	true	/home/nima/Developer/nullness-benchmarks/gson/gson/src/main/java/com/google/gson/internal/Excluder.java
90	com.google.gson.internal.Excluder$1	read(com.google.gson.stream.JsonReader)	10	[false]	java.lang.Override	public	true	/home/nima/Developer/nullness-benchmarks/gson/gson/src/main/java/com/google/gson/internal/Excluder.java
91	com.google.gson.internal.Excluder$1	write(com.google.gson.stream.JsonWriter,T)	12	[false, false]	java.lang.Override	public	false	/home/nima/Developer/nullness-benchmarks/gson/gson/src/main/java/com/google/gson/internal/Excluder.java
92	com.google.gson.internal.Excluder$1	delegate()	0	[]		private	true	/home/nima/Developer/nullness-benchmarks/gson/gson/src/main/java/com/google/gson/internal/Excluder.java
93	com.google.gson.internal.Excluder	excludeField(java.lang.reflect.Field,boolean)	0	[false, false]		public	false	/home/nima/Developer/nullness-benchmarks/gson/gson/src/main/java/com/google/gson/internal/Excluder.java
94	com.google.gson.internal.Excluder	excludeClassChecks(java.lang.Class)	0	[false]		private	false	/home/nima/Developer/nullness-benchmarks/gson/gson/src/main/java/com/google/gson/internal/Excluder.java
95	com.google.gson.internal.Excluder	excludeClass(java.lang.Class,boolean)	0	[false, false]		public	false	/home/nima/Developer/nullness-benchmarks/gson/gson/src/main/java/com/google/gson/internal/Excluder.java
96	com.google.gson.internal.Excluder	excludeClassInStrategy(java.lang.Class,boolean)	0	[false, false]		private	false	/home/nima/Developer/nullness-benchmarks/gson/gson/src/main/java/com/google/gson/internal/Excluder.java
97	com.google.gson.internal.Excluder	isAnonymousOrLocal(java.lang.Class)	0	[false]		private	false	/home/nima/Developer/nullness-benchmarks/gson/gson/src/main/java/com/google/gson/internal/Excluder.java
98	com.google.gson.internal.Excluder	isInnerClass(java.lang.Class)	0	[false]		private	false	/home/nima/Developer/nullness-benchmarks/gson/gson/src/main/java/com/google/gson/internal/Excluder.java
99	com.google.gson.internal.Excluder	isStatic(java.lang.Class)	0	[false]		private	false	/home/nima/Developer/nullness-benchmarks/gson/gson/src/main/java/com/google/gson/internal/Excluder.java
100	com.google.gson.internal.Excluder	isValidVersion(com.google.gson.annotations.Since,com.google.gson.annotations.Until)	0	[false, false]		private	false	/home/nima/Developer/nullness-benchmarks/gson/gson/src/main/java/com/google/gson/internal/Excluder.java
101	com.google.gson.internal.Excluder	isValidSince(com.google.gson.annotations.Since)	0	[false]		private	false	/home/nima/Developer/nullness-benchmarks/gson/gson/src/main/java/com/google/gson/internal/Excluder.java
102	com.google.gson.internal.Excluder	isValidUntil(com.google.gson.annotations.Until)	0	[false]		private	false	/home/nima/Developer/nullness-benchmarks/gson/gson/src/main/java/com/google/gson/internal/Excluder.java
89	com.google.gson.TypeAdapterFactory	create(com.google.gson.Gson,com.google.gson.reflect.TypeToken)	0	[false, false]		public	true	/home/nima/Developer/nullness-benchmarks/gson/gson/src/main/java/com/google/gson/TypeAdapterFactory.java
103	com.google.gson.LongSerializationPolicy$1	serialize(java.lang.Long)	104	[false]	java.lang.Override	public	true	/home/nima/Developer/nullness-benchmarks/gson/gson/src/main/java/com/google/gson/LongSerializationPolicy.java
105	com.google.gson.LongSerializationPolicy$2	serialize(java.lang.Long)	104	[false]	java.lang.Override	public	true	/home/nima/Developer/nullness-benchmarks/gson/gson/src/main/java/com/google/gson/LongSerializationPolicy.java
104	com.google.gson.LongSerializationPolicy	serialize(java.lang.Long)	0	[false]		public	true	/home/nima/Developer/nullness-benchmarks/gson/gson/src/main/java/com/google/gson/LongSerializationPolicy.java
106	com.google.gson.FieldNamingStrategy	translateName(java.lang.reflect.Field)	0	[false]		public	true	/home/nima/Developer/nullness-benchmarks/gson/gson/src/main/java/com/google/gson/FieldNamingStrategy.java
107	com.google.gson.InstanceCreator	createInstance(java.lang.reflect.Type)	0	[false]		public	true	/home/nima/Developer/nullness-benchmarks/gson/gson/src/main/java/com/google/gson/InstanceCreator.java
108	com.google.gson.FieldNamingPolicy$1	translateName(java.lang.reflect.Field)	106	[false]	java.lang.Override	public	true	/home/nima/Developer/nullness-benchmarks/gson/gson/src/main/java/com/google/gson/FieldNamingPolicy.java
109	com.google.gson.FieldNamingPolicy$2	translateName(java.lang.reflect.Field)	106	[false]	java.lang.Override	public	true	/home/nima/Developer/nullness-benchmarks/gson/gson/src/main/java/com/google/gson/FieldNamingPolicy.java
110	com.google.gson.FieldNamingPolicy$3	translateName(java.lang.reflect.Field)	106	[false]	java.lang.Override	public	true	/home/nima/Developer/nullness-benchmarks/gson/gson/src/main/java/com/google/gson/FieldNamingPolicy.java
111	com.google.gson.FieldNamingPolicy$4	translateName(java.lang.reflect.Field)	106	[false]	java.lang.Override	public	true	/home/nima/Developer/nullness-benchmarks/gson/gson/src/main/java/com/google/gson/FieldNamingPolicy.java
112	com.google.gson.FieldNamingPolicy$5	translateName(java.lang.reflect.Field)	106	[false]	java.lang.Override	public	true	/home/nima/Developer/nullness-benchmarks/gson/gson/src/main/java/com/google/gson/FieldNamingPolicy.java
113	com.google.gson.FieldNamingPolicy$6	translateName(java.lang.reflect.Field)	106	[false]	java.lang.Override	public	true	/home/nima/Developer/nullness-benchmarks/gson/gson/src/main/java/com/google/gson/FieldNamingPolicy.java
114	com.google.gson.FieldNamingPolicy	separateCamelCase(java.lang.String,java.lang.String)	0	[false, false]		package	true	/home/nima/Developer/nullness-benchmarks/gson/gson/src/main/java/com/google/gson/FieldNamingPolicy.java
115	com.google.gson.FieldNamingPolicy	upperCaseFirstLetter(java.lang.String)	0	[false]		package	true	/home/nima/Developer/nullness-benchmarks/gson/gson/src/main/java/com/google/gson/FieldNamingPolicy.java
116	com.google.gson.ExclusionStrategy	shouldSkipField(com.google.gson.FieldAttributes)	0	[false]		public	false	/home/nima/Developer/nullness-benchmarks/gson/gson/src/main/java/com/google/gson/ExclusionStrategy.java
117	com.google.gson.ExclusionStrategy	shouldSkipClass(java.lang.Class)	0	[false]		public	false	/home/nima/Developer/nullness-benchmarks/gson/gson/src/main/java/com/google/gson/ExclusionStrategy.java
118	com.google.gson.FieldAttributes	FieldAttributes(java.lang.reflect.Field)	0	[false]		public	false	/home/nima/Developer/nullness-benchmarks/gson/gson/src/main/java/com/google/gson/FieldAttributes.java
119	com.google.gson.FieldAttributes	getDeclaringClass()	0	[]		public	true	/home/nima/Developer/nullness-benchmarks/gson/gson/src/main/java/com/google/gson/FieldAttributes.java
120	com.google.gson.FieldAttributes	getName()	0	[]		public	true	/home/nima/Developer/nullness-benchmarks/gson/gson/src/main/java/com/google/gson/FieldAttributes.java
121	com.google.gson.FieldAttributes	getDeclaredType()	0	[]		public	true	/home/nima/Developer/nullness-benchmarks/gson/gson/src/main/java/com/google/gson/FieldAttributes.java
122	com.google.gson.FieldAttributes	getDeclaredClass()	0	[]		public	true	/home/nima/Developer/nullness-benchmarks/gson/gson/src/main/java/com/google/gson/FieldAttributes.java
123	com.google.gson.FieldAttributes	getAnnotation(java.lang.Class)	0	[false]		public	true	/home/nima/Developer/nullness-benchmarks/gson/gson/src/main/java/com/google/gson/FieldAttributes.java
124	com.google.gson.FieldAttributes	getAnnotations()	0	[]		public	true	/home/nima/Developer/nullness-benchmarks/gson/gson/src/main/java/com/google/gson/FieldAttributes.java
125	com.google.gson.FieldAttributes	hasModifier(int)	0	[false]		public	false	/home/nima/Developer/nullness-benchmarks/gson/gson/src/main/java/com/google/gson/FieldAttributes.java
126	com.google.gson.FieldAttributes	get(java.lang.Object)	0	[false]		package	true	/home/nima/Developer/nullness-benchmarks/gson/gson/src/main/java/com/google/gson/FieldAttributes.java
127	com.google.gson.FieldAttributes	isSynthetic()	0	[]		package	false	/home/nima/Developer/nullness-benchmarks/gson/gson/src/main/java/com/google/gson/FieldAttributes.java
128	com.google.gson.JsonElement	deepCopy()	0	[]		public	true	/home/nima/Developer/nullness-benchmarks/gson/gson/src/main/java/com/google/gson/JsonElement.java
129	com.google.gson.JsonElement	isJsonArray()	0	[]		public	false	/home/nima/Developer/nullness-benchmarks/gson/gson/src/main/java/com/google/gson/JsonElement.java
130	com.google.gson.JsonElement	isJsonObject()	0	[]		public	false	/home/nima/Developer/nullness-benchmarks/gson/gson/src/main/java/com/google/gson/JsonElement.java
131	com.google.gson.JsonElement	isJsonPrimitive()	0	[]		public	false	/home/nima/Developer/nullness-benchmarks/gson/gson/src/main/java/com/google/gson/JsonElement.java
132	com.google.gson.JsonElement	isJsonNull()	0	[]		public	false	/home/nima/Developer/nullness-benchmarks/gson/gson/src/main/java/com/google/gson/JsonElement.java
133	com.google.gson.JsonElement	getAsJsonObject()	0	[]		public	true	/home/nima/Developer/nullness-benchmarks/gson/gson/src/main/java/com/google/gson/JsonElement.java
134	com.google.gson.JsonElement	getAsJsonArray()	0	[]		public	true	/home/nima/Developer/nullness-benchmarks/gson/gson/src/main/java/com/google/gson/JsonElement.java
135	com.google.gson.JsonElement	getAsJsonPrimitive()	0	[]		public	true	/home/nima/Developer/nullness-benchmarks/gson/gson/src/main/java/com/google/gson/JsonElement.java
136	com.google.gson.JsonElement	getAsJsonNull()	0	[]		public	true	/home/nima/Developer/nullness-benchmarks/gson/gson/src/main/java/com/google/gson/JsonElement.java
137	com.google.gson.JsonElement	getAsBoolean()	0	[]		public	false	/home/nima/Developer/nullness-benchmarks/gson/gson/src/main/java/com/google/gson/JsonElement.java
138	com.google.gson.JsonElement	getAsNumber()	0	[]		public	true	/home/nima/Developer/nullness-benchmarks/gson/gson/src/main/java/com/google/gson/JsonElement.java
139	com.google.gson.JsonElement	getAsString()	0	[]		public	true	/home/nima/Developer/nullness-benchmarks/gson/gson/src/main/java/com/google/gson/JsonElement.java
140	com.google.gson.JsonElement	getAsDouble()	0	[]		public	false	/home/nima/Developer/nullness-benchmarks/gson/gson/src/main/java/com/google/gson/JsonElement.java
141	com.google.gson.JsonElement	getAsFloat()	0	[]		public	false	/home/nima/Developer/nullness-benchmarks/gson/gson/src/main/java/com/google/gson/JsonElement.java
142	com.google.gson.JsonElement	getAsLong()	0	[]		public	false	/home/nima/Developer/nullness-benchmarks/gson/gson/src/main/java/com/google/gson/JsonElement.java
143	com.google.gson.JsonElement	getAsInt()	0	[]		public	false	/home/nima/Developer/nullness-benchmarks/gson/gson/src/main/java/com/google/gson/JsonElement.java
144	com.google.gson.JsonElement	getAsByte()	0	[]		public	false	/home/nima/Developer/nullness-benchmarks/gson/gson/src/main/java/com/google/gson/JsonElement.java
145	com.google.gson.JsonElement	getAsCharacter()	0	[]	java.lang.Deprecated	public	false	/home/nima/Developer/nullness-benchmarks/gson/gson/src/main/java/com/google/gson/JsonElement.java
146	com.google.gson.JsonElement	getAsBigDecimal()	0	[]		public	true	/home/nima/Developer/nullness-benchmarks/gson/gson/src/main/java/com/google/gson/JsonElement.java
147	com.google.gson.JsonElement	getAsBigInteger()	0	[]		public	true	/home/nima/Developer/nullness-benchmarks/gson/gson/src/main/java/com/google/gson/JsonElement.java
148	com.google.gson.JsonElement	getAsShort()	0	[]		public	false	/home/nima/Developer/nullness-benchmarks/gson/gson/src/main/java/com/google/gson/JsonElement.java
149	com.google.gson.JsonElement	toString()	53	[]	java.lang.Override	public	true	/home/nima/Developer/nullness-benchmarks/gson/gson/src/main/java/com/google/gson/JsonElement.java
150	com.google.gson.JsonObject	deepCopy()	128	[]	java.lang.Override	public	true	/home/nima/Developer/nullness-benchmarks/gson/gson/src/main/java/com/google/gson/JsonObject.java
151	com.google.gson.JsonObject	add(java.lang.String,com.google.gson.JsonElement)	0	[false, false]		public	false	/home/nima/Developer/nullness-benchmarks/gson/gson/src/main/java/com/google/gson/JsonObject.java
152	com.google.gson.JsonObject	remove(java.lang.String)	0	[false]		public	true	/home/nima/Developer/nullness-benchmarks/gson/gson/src/main/java/com/google/gson/JsonObject.java
153	com.google.gson.JsonObject	addProperty(java.lang.String,java.lang.String)	0	[false, false]		public	false	/home/nima/Developer/nullness-benchmarks/gson/gson/src/main/java/com/google/gson/JsonObject.java
154	com.google.gson.JsonObject	addProperty(java.lang.String,java.lang.Number)	0	[false, false]		public	false	/home/nima/Developer/nullness-benchmarks/gson/gson/src/main/java/com/google/gson/JsonObject.java
155	com.google.gson.JsonObject	addProperty(java.lang.String,java.lang.Boolean)	0	[false, false]		public	false	/home/nima/Developer/nullness-benchmarks/gson/gson/src/main/java/com/google/gson/JsonObject.java
156	com.google.gson.JsonObject	addProperty(java.lang.String,java.lang.Character)	0	[false, false]		public	false	/home/nima/Developer/nullness-benchmarks/gson/gson/src/main/java/com/google/gson/JsonObject.java
157	com.google.gson.JsonObject	entrySet()	0	[]		public	true	/home/nima/Developer/nullness-benchmarks/gson/gson/src/main/java/com/google/gson/JsonObject.java
158	com.google.gson.JsonObject	keySet()	0	[]		public	true	/home/nima/Developer/nullness-benchmarks/gson/gson/src/main/java/com/google/gson/JsonObject.java
159	com.google.gson.JsonObject	size()	0	[]		public	false	/home/nima/Developer/nullness-benchmarks/gson/gson/src/main/java/com/google/gson/JsonObject.java
160	com.google.gson.JsonObject	has(java.lang.String)	0	[false]		public	false	/home/nima/Developer/nullness-benchmarks/gson/gson/src/main/java/com/google/gson/JsonObject.java
161	com.google.gson.JsonObject	get(java.lang.String)	0	[false]		public	true	/home/nima/Developer/nullness-benchmarks/gson/gson/src/main/java/com/google/gson/JsonObject.java
162	com.google.gson.JsonObject	getAsJsonPrimitive(java.lang.String)	0	[false]		public	true	/home/nima/Developer/nullness-benchmarks/gson/gson/src/main/java/com/google/gson/JsonObject.java
163	com.google.gson.JsonObject	getAsJsonArray(java.lang.String)	0	[false]		public	true	/home/nima/Developer/nullness-benchmarks/gson/gson/src/main/java/com/google/gson/JsonObject.java
164	com.google.gson.JsonObject	getAsJsonObject(java.lang.String)	0	[false]		public	true	/home/nima/Developer/nullness-benchmarks/gson/gson/src/main/java/com/google/gson/JsonObject.java
165	com.google.gson.JsonObject	equals(java.lang.Object)	166	[false]	java.lang.Override	public	false	/home/nima/Developer/nullness-benchmarks/gson/gson/src/main/java/com/google/gson/JsonObject.java
167	com.google.gson.JsonObject	hashCode()	168	[]	java.lang.Override	public	false	/home/nima/Developer/nullness-benchmarks/gson/gson/src/main/java/com/google/gson/JsonObject.java
169	com.google.gson.JsonArray	JsonArray()	0	[]		public	false	/home/nima/Developer/nullness-benchmarks/gson/gson/src/main/java/com/google/gson/JsonArray.java
170	com.google.gson.JsonArray	JsonArray(int)	0	[false]		public	false	/home/nima/Developer/nullness-benchmarks/gson/gson/src/main/java/com/google/gson/JsonArray.java
171	com.google.gson.JsonArray	deepCopy()	128	[]	java.lang.Override	public	true	/home/nima/Developer/nullness-benchmarks/gson/gson/src/main/java/com/google/gson/JsonArray.java
172	com.google.gson.JsonArray	add(java.lang.Boolean)	0	[false]		public	false	/home/nima/Developer/nullness-benchmarks/gson/gson/src/main/java/com/google/gson/JsonArray.java
173	com.google.gson.JsonArray	add(java.lang.Character)	0	[false]		public	false	/home/nima/Developer/nullness-benchmarks/gson/gson/src/main/java/com/google/gson/JsonArray.java
174	com.google.gson.JsonArray	add(java.lang.Number)	0	[false]		public	false	/home/nima/Developer/nullness-benchmarks/gson/gson/src/main/java/com/google/gson/JsonArray.java
175	com.google.gson.JsonArray	add(java.lang.String)	0	[false]		public	false	/home/nima/Developer/nullness-benchmarks/gson/gson/src/main/java/com/google/gson/JsonArray.java
176	com.google.gson.JsonArray	add(com.google.gson.JsonElement)	0	[false]		public	false	/home/nima/Developer/nullness-benchmarks/gson/gson/src/main/java/com/google/gson/JsonArray.java
177	com.google.gson.JsonArray	addAll(com.google.gson.JsonArray)	0	[false]		public	false	/home/nima/Developer/nullness-benchmarks/gson/gson/src/main/java/com/google/gson/JsonArray.java
178	com.google.gson.JsonArray	set(int,com.google.gson.JsonElement)	0	[false, false]		public	true	/home/nima/Developer/nullness-benchmarks/gson/gson/src/main/java/com/google/gson/JsonArray.java
179	com.google.gson.JsonArray	remove(com.google.gson.JsonElement)	0	[false]		public	false	/home/nima/Developer/nullness-benchmarks/gson/gson/src/main/java/com/google/gson/JsonArray.java
180	com.google.gson.JsonArray	remove(int)	0	[false]		public	true	/home/nima/Developer/nullness-benchmarks/gson/gson/src/main/java/com/google/gson/JsonArray.java
181	com.google.gson.JsonArray	contains(com.google.gson.JsonElement)	0	[false]		public	false	/home/nima/Developer/nullness-benchmarks/gson/gson/src/main/java/com/google/gson/JsonArray.java
182	com.google.gson.JsonArray	size()	0	[]		public	false	/home/nima/Developer/nullness-benchmarks/gson/gson/src/main/java/com/google/gson/JsonArray.java
183	com.google.gson.JsonArray	isEmpty()	0	[]		public	false	/home/nima/Developer/nullness-benchmarks/gson/gson/src/main/java/com/google/gson/JsonArray.java
184	com.google.gson.JsonArray	iterator()	185	[]		public	true	/home/nima/Developer/nullness-benchmarks/gson/gson/src/main/java/com/google/gson/JsonArray.java
186	com.google.gson.JsonArray	get(int)	0	[false]		public	true	/home/nima/Developer/nullness-benchmarks/gson/gson/src/main/java/com/google/gson/JsonArray.java
187	com.google.gson.JsonArray	getAsNumber()	138	[]	java.lang.Override	public	true	/home/nima/Developer/nullness-benchmarks/gson/gson/src/main/java/com/google/gson/JsonArray.java
188	com.google.gson.JsonArray	getAsString()	139	[]	java.lang.Override	public	true	/home/nima/Developer/nullness-benchmarks/gson/gson/src/main/java/com/google/gson/JsonArray.java
189	com.google.gson.JsonArray	getAsDouble()	140	[]	java.lang.Override	public	false	/home/nima/Developer/nullness-benchmarks/gson/gson/src/main/java/com/google/gson/JsonArray.java
190	com.google.gson.JsonArray	getAsBigDecimal()	146	[]	java.lang.Override	public	true	/home/nima/Developer/nullness-benchmarks/gson/gson/src/main/java/com/google/gson/JsonArray.java
191	com.google.gson.JsonArray	getAsBigInteger()	147	[]	java.lang.Override	public	true	/home/nima/Developer/nullness-benchmarks/gson/gson/src/main/java/com/google/gson/JsonArray.java
192	com.google.gson.JsonArray	getAsFloat()	141	[]	java.lang.Override	public	false	/home/nima/Developer/nullness-benchmarks/gson/gson/src/main/java/com/google/gson/JsonArray.java
193	com.google.gson.JsonArray	getAsLong()	142	[]	java.lang.Override	public	false	/home/nima/Developer/nullness-benchmarks/gson/gson/src/main/java/com/google/gson/JsonArray.java
194	com.google.gson.JsonArray	getAsInt()	143	[]	java.lang.Override	public	false	/home/nima/Developer/nullness-benchmarks/gson/gson/src/main/java/com/google/gson/JsonArray.java
195	com.google.gson.JsonArray	getAsByte()	144	[]	java.lang.Override	public	false	/home/nima/Developer/nullness-benchmarks/gson/gson/src/main/java/com/google/gson/JsonArray.java
196	com.google.gson.JsonArray	getAsCharacter()	145	[]	java.lang.Override	public	false	/home/nima/Developer/nullness-benchmarks/gson/gson/src/main/java/com/google/gson/JsonArray.java
197	com.google.gson.JsonArray	getAsShort()	148	[]	java.lang.Override	public	false	/home/nima/Developer/nullness-benchmarks/gson/gson/src/main/java/com/google/gson/JsonArray.java
198	com.google.gson.JsonArray	getAsBoolean()	137	[]	java.lang.Override	public	false	/home/nima/Developer/nullness-benchmarks/gson/gson/src/main/java/com/google/gson/JsonArray.java
199	com.google.gson.JsonArray	equals(java.lang.Object)	166	[false]	java.lang.Override	public	false	/home/nima/Developer/nullness-benchmarks/gson/gson/src/main/java/com/google/gson/JsonArray.java
200	com.google.gson.JsonArray	hashCode()	168	[]	java.lang.Override	public	false	/home/nima/Developer/nullness-benchmarks/gson/gson/src/main/java/com/google/gson/JsonArray.java
201	com.google.gson.JsonPrimitive	JsonPrimitive(java.lang.Boolean)	0	[false]		public	false	/home/nima/Developer/nullness-benchmarks/gson/gson/src/main/java/com/google/gson/JsonPrimitive.java
202	com.google.gson.JsonPrimitive	JsonPrimitive(java.lang.Number)	0	[false]		public	false	/home/nima/Developer/nullness-benchmarks/gson/gson/src/main/java/com/google/gson/JsonPrimitive.java
203	com.google.gson.JsonPrimitive	JsonPrimitive(java.lang.String)	0	[false]		public	false	/home/nima/Developer/nullness-benchmarks/gson/gson/src/main/java/com/google/gson/JsonPrimitive.java
204	com.google.gson.JsonPrimitive	JsonPrimitive(java.lang.Character)	0	[false]		public	false	/home/nima/Developer/nullness-benchmarks/gson/gson/src/main/java/com/google/gson/JsonPrimitive.java
205	com.google.gson.JsonPrimitive	deepCopy()	128	[]	java.lang.Override	public	true	/home/nima/Developer/nullness-benchmarks/gson/gson/src/main/java/com/google/gson/JsonPrimitive.java
206	com.google.gson.JsonPrimitive	isBoolean()	0	[]		public	false	/home/nima/Developer/nullness-benchmarks/gson/gson/src/main/java/com/google/gson/JsonPrimitive.java
207	com.google.gson.JsonPrimitive	getAsBoolean()	137	[]	java.lang.Override	public	false	/home/nima/Developer/nullness-benchmarks/gson/gson/src/main/java/com/google/gson/JsonPrimitive.java
208	com.google.gson.JsonPrimitive	isNumber()	0	[]		public	false	/home/nima/Developer/nullness-benchmarks/gson/gson/src/main/java/com/google/gson/JsonPrimitive.java
209	com.google.gson.JsonPrimitive	getAsNumber()	138	[]	java.lang.Override	public	true	/home/nima/Developer/nullness-benchmarks/gson/gson/src/main/java/com/google/gson/JsonPrimitive.java
210	com.google.gson.JsonPrimitive	isString()	0	[]		public	false	/home/nima/Developer/nullness-benchmarks/gson/gson/src/main/java/com/google/gson/JsonPrimitive.java
211	com.google.gson.JsonPrimitive	getAsString()	139	[]	java.lang.Override	public	true	/home/nima/Developer/nullness-benchmarks/gson/gson/src/main/java/com/google/gson/JsonPrimitive.java
212	com.google.gson.JsonPrimitive	getAsDouble()	140	[]	java.lang.Override	public	false	/home/nima/Developer/nullness-benchmarks/gson/gson/src/main/java/com/google/gson/JsonPrimitive.java
213	com.google.gson.JsonPrimitive	getAsBigDecimal()	146	[]	java.lang.Override	public	true	/home/nima/Developer/nullness-benchmarks/gson/gson/src/main/java/com/google/gson/JsonPrimitive.java
214	com.google.gson.JsonPrimitive	getAsBigInteger()	147	[]	java.lang.Override	public	true	/home/nima/Developer/nullness-benchmarks/gson/gson/src/main/java/com/google/gson/JsonPrimitive.java
215	com.google.gson.JsonPrimitive	getAsFloat()	141	[]	java.lang.Override	public	false	/home/nima/Developer/nullness-benchmarks/gson/gson/src/main/java/com/google/gson/JsonPrimitive.java
216	com.google.gson.JsonPrimitive	getAsLong()	142	[]	java.lang.Override	public	false	/home/nima/Developer/nullness-benchmarks/gson/gson/src/main/java/com/google/gson/JsonPrimitive.java
217	com.google.gson.JsonPrimitive	getAsShort()	148	[]	java.lang.Override	public	false	/home/nima/Developer/nullness-benchmarks/gson/gson/src/main/java/com/google/gson/JsonPrimitive.java
218	com.google.gson.JsonPrimitive	getAsInt()	143	[]	java.lang.Override	public	false	/home/nima/Developer/nullness-benchmarks/gson/gson/src/main/java/com/google/gson/JsonPrimitive.java
219	com.google.gson.JsonPrimitive	getAsByte()	144	[]	java.lang.Override	public	false	/home/nima/Developer/nullness-benchmarks/gson/gson/src/main/java/com/google/gson/JsonPrimitive.java
220	com.google.gson.JsonPrimitive	getAsCharacter()	145	[]	java.lang.Override	public	false	/home/nima/Developer/nullness-benchmarks/gson/gson/src/main/java/com/google/gson/JsonPrimitive.java
221	com.google.gson.JsonPrimitive	hashCode()	168	[]	java.lang.Override	public	false	/home/nima/Developer/nullness-benchmarks/gson/gson/src/main/java/com/google/gson/JsonPrimitive.java
222	com.google.gson.JsonPrimitive	equals(java.lang.Object)	166	[false]	java.lang.Override	public	false	/home/nima/Developer/nullness-benchmarks/gson/gson/src/main/java/com/google/gson/JsonPrimitive.java
223	com.google.gson.JsonPrimitive	isIntegral(com.google.gson.JsonPrimitive)	0	[false]		private	false	/home/nima/Developer/nullness-benchmarks/gson/gson/src/main/java/com/google/gson/JsonPrimitive.java
224	com.google.gson.JsonNull	JsonNull()	0	[]	java.lang.Deprecated	public	false	/home/nima/Developer/nullness-benchmarks/gson/gson/src/main/java/com/google/gson/JsonNull.java
225	com.google.gson.JsonNull	deepCopy()	128	[]	java.lang.Override	public	true	/home/nima/Developer/nullness-benchmarks/gson/gson/src/main/java/com/google/gson/JsonNull.java
226	com.google.gson.JsonNull	hashCode()	168	[]	java.lang.Override	public	false	/home/nima/Developer/nullness-benchmarks/gson/gson/src/main/java/com/google/gson/JsonNull.java
227	com.google.gson.JsonNull	equals(java.lang.Object)	166	[false]	java.lang.Override	public	false	/home/nima/Developer/nullness-benchmarks/gson/gson/src/main/java/com/google/gson/JsonNull.java
228	com.google.gson.internal.LinkedTreeMap$1	compare(java.lang.Comparable,java.lang.Comparable)	229	[false, false]		public	false	/home/nima/Developer/nullness-benchmarks/gson/gson/src/main/java/com/google/gson/internal/LinkedTreeMap.java
230	com.google.gson.internal.LinkedTreeMap	LinkedTreeMap()	0	[]	java.lang.SuppressWarnings	public	false	/home/nima/Developer/nullness-benchmarks/gson/gson/src/main/java/com/google/gson/internal/LinkedTreeMap.java
231	com.google.gson.internal.LinkedTreeMap	LinkedTreeMap(java.util.Comparator)	0	[false]	java.lang.SuppressWarnings	public	false	/home/nima/Developer/nullness-benchmarks/gson/gson/src/main/java/com/google/gson/internal/LinkedTreeMap.java
232	com.google.gson.internal.LinkedTreeMap	size()	233	[]	java.lang.Override	public	false	/home/nima/Developer/nullness-benchmarks/gson/gson/src/main/java/com/google/gson/internal/LinkedTreeMap.java
234	com.google.gson.internal.LinkedTreeMap	get(java.lang.Object)	235	[false]	java.lang.Override	public	true	/home/nima/Developer/nullness-benchmarks/gson/gson/src/main/java/com/google/gson/internal/LinkedTreeMap.java
236	com.google.gson.internal.LinkedTreeMap	containsKey(java.lang.Object)	237	[false]	java.lang.Override	public	false	/home/nima/Developer/nullness-benchmarks/gson/gson/src/main/java/com/google/gson/internal/LinkedTreeMap.java
238	com.google.gson.internal.LinkedTreeMap	put(K,V)	239	[false, false]	java.lang.Override	public	true	/home/nima/Developer/nullness-benchmarks/gson/gson/src/main/java/com/google/gson/internal/LinkedTreeMap.java
240	com.google.gson.internal.LinkedTreeMap	clear()	241	[]	java.lang.Override	public	false	/home/nima/Developer/nullness-benchmarks/gson/gson/src/main/java/com/google/gson/internal/LinkedTreeMap.java
242	com.google.gson.internal.LinkedTreeMap	remove(java.lang.Object)	243	[false]	java.lang.Override	public	true	/home/nima/Developer/nullness-benchmarks/gson/gson/src/main/java/com/google/gson/internal/LinkedTreeMap.java
244	com.google.gson.internal.LinkedTreeMap	find(K,boolean)	0	[false, false]		package	true	/home/nima/Developer/nullness-benchmarks/gson/gson/src/main/java/com/google/gson/internal/LinkedTreeMap.java
245	com.google.gson.internal.LinkedTreeMap	findByObject(java.lang.Object)	0	[false]	java.lang.SuppressWarnings	package	true	/home/nima/Developer/nullness-benchmarks/gson/gson/src/main/java/com/google/gson/internal/LinkedTreeMap.java
246	com.google.gson.internal.LinkedTreeMap	findByEntry(java.util.Map.Entry)	0	[false]		package	true	/home/nima/Developer/nullness-benchmarks/gson/gson/src/main/java/com/google/gson/internal/LinkedTreeMap.java
247	com.google.gson.internal.LinkedTreeMap	equal(java.lang.Object,java.lang.Object)	0	[false, false]		private	false	/home/nima/Developer/nullness-benchmarks/gson/gson/src/main/java/com/google/gson/internal/LinkedTreeMap.java
248	com.google.gson.internal.LinkedTreeMap	removeInternal(com.google.gson.internal.LinkedTreeMap.Node,boolean)	0	[false, false]		package	false	/home/nima/Developer/nullness-benchmarks/gson/gson/src/main/java/com/google/gson/internal/LinkedTreeMap.java
249	com.google.gson.internal.LinkedTreeMap	removeInternalByKey(java.lang.Object)	0	[false]		package	true	/home/nima/Developer/nullness-benchmarks/gson/gson/src/main/java/com/google/gson/internal/LinkedTreeMap.java
250	com.google.gson.internal.LinkedTreeMap	replaceInParent(com.google.gson.internal.LinkedTreeMap.Node,com.google.gson.internal.LinkedTreeMap.Node)	0	[false, false]		private	false	/home/nima/Developer/nullness-benchmarks/gson/gson/src/main/java/com/google/gson/internal/LinkedTreeMap.java
251	com.google.gson.internal.LinkedTreeMap	rebalance(com.google.gson.internal.LinkedTreeMap.Node,boolean)	0	[false, false]		private	false	/home/nima/Developer/nullness-benchmarks/gson/gson/src/main/java/com/google/gson/internal/LinkedTreeMap.java
252	com.google.gson.internal.LinkedTreeMap	rotateLeft(com.google.gson.internal.LinkedTreeMap.Node)	0	[false]		private	false	/home/nima/Developer/nullness-benchmarks/gson/gson/src/main/java/com/google/gson/internal/LinkedTreeMap.java
253	com.google.gson.internal.LinkedTreeMap	rotateRight(com.google.gson.internal.LinkedTreeMap.Node)	0	[false]		private	false	/home/nima/Developer/nullness-benchmarks/gson/gson/src/main/java/com/google/gson/internal/LinkedTreeMap.java
254	com.google.gson.internal.LinkedTreeMap	entrySet()	255	[]	java.lang.Override	public	true	/home/nima/Developer/nullness-benchmarks/gson/gson/src/main/java/com/google/gson/internal/LinkedTreeMap.java
256	com.google.gson.internal.LinkedTreeMap	keySet()	257	[]	java.lang.Override	public	true	/home/nima/Developer/nullness-benchmarks/gson/gson/src/main/java/com/google/gson/internal/LinkedTreeMap.java
258	com.google.gson.internal.LinkedTreeMap$Node	Node()	0	[]		package	false	/home/nima/Developer/nullness-benchmarks/gson/gson/src/main/java/com/google/gson/internal/LinkedTreeMap.java
259	com.google.gson.internal.LinkedTreeMap$Node	Node(com.google.gson.internal.LinkedTreeMap.Node,K,com.google.gson.internal.LinkedTreeMap.Node,com.google.gson.internal.LinkedTreeMap.Node)	0	[false, false, false, false]		package	false	/home/nima/Developer/nullness-benchmarks/gson/gson/src/main/java/com/google/gson/internal/LinkedTreeMap.java
260	com.google.gson.internal.LinkedTreeMap$Node	getKey()	261	[]		public	true	/home/nima/Developer/nullness-benchmarks/gson/gson/src/main/java/com/google/gson/internal/LinkedTreeMap.java
262	com.google.gson.internal.LinkedTreeMap$Node	getValue()	263	[]		public	true	/home/nima/Developer/nullness-benchmarks/gson/gson/src/main/java/com/google/gson/internal/LinkedTreeMap.java
264	com.google.gson.internal.LinkedTreeMap$Node	setValue(V)	265	[false]		public	true	/home/nima/Developer/nullness-benchmarks/gson/gson/src/main/java/com/google/gson/internal/LinkedTreeMap.java
266	com.google.gson.internal.LinkedTreeMap$Node	equals(java.lang.Object)	267	[false]	java.lang.SuppressWarnings,java.lang.Override	public	false	/home/nima/Developer/nullness-benchmarks/gson/gson/src/main/java/com/google/gson/internal/LinkedTreeMap.java
268	com.google.gson.internal.LinkedTreeMap$Node	hashCode()	269	[]	java.lang.Override	public	false	/home/nima/Developer/nullness-benchmarks/gson/gson/src/main/java/com/google/gson/internal/LinkedTreeMap.java
270	com.google.gson.internal.LinkedTreeMap$Node	toString()	53	[]	java.lang.Override	public	true	/home/nima/Developer/nullness-benchmarks/gson/gson/src/main/java/com/google/gson/internal/LinkedTreeMap.java
271	com.google.gson.internal.LinkedTreeMap$Node	first()	0	[]		public	true	/home/nima/Developer/nullness-benchmarks/gson/gson/src/main/java/com/google/gson/internal/LinkedTreeMap.java
272	com.google.gson.internal.LinkedTreeMap$Node	last()	0	[]		public	true	/home/nima/Developer/nullness-benchmarks/gson/gson/src/main/java/com/google/gson/internal/LinkedTreeMap.java
273	com.google.gson.internal.LinkedTreeMap$LinkedTreeMapIterator	LinkedTreeMapIterator()	0	[]		package	false	/home/nima/Developer/nullness-benchmarks/gson/gson/src/main/java/com/google/gson/internal/LinkedTreeMap.java
274	com.google.gson.internal.LinkedTreeMap$LinkedTreeMapIterator	hasNext()	275	[]		public	false	/home/nima/Developer/nullness-benchmarks/gson/gson/src/main/java/com/google/gson/internal/LinkedTreeMap.java
276	com.google.gson.internal.LinkedTreeMap$LinkedTreeMapIterator	nextNode()	0	[]		package	true	/home/nima/Developer/nullness-benchmarks/gson/gson/src/main/java/com/google/gson/internal/LinkedTreeMap.java
277	com.google.gson.internal.LinkedTreeMap$LinkedTreeMapIterator	remove()	278	[]		public	false	/home/nima/Developer/nullness-benchmarks/gson/gson/src/main/java/com/google/gson/internal/LinkedTreeMap.java
279	com.google.gson.internal.LinkedTreeMap$EntrySet	size()	280	[]	java.lang.Override	public	false	/home/nima/Developer/nullness-benchmarks/gson/gson/src/main/java/com/google/gson/internal/LinkedTreeMap.java
281	com.google.gson.internal.LinkedTreeMap$EntrySet	iterator()	282	[]	java.lang.Override	public	true	/home/nima/Developer/nullness-benchmarks/gson/gson/src/main/java/com/google/gson/internal/LinkedTreeMap.java
283	com.google.gson.internal.LinkedTreeMap$EntrySet$1	next()	284	[]		public	true	/home/nima/Developer/nullness-benchmarks/gson/gson/src/main/java/com/google/gson/internal/LinkedTreeMap.java
285	com.google.gson.internal.LinkedTreeMap$EntrySet	contains(java.lang.Object)	286	[false]	java.lang.Override	public	false	/home/nima/Developer/nullness-benchmarks/gson/gson/src/main/java/com/google/gson/internal/LinkedTreeMap.java
287	com.google.gson.internal.LinkedTreeMap$EntrySet	remove(java.lang.Object)	288	[false]	java.lang.Override	public	false	/home/nima/Developer/nullness-benchmarks/gson/gson/src/main/java/com/google/gson/internal/LinkedTreeMap.java
289	com.google.gson.internal.LinkedTreeMap$EntrySet	clear()	290	[]	java.lang.Override	public	false	/home/nima/Developer/nullness-benchmarks/gson/gson/src/main/java/com/google/gson/internal/LinkedTreeMap.java
291	com.google.gson.internal.LinkedTreeMap$KeySet	size()	280	[]	java.lang.Override	public	false	/home/nima/Developer/nullness-benchmarks/gson/gson/src/main/java/com/google/gson/internal/LinkedTreeMap.java
292	com.google.gson.internal.LinkedTreeMap$KeySet	iterator()	282	[]	java.lang.Override	public	true	/home/nima/Developer/nullness-benchmarks/gson/gson/src/main/java/com/google/gson/internal/LinkedTreeMap.java
293	com.google.gson.internal.LinkedTreeMap$KeySet$1	next()	284	[]		public	true	/home/nima/Developer/nullness-benchmarks/gson/gson/src/main/java/com/google/gson/internal/LinkedTreeMap.java
294	com.google.gson.internal.LinkedTreeMap$KeySet	contains(java.lang.Object)	286	[false]	java.lang.Override	public	false	/home/nima/Developer/nullness-benchmarks/gson/gson/src/main/java/com/google/gson/internal/LinkedTreeMap.java
295	com.google.gson.internal.LinkedTreeMap$KeySet	remove(java.lang.Object)	288	[false]	java.lang.Override	public	false	/home/nima/Developer/nullness-benchmarks/gson/gson/src/main/java/com/google/gson/internal/LinkedTreeMap.java
296	com.google.gson.internal.LinkedTreeMap$KeySet	clear()	290	[]	java.lang.Override	public	false	/home/nima/Developer/nullness-benchmarks/gson/gson/src/main/java/com/google/gson/internal/LinkedTreeMap.java
297	com.google.gson.internal.LinkedTreeMap	writeReplace()	0	[]		private	true	/home/nima/Developer/nullness-benchmarks/gson/gson/src/main/java/com/google/gson/internal/LinkedTreeMap.java
298	com.google.gson.reflect.TypeToken	TypeToken()	0	[]	java.lang.SuppressWarnings	protected	false	/home/nima/Developer/nullness-benchmarks/gson/gson/src/main/java/com/google/gson/reflect/TypeToken.java
299	com.google.gson.reflect.TypeToken	TypeToken(java.lang.reflect.Type)	0	[false]	java.lang.SuppressWarnings	package	false	/home/nima/Developer/nullness-benchmarks/gson/gson/src/main/java/com/google/gson/reflect/TypeToken.java
300	com.google.gson.reflect.TypeToken	getSuperclassTypeParameter(java.lang.Class)	0	[false]		package	true	/home/nima/Developer/nullness-benchmarks/gson/gson/src/main/java/com/google/gson/reflect/TypeToken.java
301	com.google.gson.reflect.TypeToken	getRawType()	0	[]		public	true	/home/nima/Developer/nullness-benchmarks/gson/gson/src/main/java/com/google/gson/reflect/TypeToken.java
302	com.google.gson.reflect.TypeToken	getType()	0	[]		public	true	/home/nima/Developer/nullness-benchmarks/gson/gson/src/main/java/com/google/gson/reflect/TypeToken.java
303	com.google.gson.reflect.TypeToken	isAssignableFrom(java.lang.Class)	0	[false]	java.lang.Deprecated	public	false	/home/nima/Developer/nullness-benchmarks/gson/gson/src/main/java/com/google/gson/reflect/TypeToken.java
304	com.google.gson.reflect.TypeToken	isAssignableFrom(java.lang.reflect.Type)	0	[false]	java.lang.Deprecated	public	false	/home/nima/Developer/nullness-benchmarks/gson/gson/src/main/java/com/google/gson/reflect/TypeToken.java
305	com.google.gson.reflect.TypeToken	isAssignableFrom(com.google.gson.reflect.TypeToken)	0	[false]	java.lang.Deprecated	public	false	/home/nima/Developer/nullness-benchmarks/gson/gson/src/main/java/com/google/gson/reflect/TypeToken.java
306	com.google.gson.reflect.TypeToken	isAssignableFrom(java.lang.reflect.Type,java.lang.reflect.GenericArrayType)	0	[false, false]		private	false	/home/nima/Developer/nullness-benchmarks/gson/gson/src/main/java/com/google/gson/reflect/TypeToken.java
307	com.google.gson.reflect.TypeToken	isAssignableFrom(java.lang.reflect.Type,java.lang.reflect.ParameterizedType,java.util.Map)	0	[false, false, false]		private	false	/home/nima/Developer/nullness-benchmarks/gson/gson/src/main/java/com/google/gson/reflect/TypeToken.java
308	com.google.gson.reflect.TypeToken	typeEquals(java.lang.reflect.ParameterizedType,java.lang.reflect.ParameterizedType,java.util.Map)	0	[false, false, false]		private	false	/home/nima/Developer/nullness-benchmarks/gson/gson/src/main/java/com/google/gson/reflect/TypeToken.java
309	com.google.gson.reflect.TypeToken	buildUnexpectedTypeError(java.lang.reflect.Type,java.lang.Class[])	0	[false, false]		private	true	/home/nima/Developer/nullness-benchmarks/gson/gson/src/main/java/com/google/gson/reflect/TypeToken.java
310	com.google.gson.reflect.TypeToken	matches(java.lang.reflect.Type,java.lang.reflect.Type,java.util.Map)	0	[false, false, false]		private	false	/home/nima/Developer/nullness-benchmarks/gson/gson/src/main/java/com/google/gson/reflect/TypeToken.java
311	com.google.gson.reflect.TypeToken	hashCode()	168	[]	java.lang.Override	public	false	/home/nima/Developer/nullness-benchmarks/gson/gson/src/main/java/com/google/gson/reflect/TypeToken.java
312	com.google.gson.reflect.TypeToken	equals(java.lang.Object)	166	[false]	java.lang.Override	public	false	/home/nima/Developer/nullness-benchmarks/gson/gson/src/main/java/com/google/gson/reflect/TypeToken.java
313	com.google.gson.reflect.TypeToken	toString()	53	[]	java.lang.Override	public	true	/home/nima/Developer/nullness-benchmarks/gson/gson/src/main/java/com/google/gson/reflect/TypeToken.java
314	com.google.gson.reflect.TypeToken	get(java.lang.reflect.Type)	0	[false]		public	true	/home/nima/Developer/nullness-benchmarks/gson/gson/src/main/java/com/google/gson/reflect/TypeToken.java
315	com.google.gson.reflect.TypeToken	get(java.lang.Class)	0	[false]		public	true	/home/nima/Developer/nullness-benchmarks/gson/gson/src/main/java/com/google/gson/reflect/TypeToken.java
316	com.google.gson.reflect.TypeToken	getParameterized(java.lang.reflect.Type,java.lang.reflect.Type[])	0	[false, false]		public	true	/home/nima/Developer/nullness-benchmarks/gson/gson/src/main/java/com/google/gson/reflect/TypeToken.java
317	com.google.gson.reflect.TypeToken	getArray(java.lang.reflect.Type)	0	[false]		public	true	/home/nima/Developer/nullness-benchmarks/gson/gson/src/main/java/com/google/gson/reflect/TypeToken.java
12	com.google.gson.TypeAdapter	write(com.google.gson.stream.JsonWriter,T)	0	[false, false]		public	false	/home/nima/Developer/nullness-benchmarks/gson/gson/src/main/java/com/google/gson/TypeAdapter.java
318	com.google.gson.TypeAdapter	toJson(java.io.Writer,T)	0	[false, false]		public	false	/home/nima/Developer/nullness-benchmarks/gson/gson/src/main/java/com/google/gson/TypeAdapter.java
319	com.google.gson.TypeAdapter	nullSafe()	0	[]		public	true	/home/nima/Developer/nullness-benchmarks/gson/gson/src/main/java/com/google/gson/TypeAdapter.java
320	com.google.gson.TypeAdapter$1	write(com.google.gson.stream.JsonWriter,T)	12	[false, false]	java.lang.Override	public	false	/home/nima/Developer/nullness-benchmarks/gson/gson/src/main/java/com/google/gson/TypeAdapter.java
321	com.google.gson.TypeAdapter$1	read(com.google.gson.stream.JsonReader)	10	[false]	java.lang.Override	public	true	/home/nima/Developer/nullness-benchmarks/gson/gson/src/main/java/com/google/gson/TypeAdapter.java
322	com.google.gson.TypeAdapter	toJson(T)	0	[false]		public	true	/home/nima/Developer/nullness-benchmarks/gson/gson/src/main/java/com/google/gson/TypeAdapter.java
323	com.google.gson.TypeAdapter	toJsonTree(T)	0	[false]		public	true	/home/nima/Developer/nullness-benchmarks/gson/gson/src/main/java/com/google/gson/TypeAdapter.java
10	com.google.gson.TypeAdapter	read(com.google.gson.stream.JsonReader)	0	[false]		public	true	/home/nima/Developer/nullness-benchmarks/gson/gson/src/main/java/com/google/gson/TypeAdapter.java
324	com.google.gson.TypeAdapter	fromJson(java.io.Reader)	0	[false]		public	true	/home/nima/Developer/nullness-benchmarks/gson/gson/src/main/java/com/google/gson/TypeAdapter.java
325	com.google.gson.TypeAdapter	fromJson(java.lang.String)	0	[false]		public	true	/home/nima/Developer/nullness-benchmarks/gson/gson/src/main/java/com/google/gson/TypeAdapter.java
326	com.google.gson.TypeAdapter	fromJsonTree(com.google.gson.JsonElement)	0	[false]		public	true	/home/nima/Developer/nullness-benchmarks/gson/gson/src/main/java/com/google/gson/TypeAdapter.java
327	com.google.gson.annotations.Since	value()	0	[]		public	false	/home/nima/Developer/nullness-benchmarks/gson/gson/src/main/java/com/google/gson/annotations/Since.java
328	com.google.gson.annotations.Until	value()	0	[]		public	false	/home/nima/Developer/nullness-benchmarks/gson/gson/src/main/java/com/google/gson/annotations/Until.java
329	com.google.gson.stream.JsonWriter	JsonWriter(java.io.Writer)	0	[false]		public	false	/home/nima/Developer/nullness-benchmarks/gson/gson/src/main/java/com/google/gson/stream/JsonWriter.java
330	com.google.gson.stream.JsonWriter	setIndent(java.lang.String)	0	[false]		public	false	/home/nima/Developer/nullness-benchmarks/gson/gson/src/main/java/com/google/gson/stream/JsonWriter.java
331	com.google.gson.stream.JsonWriter	setLenient(boolean)	0	[false]		public	false	/home/nima/Developer/nullness-benchmarks/gson/gson/src/main/java/com/google/gson/stream/JsonWriter.java
332	com.google.gson.stream.JsonWriter	isLenient()	0	[]		public	false	/home/nima/Developer/nullness-benchmarks/gson/gson/src/main/java/com/google/gson/stream/JsonWriter.java
333	com.google.gson.stream.JsonWriter	setHtmlSafe(boolean)	0	[false]		public	false	/home/nima/Developer/nullness-benchmarks/gson/gson/src/main/java/com/google/gson/stream/JsonWriter.java
334	com.google.gson.stream.JsonWriter	isHtmlSafe()	0	[]		public	false	/home/nima/Developer/nullness-benchmarks/gson/gson/src/main/java/com/google/gson/stream/JsonWriter.java
335	com.google.gson.stream.JsonWriter	setSerializeNulls(boolean)	0	[false]		public	false	/home/nima/Developer/nullness-benchmarks/gson/gson/src/main/java/com/google/gson/stream/JsonWriter.java
336	com.google.gson.stream.JsonWriter	getSerializeNulls()	0	[]		public	false	/home/nima/Developer/nullness-benchmarks/gson/gson/src/main/java/com/google/gson/stream/JsonWriter.java
337	com.google.gson.stream.JsonWriter	beginArray()	0	[]		public	true	/home/nima/Developer/nullness-benchmarks/gson/gson/src/main/java/com/google/gson/stream/JsonWriter.java
338	com.google.gson.stream.JsonWriter	endArray()	0	[]		public	true	/home/nima/Developer/nullness-benchmarks/gson/gson/src/main/java/com/google/gson/stream/JsonWriter.java
339	com.google.gson.stream.JsonWriter	beginObject()	0	[]		public	true	/home/nima/Developer/nullness-benchmarks/gson/gson/src/main/java/com/google/gson/stream/JsonWriter.java
340	com.google.gson.stream.JsonWriter	endObject()	0	[]		public	true	/home/nima/Developer/nullness-benchmarks/gson/gson/src/main/java/com/google/gson/stream/JsonWriter.java
341	com.google.gson.stream.JsonWriter	open(int,char)	0	[false, false]		private	true	/home/nima/Developer/nullness-benchmarks/gson/gson/src/main/java/com/google/gson/stream/JsonWriter.java
342	com.google.gson.stream.JsonWriter	close(int,int,char)	0	[false, false, false]		private	true	/home/nima/Developer/nullness-benchmarks/gson/gson/src/main/java/com/google/gson/stream/JsonWriter.java
343	com.google.gson.stream.JsonWriter	push(int)	0	[false]		private	false	/home/nima/Developer/nullness-benchmarks/gson/gson/src/main/java/com/google/gson/stream/JsonWriter.java
344	com.google.gson.stream.JsonWriter	peek()	0	[]		private	false	/home/nima/Developer/nullness-benchmarks/gson/gson/src/main/java/com/google/gson/stream/JsonWriter.java
345	com.google.gson.stream.JsonWriter	replaceTop(int)	0	[false]		private	false	/home/nima/Developer/nullness-benchmarks/gson/gson/src/main/java/com/google/gson/stream/JsonWriter.java
346	com.google.gson.stream.JsonWriter	name(java.lang.String)	0	[false]		public	true	/home/nima/Developer/nullness-benchmarks/gson/gson/src/main/java/com/google/gson/stream/JsonWriter.java
347	com.google.gson.stream.JsonWriter	writeDeferredName()	0	[]		private	false	/home/nima/Developer/nullness-benchmarks/gson/gson/src/main/java/com/google/gson/stream/JsonWriter.java
348	com.google.gson.stream.JsonWriter	value(java.lang.String)	0	[false]		public	true	/home/nima/Developer/nullness-benchmarks/gson/gson/src/main/java/com/google/gson/stream/JsonWriter.java
349	com.google.gson.stream.JsonWriter	jsonValue(java.lang.String)	0	[false]		public	true	/home/nima/Developer/nullness-benchmarks/gson/gson/src/main/java/com/google/gson/stream/JsonWriter.java
350	com.google.gson.stream.JsonWriter	nullValue()	0	[]		public	true	/home/nima/Developer/nullness-benchmarks/gson/gson/src/main/java/com/google/gson/stream/JsonWriter.java
351	com.google.gson.stream.JsonWriter	value(boolean)	0	[false]		public	true	/home/nima/Developer/nullness-benchmarks/gson/gson/src/main/java/com/google/gson/stream/JsonWriter.java
352	com.google.gson.stream.JsonWriter	value(java.lang.Boolean)	0	[false]		public	true	/home/nima/Developer/nullness-benchmarks/gson/gson/src/main/java/com/google/gson/stream/JsonWriter.java
353	com.google.gson.stream.JsonWriter	value(double)	0	[false]		public	true	/home/nima/Developer/nullness-benchmarks/gson/gson/src/main/java/com/google/gson/stream/JsonWriter.java
354	com.google.gson.stream.JsonWriter	value(long)	0	[false]		public	true	/home/nima/Developer/nullness-benchmarks/gson/gson/src/main/java/com/google/gson/stream/JsonWriter.java
355	com.google.gson.stream.JsonWriter	value(java.lang.Number)	0	[false]		public	true	/home/nima/Developer/nullness-benchmarks/gson/gson/src/main/java/com/google/gson/stream/JsonWriter.java
356	com.google.gson.stream.JsonWriter	flush()	357	[]		public	false	/home/nima/Developer/nullness-benchmarks/gson/gson/src/main/java/com/google/gson/stream/JsonWriter.java
358	com.google.gson.stream.JsonWriter	close()	359	[]		public	false	/home/nima/Developer/nullness-benchmarks/gson/gson/src/main/java/com/google/gson/stream/JsonWriter.java
360	com.google.gson.stream.JsonWriter	string(java.lang.String)	0	[false]		private	false	/home/nima/Developer/nullness-benchmarks/gson/gson/src/main/java/com/google/gson/stream/JsonWriter.java
361	com.google.gson.stream.JsonWriter	newline()	0	[]		private	false	/home/nima/Developer/nullness-benchmarks/gson/gson/src/main/java/com/google/gson/stream/JsonWriter.java
362	com.google.gson.stream.JsonWriter	beforeName()	0	[]		private	false	/home/nima/Developer/nullness-benchmarks/gson/gson/src/main/java/com/google/gson/stream/JsonWriter.java
363	com.google.gson.stream.JsonWriter	beforeValue()	0	[]	java.lang.SuppressWarnings	private	false	/home/nima/Developer/nullness-benchmarks/gson/gson/src/main/java/com/google/gson/stream/JsonWriter.java
364	com.google.gson.stream.JsonReader	JsonReader(java.io.Reader)	0	[false]		public	false	/home/nima/Developer/nullness-benchmarks/gson/gson/src/main/java/com/google/gson/stream/JsonReader.java
365	com.google.gson.stream.JsonReader	setLenient(boolean)	0	[false]		public	false	/home/nima/Developer/nullness-benchmarks/gson/gson/src/main/java/com/google/gson/stream/JsonReader.java
366	com.google.gson.stream.JsonReader	isLenient()	0	[]		public	false	/home/nima/Developer/nullness-benchmarks/gson/gson/src/main/java/com/google/gson/stream/JsonReader.java
367	com.google.gson.stream.JsonReader	beginArray()	0	[]		public	false	/home/nima/Developer/nullness-benchmarks/gson/gson/src/main/java/com/google/gson/stream/JsonReader.java
368	com.google.gson.stream.JsonReader	endArray()	0	[]		public	false	/home/nima/Developer/nullness-benchmarks/gson/gson/src/main/java/com/google/gson/stream/JsonReader.java
369	com.google.gson.stream.JsonReader	beginObject()	0	[]		public	false	/home/nima/Developer/nullness-benchmarks/gson/gson/src/main/java/com/google/gson/stream/JsonReader.java
370	com.google.gson.stream.JsonReader	endObject()	0	[]		public	false	/home/nima/Developer/nullness-benchmarks/gson/gson/src/main/java/com/google/gson/stream/JsonReader.java
371	com.google.gson.stream.JsonReader	hasNext()	0	[]		public	false	/home/nima/Developer/nullness-benchmarks/gson/gson/src/main/java/com/google/gson/stream/JsonReader.java
372	com.google.gson.stream.JsonReader	peek()	0	[]		public	true	/home/nima/Developer/nullness-benchmarks/gson/gson/src/main/java/com/google/gson/stream/JsonReader.java
373	com.google.gson.stream.JsonReader	doPeek()	0	[]		package	false	/home/nima/Developer/nullness-benchmarks/gson/gson/src/main/java/com/google/gson/stream/JsonReader.java
374	com.google.gson.stream.JsonReader	peekKeyword()	0	[]		private	false	/home/nima/Developer/nullness-benchmarks/gson/gson/src/main/java/com/google/gson/stream/JsonReader.java
375	com.google.gson.stream.JsonReader	peekNumber()	0	[]		private	false	/home/nima/Developer/nullness-benchmarks/gson/gson/src/main/java/com/google/gson/stream/JsonReader.java
376	com.google.gson.stream.JsonReader	isLiteral(char)	0	[false]		private	false	/home/nima/Developer/nullness-benchmarks/gson/gson/src/main/java/com/google/gson/stream/JsonReader.java
377	com.google.gson.stream.JsonReader	nextName()	0	[]		public	true	/home/nima/Developer/nullness-benchmarks/gson/gson/src/main/java/com/google/gson/stream/JsonReader.java
378	com.google.gson.stream.JsonReader	nextString()	0	[]		public	true	/home/nima/Developer/nullness-benchmarks/gson/gson/src/main/java/com/google/gson/stream/JsonReader.java
379	com.google.gson.stream.JsonReader	nextBoolean()	0	[]		public	false	/home/nima/Developer/nullness-benchmarks/gson/gson/src/main/java/com/google/gson/stream/JsonReader.java
380	com.google.gson.stream.JsonReader	nextNull()	0	[]		public	false	/home/nima/Developer/nullness-benchmarks/gson/gson/src/main/java/com/google/gson/stream/JsonReader.java
381	com.google.gson.stream.JsonReader	nextDouble()	0	[]		public	false	/home/nima/Developer/nullness-benchmarks/gson/gson/src/main/java/com/google/gson/stream/JsonReader.java
382	com.google.gson.stream.JsonReader	nextLong()	0	[]		public	false	/home/nima/Developer/nullness-benchmarks/gson/gson/src/main/java/com/google/gson/stream/JsonReader.java
383	com.google.gson.stream.JsonReader	nextQuotedValue(char)	0	[false]		private	true	/home/nima/Developer/nullness-benchmarks/gson/gson/src/main/java/com/google/gson/stream/JsonReader.java
384	com.google.gson.stream.JsonReader	nextUnquotedValue()	0	[]	java.lang.SuppressWarnings	private	true	/home/nima/Developer/nullness-benchmarks/gson/gson/src/main/java/com/google/gson/stream/JsonReader.java
385	com.google.gson.stream.JsonReader	skipQuotedValue(char)	0	[false]		private	false	/home/nima/Developer/nullness-benchmarks/gson/gson/src/main/java/com/google/gson/stream/JsonReader.java
386	com.google.gson.stream.JsonReader	skipUnquotedValue()	0	[]		private	false	/home/nima/Developer/nullness-benchmarks/gson/gson/src/main/java/com/google/gson/stream/JsonReader.java
387	com.google.gson.stream.JsonReader	nextInt()	0	[]		public	false	/home/nima/Developer/nullness-benchmarks/gson/gson/src/main/java/com/google/gson/stream/JsonReader.java
388	com.google.gson.stream.JsonReader	close()	359	[]		public	false	/home/nima/Developer/nullness-benchmarks/gson/gson/src/main/java/com/google/gson/stream/JsonReader.java
389	com.google.gson.stream.JsonReader	skipValue()	0	[]		public	false	/home/nima/Developer/nullness-benchmarks/gson/gson/src/main/java/com/google/gson/stream/JsonReader.java
390	com.google.gson.stream.JsonReader	push(int)	0	[false]		private	false	/home/nima/Developer/nullness-benchmarks/gson/gson/src/main/java/com/google/gson/stream/JsonReader.java
391	com.google.gson.stream.JsonReader	fillBuffer(int)	0	[false]		private	false	/home/nima/Developer/nullness-benchmarks/gson/gson/src/main/java/com/google/gson/stream/JsonReader.java
392	com.google.gson.stream.JsonReader	nextNonWhitespace(boolean)	0	[false]		private	false	/home/nima/Developer/nullness-benchmarks/gson/gson/src/main/java/com/google/gson/stream/JsonReader.java
393	com.google.gson.stream.JsonReader	checkLenient()	0	[]		private	false	/home/nima/Developer/nullness-benchmarks/gson/gson/src/main/java/com/google/gson/stream/JsonReader.java
394	com.google.gson.stream.JsonReader	skipToEndOfLine()	0	[]		private	false	/home/nima/Developer/nullness-benchmarks/gson/gson/src/main/java/com/google/gson/stream/JsonReader.java
395	com.google.gson.stream.JsonReader	skipTo(java.lang.String)	0	[false]		private	false	/home/nima/Developer/nullness-benchmarks/gson/gson/src/main/java/com/google/gson/stream/JsonReader.java
396	com.google.gson.stream.JsonReader	toString()	53	[]	java.lang.Override	public	true	/home/nima/Developer/nullness-benchmarks/gson/gson/src/main/java/com/google/gson/stream/JsonReader.java
397	com.google.gson.stream.JsonReader	locationString()	0	[]		package	true	/home/nima/Developer/nullness-benchmarks/gson/gson/src/main/java/com/google/gson/stream/JsonReader.java
398	com.google.gson.stream.JsonReader	getPath()	0	[]		public	true	/home/nima/Developer/nullness-benchmarks/gson/gson/src/main/java/com/google/gson/stream/JsonReader.java
399	com.google.gson.stream.JsonReader	readEscapeCharacter()	0	[]		private	false	/home/nima/Developer/nullness-benchmarks/gson/gson/src/main/java/com/google/gson/stream/JsonReader.java
400	com.google.gson.stream.JsonReader	syntaxError(java.lang.String)	0	[false]		private	true	/home/nima/Developer/nullness-benchmarks/gson/gson/src/main/java/com/google/gson/stream/JsonReader.java
401	com.google.gson.stream.JsonReader	consumeNonExecutePrefix()	0	[]		private	false	/home/nima/Developer/nullness-benchmarks/gson/gson/src/main/java/com/google/gson/stream/JsonReader.java
402	com.google.gson.stream.JsonReader$1	promoteNameToValue(com.google.gson.stream.JsonReader)	403	[false]	java.lang.Override	public	false	/home/nima/Developer/nullness-benchmarks/gson/gson/src/main/java/com/google/gson/stream/JsonReader.java
404	com.google.gson.internal.ConstructorConstructor	ConstructorConstructor(java.util.Map)	0	[false]		public	false	/home/nima/Developer/nullness-benchmarks/gson/gson/src/main/java/com/google/gson/internal/ConstructorConstructor.java
405	com.google.gson.internal.ConstructorConstructor	get(com.google.gson.reflect.TypeToken)	0	[false]		public	true	/home/nima/Developer/nullness-benchmarks/gson/gson/src/main/java/com/google/gson/internal/ConstructorConstructor.java
406	com.google.gson.internal.ConstructorConstructor$1	construct()	407	[]	java.lang.Override	public	true	/home/nima/Developer/nullness-benchmarks/gson/gson/src/main/java/com/google/gson/internal/ConstructorConstructor.java
408	com.google.gson.internal.ConstructorConstructor$2	construct()	407	[]	java.lang.Override	public	true	/home/nima/Developer/nullness-benchmarks/gson/gson/src/main/java/com/google/gson/internal/ConstructorConstructor.java
409	com.google.gson.internal.ConstructorConstructor	newDefaultConstructor(java.lang.Class)	0	[false]		private	true	/home/nima/Developer/nullness-benchmarks/gson/gson/src/main/java/com/google/gson/internal/ConstructorConstructor.java
410	com.google.gson.internal.ConstructorConstructor$3	construct()	407	[]	java.lang.SuppressWarnings,java.lang.Override	public	true	/home/nima/Developer/nullness-benchmarks/gson/gson/src/main/java/com/google/gson/internal/ConstructorConstructor.java
411	com.google.gson.internal.ConstructorConstructor	newDefaultImplementationConstructor(java.lang.reflect.Type,java.lang.Class)	0	[false, false]	java.lang.SuppressWarnings	private	true	/home/nima/Developer/nullness-benchmarks/gson/gson/src/main/java/com/google/gson/internal/ConstructorConstructor.java
412	com.google.gson.internal.ConstructorConstructor$4	construct()	407	[]	java.lang.Override	public	true	/home/nima/Developer/nullness-benchmarks/gson/gson/src/main/java/com/google/gson/internal/ConstructorConstructor.java
413	com.google.gson.internal.ConstructorConstructor$5	construct()	407	[]	java.lang.SuppressWarnings,java.lang.Override	public	true	/home/nima/Developer/nullness-benchmarks/gson/gson/src/main/java/com/google/gson/internal/ConstructorConstructor.java
414	com.google.gson.internal.ConstructorConstructor$6	construct()	407	[]	java.lang.Override	public	true	/home/nima/Developer/nullness-benchmarks/gson/gson/src/main/java/com/google/gson/internal/ConstructorConstructor.java
415	com.google.gson.internal.ConstructorConstructor$7	construct()	407	[]	java.lang.Override	public	true	/home/nima/Developer/nullness-benchmarks/gson/gson/src/main/java/com/google/gson/internal/ConstructorConstructor.java
416	com.google.gson.internal.ConstructorConstructor$8	construct()	407	[]	java.lang.Override	public	true	/home/nima/Developer/nullness-benchmarks/gson/gson/src/main/java/com/google/gson/internal/ConstructorConstructor.java
417	com.google.gson.internal.ConstructorConstructor$9	construct()	407	[]	java.lang.Override	public	true	/home/nima/Developer/nullness-benchmarks/gson/gson/src/main/java/com/google/gson/internal/ConstructorConstructor.java
418	com.google.gson.internal.ConstructorConstructor$10	construct()	407	[]	java.lang.Override	public	true	/home/nima/Developer/nullness-benchmarks/gson/gson/src/main/java/com/google/gson/internal/ConstructorConstructor.java
419	com.google.gson.internal.ConstructorConstructor$11	construct()	407	[]	java.lang.Override	public	true	/home/nima/Developer/nullness-benchmarks/gson/gson/src/main/java/com/google/gson/internal/ConstructorConstructor.java
420	com.google.gson.internal.ConstructorConstructor$12	construct()	407	[]	java.lang.Override	public	true	/home/nima/Developer/nullness-benchmarks/gson/gson/src/main/java/com/google/gson/internal/ConstructorConstructor.java
421	com.google.gson.internal.ConstructorConstructor$13	construct()	407	[]	java.lang.Override	public	true	/home/nima/Developer/nullness-benchmarks/gson/gson/src/main/java/com/google/gson/internal/ConstructorConstructor.java
422	com.google.gson.internal.ConstructorConstructor	newUnsafeAllocator(java.lang.reflect.Type,java.lang.Class)	0	[false, false]		private	true	/home/nima/Developer/nullness-benchmarks/gson/gson/src/main/java/com/google/gson/internal/ConstructorConstructor.java
423	com.google.gson.internal.ConstructorConstructor$14	construct()	407	[]	java.lang.SuppressWarnings,java.lang.Override	public	true	/home/nima/Developer/nullness-benchmarks/gson/gson/src/main/java/com/google/gson/internal/ConstructorConstructor.java
424	com.google.gson.internal.ConstructorConstructor	toString()	53	[]	java.lang.Override	public	true	/home/nima/Developer/nullness-benchmarks/gson/gson/src/main/java/com/google/gson/internal/ConstructorConstructor.java
425	com.google.gson.internal.bind.JsonAdapterAnnotationTypeAdapterFactory	JsonAdapterAnnotationTypeAdapterFactory(com.google.gson.internal.ConstructorConstructor)	0	[false]		public	false	/home/nima/Developer/nullness-benchmarks/gson/gson/src/main/java/com/google/gson/internal/bind/JsonAdapterAnnotationTypeAdapterFactory.java
426	com.google.gson.internal.bind.JsonAdapterAnnotationTypeAdapterFactory	create(com.google.gson.Gson,com.google.gson.reflect.TypeToken)	89	[false, false]	java.lang.SuppressWarnings,java.lang.Override	public	true	/home/nima/Developer/nullness-benchmarks/gson/gson/src/main/java/com/google/gson/internal/bind/JsonAdapterAnnotationTypeAdapterFactory.java
427	com.google.gson.internal.bind.JsonAdapterAnnotationTypeAdapterFactory	getTypeAdapter(com.google.gson.internal.ConstructorConstructor,com.google.gson.Gson,com.google.gson.reflect.TypeToken,com.google.gson.annotations.JsonAdapter)	0	[false, false, false, false]	java.lang.SuppressWarnings	package	true	/home/nima/Developer/nullness-benchmarks/gson/gson/src/main/java/com/google/gson/internal/bind/JsonAdapterAnnotationTypeAdapterFactory.java
428	com.google.gson.JsonIOException	JsonIOException(java.lang.String)	0	[false]		public	false	/home/nima/Developer/nullness-benchmarks/gson/gson/src/main/java/com/google/gson/JsonIOException.java
429	com.google.gson.JsonIOException	JsonIOException(java.lang.String,java.lang.Throwable)	0	[false, false]		public	false	/home/nima/Developer/nullness-benchmarks/gson/gson/src/main/java/com/google/gson/JsonIOException.java
430	com.google.gson.JsonIOException	JsonIOException(java.lang.Throwable)	0	[false]		public	false	/home/nima/Developer/nullness-benchmarks/gson/gson/src/main/java/com/google/gson/JsonIOException.java
431	com.google.gson.JsonParseException	JsonParseException(java.lang.String)	0	[false]		public	false	/home/nima/Developer/nullness-benchmarks/gson/gson/src/main/java/com/google/gson/JsonParseException.java
432	com.google.gson.JsonParseException	JsonParseException(java.lang.String,java.lang.Throwable)	0	[false, false]		public	false	/home/nima/Developer/nullness-benchmarks/gson/gson/src/main/java/com/google/gson/JsonParseException.java
433	com.google.gson.JsonParseException	JsonParseException(java.lang.Throwable)	0	[false]		public	false	/home/nima/Developer/nullness-benchmarks/gson/gson/src/main/java/com/google/gson/JsonParseException.java
434	com.google.gson.JsonSyntaxException	JsonSyntaxException(java.lang.String)	0	[false]		public	false	/home/nima/Developer/nullness-benchmarks/gson/gson/src/main/java/com/google/gson/JsonSyntaxException.java
435	com.google.gson.JsonSyntaxException	JsonSyntaxException(java.lang.String,java.lang.Throwable)	0	[false, false]		public	false	/home/nima/Developer/nullness-benchmarks/gson/gson/src/main/java/com/google/gson/JsonSyntaxException.java
436	com.google.gson.JsonSyntaxException	JsonSyntaxException(java.lang.Throwable)	0	[false]		public	false	/home/nima/Developer/nullness-benchmarks/gson/gson/src/main/java/com/google/gson/JsonSyntaxException.java
437	com.google.gson.annotations.JsonAdapter	value()	0	[]		public	true	/home/nima/Developer/nullness-benchmarks/gson/gson/src/main/java/com/google/gson/annotations/JsonAdapter.java
438	com.google.gson.annotations.JsonAdapter	nullSafe()	0	[]		public	false	/home/nima/Developer/nullness-benchmarks/gson/gson/src/main/java/com/google/gson/annotations/JsonAdapter.java
439	com.google.gson.internal.reflect.ReflectionAccessor	makeAccessible(java.lang.reflect.AccessibleObject)	0	[false]		public	false	/home/nima/Developer/nullness-benchmarks/gson/gson/src/main/java/com/google/gson/internal/reflect/ReflectionAccessor.java
440	com.google.gson.internal.reflect.ReflectionAccessor	getInstance()	0	[]		public	true	/home/nima/Developer/nullness-benchmarks/gson/gson/src/main/java/com/google/gson/internal/reflect/ReflectionAccessor.java
407	com.google.gson.internal.ObjectConstructor	construct()	0	[]		public	true	/home/nima/Developer/nullness-benchmarks/gson/gson/src/main/java/com/google/gson/internal/ObjectConstructor.java
441	com.google.gson.JsonDeserializationContext	deserialize(com.google.gson.JsonElement,java.lang.reflect.Type)	0	[false, false]		public	true	/home/nima/Developer/nullness-benchmarks/gson/gson/src/main/java/com/google/gson/JsonDeserializationContext.java
442	com.google.gson.JsonSerializer	serialize(T,java.lang.reflect.Type,com.google.gson.JsonSerializationContext)	0	[false, false, false]		public	true	/home/nima/Developer/nullness-benchmarks/gson/gson/src/main/java/com/google/gson/JsonSerializer.java
443	com.google.gson.JsonSerializationContext	serialize(java.lang.Object)	0	[false]		public	true	/home/nima/Developer/nullness-benchmarks/gson/gson/src/main/java/com/google/gson/JsonSerializationContext.java
444	com.google.gson.JsonSerializationContext	serialize(java.lang.Object,java.lang.reflect.Type)	0	[false, false]		public	true	/home/nima/Developer/nullness-benchmarks/gson/gson/src/main/java/com/google/gson/JsonSerializationContext.java
445	com.google.gson.DefaultDateTypeAdapter	DefaultDateTypeAdapter(java.lang.Class)	0	[false]		package	false	/home/nima/Developer/nullness-benchmarks/gson/gson/src/main/java/com/google/gson/DefaultDateTypeAdapter.java
446	com.google.gson.DefaultDateTypeAdapter	DefaultDateTypeAdapter(java.lang.Class,java.lang.String)	0	[false, false]		package	false	/home/nima/Developer/nullness-benchmarks/gson/gson/src/main/java/com/google/gson/DefaultDateTypeAdapter.java
447	com.google.gson.DefaultDateTypeAdapter	DefaultDateTypeAdapter(java.lang.Class,int)	0	[false, false]		package	false	/home/nima/Developer/nullness-benchmarks/gson/gson/src/main/java/com/google/gson/DefaultDateTypeAdapter.java
448	com.google.gson.DefaultDateTypeAdapter	DefaultDateTypeAdapter(int,int)	0	[false, false]		public	false	/home/nima/Developer/nullness-benchmarks/gson/gson/src/main/java/com/google/gson/DefaultDateTypeAdapter.java
449	com.google.gson.DefaultDateTypeAdapter	DefaultDateTypeAdapter(java.lang.Class,int,int)	0	[false, false, false]		public	false	/home/nima/Developer/nullness-benchmarks/gson/gson/src/main/java/com/google/gson/DefaultDateTypeAdapter.java
450	com.google.gson.DefaultDateTypeAdapter	verifyDateType(java.lang.Class)	0	[false]		private	true	/home/nima/Developer/nullness-benchmarks/gson/gson/src/main/java/com/google/gson/DefaultDateTypeAdapter.java
451	com.google.gson.DefaultDateTypeAdapter	write(com.google.gson.stream.JsonWriter,java.util.Date)	12	[false, false]	java.lang.Override	public	false	/home/nima/Developer/nullness-benchmarks/gson/gson/src/main/java/com/google/gson/DefaultDateTypeAdapter.java
452	com.google.gson.DefaultDateTypeAdapter	read(com.google.gson.stream.JsonReader)	10	[false]	java.lang.Override	public	true	/home/nima/Developer/nullness-benchmarks/gson/gson/src/main/java/com/google/gson/DefaultDateTypeAdapter.java
453	com.google.gson.DefaultDateTypeAdapter	deserializeToDate(java.lang.String)	0	[false]		private	true	/home/nima/Developer/nullness-benchmarks/gson/gson/src/main/java/com/google/gson/DefaultDateTypeAdapter.java
454	com.google.gson.DefaultDateTypeAdapter	toString()	53	[]	java.lang.Override	public	true	/home/nima/Developer/nullness-benchmarks/gson/gson/src/main/java/com/google/gson/DefaultDateTypeAdapter.java
455	com.google.gson.annotations.SerializedName	value()	0	[]		public	true	/home/nima/Developer/nullness-benchmarks/gson/gson/src/main/java/com/google/gson/annotations/SerializedName.java
456	com.google.gson.annotations.SerializedName	alternate()	0	[]		public	true	/home/nima/Developer/nullness-benchmarks/gson/gson/src/main/java/com/google/gson/annotations/SerializedName.java
457	com.google.gson.annotations.Expose	serialize()	0	[]		public	false	/home/nima/Developer/nullness-benchmarks/gson/gson/src/main/java/com/google/gson/annotations/Expose.java
458	com.google.gson.annotations.Expose	deserialize()	0	[]		public	false	/home/nima/Developer/nullness-benchmarks/gson/gson/src/main/java/com/google/gson/annotations/Expose.java
459	com.google.gson.JsonStreamParser	JsonStreamParser(java.lang.String)	0	[false]		public	false	/home/nima/Developer/nullness-benchmarks/gson/gson/src/main/java/com/google/gson/JsonStreamParser.java
460	com.google.gson.JsonStreamParser	JsonStreamParser(java.io.Reader)	0	[false]		public	false	/home/nima/Developer/nullness-benchmarks/gson/gson/src/main/java/com/google/gson/JsonStreamParser.java
461	com.google.gson.JsonStreamParser	next()	284	[]		public	true	/home/nima/Developer/nullness-benchmarks/gson/gson/src/main/java/com/google/gson/JsonStreamParser.java
462	com.google.gson.JsonStreamParser	hasNext()	275	[]		public	false	/home/nima/Developer/nullness-benchmarks/gson/gson/src/main/java/com/google/gson/JsonStreamParser.java
463	com.google.gson.JsonStreamParser	remove()	278	[]		public	false	/home/nima/Developer/nullness-benchmarks/gson/gson/src/main/java/com/google/gson/JsonStreamParser.java
403	com.google.gson.internal.JsonReaderInternalAccess	promoteNameToValue(com.google.gson.stream.JsonReader)	0	[false]		public	false	/home/nima/Developer/nullness-benchmarks/gson/gson/src/main/java/com/google/gson/internal/JsonReaderInternalAccess.java
464	com.google.gson.internal.LinkedHashTreeMap$1	compare(java.lang.Comparable,java.lang.Comparable)	229	[false, false]		public	false	/home/nima/Developer/nullness-benchmarks/gson/gson/src/main/java/com/google/gson/internal/LinkedHashTreeMap.java
465	com.google.gson.internal.LinkedHashTreeMap	LinkedHashTreeMap()	0	[]	java.lang.SuppressWarnings	public	false	/home/nima/Developer/nullness-benchmarks/gson/gson/src/main/java/com/google/gson/internal/LinkedHashTreeMap.java
466	com.google.gson.internal.LinkedHashTreeMap	LinkedHashTreeMap(java.util.Comparator)	0	[false]	java.lang.SuppressWarnings	public	false	/home/nima/Developer/nullness-benchmarks/gson/gson/src/main/java/com/google/gson/internal/LinkedHashTreeMap.java
467	com.google.gson.internal.LinkedHashTreeMap	size()	233	[]	java.lang.Override	public	false	/home/nima/Developer/nullness-benchmarks/gson/gson/src/main/java/com/google/gson/internal/LinkedHashTreeMap.java
468	com.google.gson.internal.LinkedHashTreeMap	get(java.lang.Object)	235	[false]	java.lang.Override	public	true	/home/nima/Developer/nullness-benchmarks/gson/gson/src/main/java/com/google/gson/internal/LinkedHashTreeMap.java
469	com.google.gson.internal.LinkedHashTreeMap	containsKey(java.lang.Object)	237	[false]	java.lang.Override	public	false	/home/nima/Developer/nullness-benchmarks/gson/gson/src/main/java/com/google/gson/internal/LinkedHashTreeMap.java
470	com.google.gson.internal.LinkedHashTreeMap	put(K,V)	239	[false, false]	java.lang.Override	public	true	/home/nima/Developer/nullness-benchmarks/gson/gson/src/main/java/com/google/gson/internal/LinkedHashTreeMap.java
471	com.google.gson.internal.LinkedHashTreeMap	clear()	241	[]	java.lang.Override	public	false	/home/nima/Developer/nullness-benchmarks/gson/gson/src/main/java/com/google/gson/internal/LinkedHashTreeMap.java
472	com.google.gson.internal.LinkedHashTreeMap	remove(java.lang.Object)	243	[false]	java.lang.Override	public	true	/home/nima/Developer/nullness-benchmarks/gson/gson/src/main/java/com/google/gson/internal/LinkedHashTreeMap.java
473	com.google.gson.internal.LinkedHashTreeMap	find(K,boolean)	0	[false, false]		package	true	/home/nima/Developer/nullness-benchmarks/gson/gson/src/main/java/com/google/gson/internal/LinkedHashTreeMap.java
474	com.google.gson.internal.LinkedHashTreeMap	findByObject(java.lang.Object)	0	[false]	java.lang.SuppressWarnings	package	true	/home/nima/Developer/nullness-benchmarks/gson/gson/src/main/java/com/google/gson/internal/LinkedHashTreeMap.java
475	com.google.gson.internal.LinkedHashTreeMap	findByEntry(java.util.Map.Entry)	0	[false]		package	true	/home/nima/Developer/nullness-benchmarks/gson/gson/src/main/java/com/google/gson/internal/LinkedHashTreeMap.java
476	com.google.gson.internal.LinkedHashTreeMap	equal(java.lang.Object,java.lang.Object)	0	[false, false]		private	false	/home/nima/Developer/nullness-benchmarks/gson/gson/src/main/java/com/google/gson/internal/LinkedHashTreeMap.java
477	com.google.gson.internal.LinkedHashTreeMap	secondaryHash(int)	0	[false]		private	false	/home/nima/Developer/nullness-benchmarks/gson/gson/src/main/java/com/google/gson/internal/LinkedHashTreeMap.java
478	com.google.gson.internal.LinkedHashTreeMap	removeInternal(com.google.gson.internal.LinkedHashTreeMap.Node,boolean)	0	[false, false]		package	false	/home/nima/Developer/nullness-benchmarks/gson/gson/src/main/java/com/google/gson/internal/LinkedHashTreeMap.java
479	com.google.gson.internal.LinkedHashTreeMap	removeInternalByKey(java.lang.Object)	0	[false]		package	true	/home/nima/Developer/nullness-benchmarks/gson/gson/src/main/java/com/google/gson/internal/LinkedHashTreeMap.java
480	com.google.gson.internal.LinkedHashTreeMap	replaceInParent(com.google.gson.internal.LinkedHashTreeMap.Node,com.google.gson.internal.LinkedHashTreeMap.Node)	0	[false, false]		private	false	/home/nima/Developer/nullness-benchmarks/gson/gson/src/main/java/com/google/gson/internal/LinkedHashTreeMap.java
481	com.google.gson.internal.LinkedHashTreeMap	rebalance(com.google.gson.internal.LinkedHashTreeMap.Node,boolean)	0	[false, false]		private	false	/home/nima/Developer/nullness-benchmarks/gson/gson/src/main/java/com/google/gson/internal/LinkedHashTreeMap.java
482	com.google.gson.internal.LinkedHashTreeMap	rotateLeft(com.google.gson.internal.LinkedHashTreeMap.Node)	0	[false]		private	false	/home/nima/Developer/nullness-benchmarks/gson/gson/src/main/java/com/google/gson/internal/LinkedHashTreeMap.java
483	com.google.gson.internal.LinkedHashTreeMap	rotateRight(com.google.gson.internal.LinkedHashTreeMap.Node)	0	[false]		private	false	/home/nima/Developer/nullness-benchmarks/gson/gson/src/main/java/com/google/gson/internal/LinkedHashTreeMap.java
484	com.google.gson.internal.LinkedHashTreeMap	entrySet()	255	[]	java.lang.Override	public	true	/home/nima/Developer/nullness-benchmarks/gson/gson/src/main/java/com/google/gson/internal/LinkedHashTreeMap.java
485	com.google.gson.internal.LinkedHashTreeMap	keySet()	257	[]	java.lang.Override	public	true	/home/nima/Developer/nullness-benchmarks/gson/gson/src/main/java/com/google/gson/internal/LinkedHashTreeMap.java
486	com.google.gson.internal.LinkedHashTreeMap$Node	Node()	0	[]		package	false	/home/nima/Developer/nullness-benchmarks/gson/gson/src/main/java/com/google/gson/internal/LinkedHashTreeMap.java
487	com.google.gson.internal.LinkedHashTreeMap$Node	Node(com.google.gson.internal.LinkedHashTreeMap.Node,K,int,com.google.gson.internal.LinkedHashTreeMap.Node,com.google.gson.internal.LinkedHashTreeMap.Node)	0	[false, false, false, false, false]		package	false	/home/nima/Developer/nullness-benchmarks/gson/gson/src/main/java/com/google/gson/internal/LinkedHashTreeMap.java
488	com.google.gson.internal.LinkedHashTreeMap$Node	getKey()	261	[]		public	true	/home/nima/Developer/nullness-benchmarks/gson/gson/src/main/java/com/google/gson/internal/LinkedHashTreeMap.java
489	com.google.gson.internal.LinkedHashTreeMap$Node	getValue()	263	[]		public	true	/home/nima/Developer/nullness-benchmarks/gson/gson/src/main/java/com/google/gson/internal/LinkedHashTreeMap.java
490	com.google.gson.internal.LinkedHashTreeMap$Node	setValue(V)	265	[false]		public	true	/home/nima/Developer/nullness-benchmarks/gson/gson/src/main/java/com/google/gson/internal/LinkedHashTreeMap.java
491	com.google.gson.internal.LinkedHashTreeMap$Node	equals(java.lang.Object)	267	[false]	java.lang.SuppressWarnings,java.lang.Override	public	false	/home/nima/Developer/nullness-benchmarks/gson/gson/src/main/java/com/google/gson/internal/LinkedHashTreeMap.java
492	com.google.gson.internal.LinkedHashTreeMap$Node	hashCode()	269	[]	java.lang.Override	public	false	/home/nima/Developer/nullness-benchmarks/gson/gson/src/main/java/com/google/gson/internal/LinkedHashTreeMap.java
493	com.google.gson.internal.LinkedHashTreeMap$Node	toString()	53	[]	java.lang.Override	public	true	/home/nima/Developer/nullness-benchmarks/gson/gson/src/main/java/com/google/gson/internal/LinkedHashTreeMap.java
494	com.google.gson.internal.LinkedHashTreeMap$Node	first()	0	[]		public	true	/home/nima/Developer/nullness-benchmarks/gson/gson/src/main/java/com/google/gson/internal/LinkedHashTreeMap.java
495	com.google.gson.internal.LinkedHashTreeMap$Node	last()	0	[]		public	true	/home/nima/Developer/nullness-benchmarks/gson/gson/src/main/java/com/google/gson/internal/LinkedHashTreeMap.java
496	com.google.gson.internal.LinkedHashTreeMap	doubleCapacity()	0	[]		private	false	/home/nima/Developer/nullness-benchmarks/gson/gson/src/main/java/com/google/gson/internal/LinkedHashTreeMap.java
497	com.google.gson.internal.LinkedHashTreeMap	doubleCapacity(com.google.gson.internal.LinkedHashTreeMap.Node[])	0	[false]		package	true	/home/nima/Developer/nullness-benchmarks/gson/gson/src/main/java/com/google/gson/internal/LinkedHashTreeMap.java
498	com.google.gson.internal.LinkedHashTreeMap$AvlIterator	reset(com.google.gson.internal.LinkedHashTreeMap.Node)	0	[false]		package	false	/home/nima/Developer/nullness-benchmarks/gson/gson/src/main/java/com/google/gson/internal/LinkedHashTreeMap.java
499	com.google.gson.internal.LinkedHashTreeMap$AvlIterator	next()	0	[]		public	true	/home/nima/Developer/nullness-benchmarks/gson/gson/src/main/java/com/google/gson/internal/LinkedHashTreeMap.java
500	com.google.gson.internal.LinkedHashTreeMap$AvlBuilder	reset(int)	0	[false]		package	false	/home/nima/Developer/nullness-benchmarks/gson/gson/src/main/java/com/google/gson/internal/LinkedHashTreeMap.java
501	com.google.gson.internal.LinkedHashTreeMap$AvlBuilder	add(com.google.gson.internal.LinkedHashTreeMap.Node)	0	[false]		package	false	/home/nima/Developer/nullness-benchmarks/gson/gson/src/main/java/com/google/gson/internal/LinkedHashTreeMap.java
502	com.google.gson.internal.LinkedHashTreeMap$AvlBuilder	root()	0	[]		package	true	/home/nima/Developer/nullness-benchmarks/gson/gson/src/main/java/com/google/gson/internal/LinkedHashTreeMap.java
503	com.google.gson.internal.LinkedHashTreeMap$LinkedTreeMapIterator	LinkedTreeMapIterator()	0	[]		package	false	/home/nima/Developer/nullness-benchmarks/gson/gson/src/main/java/com/google/gson/internal/LinkedHashTreeMap.java
504	com.google.gson.internal.LinkedHashTreeMap$LinkedTreeMapIterator	hasNext()	275	[]		public	false	/home/nima/Developer/nullness-benchmarks/gson/gson/src/main/java/com/google/gson/internal/LinkedHashTreeMap.java
505	com.google.gson.internal.LinkedHashTreeMap$LinkedTreeMapIterator	nextNode()	0	[]		package	true	/home/nima/Developer/nullness-benchmarks/gson/gson/src/main/java/com/google/gson/internal/LinkedHashTreeMap.java
506	com.google.gson.internal.LinkedHashTreeMap$LinkedTreeMapIterator	remove()	278	[]		public	false	/home/nima/Developer/nullness-benchmarks/gson/gson/src/main/java/com/google/gson/internal/LinkedHashTreeMap.java
507	com.google.gson.internal.LinkedHashTreeMap$EntrySet	size()	280	[]	java.lang.Override	public	false	/home/nima/Developer/nullness-benchmarks/gson/gson/src/main/java/com/google/gson/internal/LinkedHashTreeMap.java
508	com.google.gson.internal.LinkedHashTreeMap$EntrySet	iterator()	282	[]	java.lang.Override	public	true	/home/nima/Developer/nullness-benchmarks/gson/gson/src/main/java/com/google/gson/internal/LinkedHashTreeMap.java
509	com.google.gson.internal.LinkedHashTreeMap$EntrySet$1	next()	284	[]		public	true	/home/nima/Developer/nullness-benchmarks/gson/gson/src/main/java/com/google/gson/internal/LinkedHashTreeMap.java
510	com.google.gson.internal.LinkedHashTreeMap$EntrySet	contains(java.lang.Object)	286	[false]	java.lang.Override	public	false	/home/nima/Developer/nullness-benchmarks/gson/gson/src/main/java/com/google/gson/internal/LinkedHashTreeMap.java
511	com.google.gson.internal.LinkedHashTreeMap$EntrySet	remove(java.lang.Object)	288	[false]	java.lang.Override	public	false	/home/nima/Developer/nullness-benchmarks/gson/gson/src/main/java/com/google/gson/internal/LinkedHashTreeMap.java
512	com.google.gson.internal.LinkedHashTreeMap$EntrySet	clear()	290	[]	java.lang.Override	public	false	/home/nima/Developer/nullness-benchmarks/gson/gson/src/main/java/com/google/gson/internal/LinkedHashTreeMap.java
513	com.google.gson.internal.LinkedHashTreeMap$KeySet	size()	280	[]	java.lang.Override	public	false	/home/nima/Developer/nullness-benchmarks/gson/gson/src/main/java/com/google/gson/internal/LinkedHashTreeMap.java
514	com.google.gson.internal.LinkedHashTreeMap$KeySet	iterator()	282	[]	java.lang.Override	public	true	/home/nima/Developer/nullness-benchmarks/gson/gson/src/main/java/com/google/gson/internal/LinkedHashTreeMap.java
515	com.google.gson.internal.LinkedHashTreeMap$KeySet$1	next()	284	[]		public	true	/home/nima/Developer/nullness-benchmarks/gson/gson/src/main/java/com/google/gson/internal/LinkedHashTreeMap.java
516	com.google.gson.internal.LinkedHashTreeMap$KeySet	contains(java.lang.Object)	286	[false]	java.lang.Override	public	false	/home/nima/Developer/nullness-benchmarks/gson/gson/src/main/java/com/google/gson/internal/LinkedHashTreeMap.java
517	com.google.gson.internal.LinkedHashTreeMap$KeySet	remove(java.lang.Object)	288	[false]	java.lang.Override	public	false	/home/nima/Developer/nullness-benchmarks/gson/gson/src/main/java/com/google/gson/internal/LinkedHashTreeMap.java
518	com.google.gson.internal.LinkedHashTreeMap$KeySet	clear()	290	[]	java.lang.Override	public	false	/home/nima/Developer/nullness-benchmarks/gson/gson/src/main/java/com/google/gson/internal/LinkedHashTreeMap.java
519	com.google.gson.internal.LinkedHashTreeMap	writeReplace()	0	[]		private	true	/home/nima/Developer/nullness-benchmarks/gson/gson/src/main/java/com/google/gson/internal/LinkedHashTreeMap.java
520	com.google.gson.internal.Streams	Streams()	0	[]		private	false	/home/nima/Developer/nullness-benchmarks/gson/gson/src/main/java/com/google/gson/internal/Streams.java
521	com.google.gson.internal.Streams	parse(com.google.gson.stream.JsonReader)	0	[false]		public	true	/home/nima/Developer/nullness-benchmarks/gson/gson/src/main/java/com/google/gson/internal/Streams.java
522	com.google.gson.internal.Streams	write(com.google.gson.JsonElement,com.google.gson.stream.JsonWriter)	0	[false, false]		public	false	/home/nima/Developer/nullness-benchmarks/gson/gson/src/main/java/com/google/gson/internal/Streams.java
523	com.google.gson.internal.Streams	writerForAppendable(java.lang.Appendable)	0	[false]		public	true	/home/nima/Developer/nullness-benchmarks/gson/gson/src/main/java/com/google/gson/internal/Streams.java
524	com.google.gson.internal.Streams$AppendableWriter	AppendableWriter(java.lang.Appendable)	0	[false]		package	false	/home/nima/Developer/nullness-benchmarks/gson/gson/src/main/java/com/google/gson/internal/Streams.java
525	com.google.gson.internal.Streams$AppendableWriter	write(char[],int,int)	526	[false, false, false]	java.lang.Override	public	false	/home/nima/Developer/nullness-benchmarks/gson/gson/src/main/java/com/google/gson/internal/Streams.java
527	com.google.gson.internal.Streams$AppendableWriter	write(int)	528	[false]	java.lang.Override	public	false	/home/nima/Developer/nullness-benchmarks/gson/gson/src/main/java/com/google/gson/internal/Streams.java
529	com.google.gson.internal.Streams$AppendableWriter	flush()	530	[]	java.lang.Override	public	false	/home/nima/Developer/nullness-benchmarks/gson/gson/src/main/java/com/google/gson/internal/Streams.java
531	com.google.gson.internal.Streams$AppendableWriter	close()	532	[]	java.lang.Override	public	false	/home/nima/Developer/nullness-benchmarks/gson/gson/src/main/java/com/google/gson/internal/Streams.java
533	com.google.gson.internal.Streams$AppendableWriter$CurrentWrite	length()	534	[]		public	false	/home/nima/Developer/nullness-benchmarks/gson/gson/src/main/java/com/google/gson/internal/Streams.java
535	com.google.gson.internal.Streams$AppendableWriter$CurrentWrite	charAt(int)	536	[false]		public	false	/home/nima/Developer/nullness-benchmarks/gson/gson/src/main/java/com/google/gson/internal/Streams.java
537	com.google.gson.internal.Streams$AppendableWriter$CurrentWrite	subSequence(int,int)	538	[false, false]		public	true	/home/nima/Developer/nullness-benchmarks/gson/gson/src/main/java/com/google/gson/internal/Streams.java
539	com.google.gson.internal.LazilyParsedNumber	LazilyParsedNumber(java.lang.String)	0	[false]		public	false	/home/nima/Developer/nullness-benchmarks/gson/gson/src/main/java/com/google/gson/internal/LazilyParsedNumber.java
540	com.google.gson.internal.LazilyParsedNumber	intValue()	541	[]	java.lang.Override	public	false	/home/nima/Developer/nullness-benchmarks/gson/gson/src/main/java/com/google/gson/internal/LazilyParsedNumber.java
542	com.google.gson.internal.LazilyParsedNumber	longValue()	543	[]	java.lang.Override	public	false	/home/nima/Developer/nullness-benchmarks/gson/gson/src/main/java/com/google/gson/internal/LazilyParsedNumber.java
544	com.google.gson.internal.LazilyParsedNumber	floatValue()	545	[]	java.lang.Override	public	false	/home/nima/Developer/nullness-benchmarks/gson/gson/src/main/java/com/google/gson/internal/LazilyParsedNumber.java
546	com.google.gson.internal.LazilyParsedNumber	doubleValue()	547	[]	java.lang.Override	public	false	/home/nima/Developer/nullness-benchmarks/gson/gson/src/main/java/com/google/gson/internal/LazilyParsedNumber.java
548	com.google.gson.internal.LazilyParsedNumber	toString()	53	[]	java.lang.Override	public	true	/home/nima/Developer/nullness-benchmarks/gson/gson/src/main/java/com/google/gson/internal/LazilyParsedNumber.java
549	com.google.gson.internal.LazilyParsedNumber	writeReplace()	0	[]		private	true	/home/nima/Developer/nullness-benchmarks/gson/gson/src/main/java/com/google/gson/internal/LazilyParsedNumber.java
550	com.google.gson.internal.LazilyParsedNumber	hashCode()	168	[]	java.lang.Override	public	false	/home/nima/Developer/nullness-benchmarks/gson/gson/src/main/java/com/google/gson/internal/LazilyParsedNumber.java
551	com.google.gson.internal.LazilyParsedNumber	equals(java.lang.Object)	166	[false]	java.lang.Override	public	false	/home/nima/Developer/nullness-benchmarks/gson/gson/src/main/java/com/google/gson/internal/LazilyParsedNumber.java
552	com.google.gson.internal.Primitives	Primitives()	0	[]		private	false	/home/nima/Developer/nullness-benchmarks/gson/gson/src/main/java/com/google/gson/internal/Primitives.java
553	com.google.gson.internal.Primitives	isPrimitive(java.lang.reflect.Type)	0	[false]		public	false	/home/nima/Developer/nullness-benchmarks/gson/gson/src/main/java/com/google/gson/internal/Primitives.java
554	com.google.gson.internal.Primitives	isWrapperType(java.lang.reflect.Type)	0	[false]		public	false	/home/nima/Developer/nullness-benchmarks/gson/gson/src/main/java/com/google/gson/internal/Primitives.java
555	com.google.gson.internal.Primitives	wrap(java.lang.Class)	0	[false]	java.lang.SuppressWarnings	public	true	/home/nima/Developer/nullness-benchmarks/gson/gson/src/main/java/com/google/gson/internal/Primitives.java
556	com.google.gson.internal.Primitives	unwrap(java.lang.Class)	0	[false]	java.lang.SuppressWarnings	public	true	/home/nima/Developer/nullness-benchmarks/gson/gson/src/main/java/com/google/gson/internal/Primitives.java
557	com.google.gson.internal.JavaVersion	determineMajorJavaVersion()	0	[]		private	false	/home/nima/Developer/nullness-benchmarks/gson/gson/src/main/java/com/google/gson/internal/JavaVersion.java
558	com.google.gson.internal.JavaVersion	getMajorJavaVersion(java.lang.String)	0	[false]		package	false	/home/nima/Developer/nullness-benchmarks/gson/gson/src/main/java/com/google/gson/internal/JavaVersion.java
559	com.google.gson.internal.JavaVersion	parseDotted(java.lang.String)	0	[false]		private	false	/home/nima/Developer/nullness-benchmarks/gson/gson/src/main/java/com/google/gson/internal/JavaVersion.java
560	com.google.gson.internal.JavaVersion	extractBeginningInt(java.lang.String)	0	[false]		private	false	/home/nima/Developer/nullness-benchmarks/gson/gson/src/main/java/com/google/gson/internal/JavaVersion.java
561	com.google.gson.internal.JavaVersion	getMajorJavaVersion()	0	[]		public	false	/home/nima/Developer/nullness-benchmarks/gson/gson/src/main/java/com/google/gson/internal/JavaVersion.java
562	com.google.gson.internal.JavaVersion	isJava9OrLater()	0	[]		public	false	/home/nima/Developer/nullness-benchmarks/gson/gson/src/main/java/com/google/gson/internal/JavaVersion.java
563	com.google.gson.internal.JavaVersion	JavaVersion()	0	[]		private	false	/home/nima/Developer/nullness-benchmarks/gson/gson/src/main/java/com/google/gson/internal/JavaVersion.java
564	com.google.gson.internal.$Gson$Preconditions	$Gson$Preconditions()	0	[]		private	false	/home/nima/Developer/nullness-benchmarks/gson/gson/src/main/java/com/google/gson/internal/$Gson$Preconditions.java
565	com.google.gson.internal.$Gson$Preconditions	checkNotNull(T)	0	[false]		public	true	/home/nima/Developer/nullness-benchmarks/gson/gson/src/main/java/com/google/gson/internal/$Gson$Preconditions.java
566	com.google.gson.internal.$Gson$Preconditions	checkArgument(boolean)	0	[false]		public	false	/home/nima/Developer/nullness-benchmarks/gson/gson/src/main/java/com/google/gson/internal/$Gson$Preconditions.java
567	com.google.gson.internal.reflect.UnsafeReflectionAccessor	makeAccessible(java.lang.reflect.AccessibleObject)	439	[false]	java.lang.Override	public	false	/home/nima/Developer/nullness-benchmarks/gson/gson/src/main/java/com/google/gson/internal/reflect/UnsafeReflectionAccessor.java
568	com.google.gson.internal.reflect.UnsafeReflectionAccessor	makeAccessibleWithUnsafe(java.lang.reflect.AccessibleObject)	0	[false]		package	false	/home/nima/Developer/nullness-benchmarks/gson/gson/src/main/java/com/google/gson/internal/reflect/UnsafeReflectionAccessor.java
569	com.google.gson.internal.reflect.UnsafeReflectionAccessor	getUnsafeInstance()	0	[]		private	true	/home/nima/Developer/nullness-benchmarks/gson/gson/src/main/java/com/google/gson/internal/reflect/UnsafeReflectionAccessor.java
570	com.google.gson.internal.reflect.UnsafeReflectionAccessor	getOverrideField()	0	[]		private	true	/home/nima/Developer/nullness-benchmarks/gson/gson/src/main/java/com/google/gson/internal/reflect/UnsafeReflectionAccessor.java
571	com.google.gson.internal.reflect.PreJava9ReflectionAccessor	makeAccessible(java.lang.reflect.AccessibleObject)	439	[false]	java.lang.Override	public	false	/home/nima/Developer/nullness-benchmarks/gson/gson/src/main/java/com/google/gson/internal/reflect/PreJava9ReflectionAccessor.java
572	com.google.gson.internal.UnsafeAllocator	newInstance(java.lang.Class)	0	[false]		public	true	/home/nima/Developer/nullness-benchmarks/gson/gson/src/main/java/com/google/gson/internal/UnsafeAllocator.java
573	com.google.gson.internal.UnsafeAllocator	create()	0	[]		public	true	/home/nima/Developer/nullness-benchmarks/gson/gson/src/main/java/com/google/gson/internal/UnsafeAllocator.java
574	com.google.gson.internal.UnsafeAllocator$1	newInstance(java.lang.Class)	572	[false]	java.lang.Override,java.lang.SuppressWarnings	public	true	/home/nima/Developer/nullness-benchmarks/gson/gson/src/main/java/com/google/gson/internal/UnsafeAllocator.java
575	com.google.gson.internal.UnsafeAllocator$2	newInstance(java.lang.Class)	572	[false]	java.lang.Override,java.lang.SuppressWarnings	public	true	/home/nima/Developer/nullness-benchmarks/gson/gson/src/main/java/com/google/gson/internal/UnsafeAllocator.java
576	com.google.gson.internal.UnsafeAllocator$3	newInstance(java.lang.Class)	572	[false]	java.lang.Override,java.lang.SuppressWarnings	public	true	/home/nima/Developer/nullness-benchmarks/gson/gson/src/main/java/com/google/gson/internal/UnsafeAllocator.java
577	com.google.gson.internal.UnsafeAllocator$4	newInstance(java.lang.Class)	572	[false]	java.lang.Override	public	true	/home/nima/Developer/nullness-benchmarks/gson/gson/src/main/java/com/google/gson/internal/UnsafeAllocator.java
578	com.google.gson.internal.UnsafeAllocator	assertInstantiable(java.lang.Class)	0	[false]		package	false	/home/nima/Developer/nullness-benchmarks/gson/gson/src/main/java/com/google/gson/internal/UnsafeAllocator.java
579	com.google.gson.internal.$Gson$Types	$Gson$Types()	0	[]		private	false	/home/nima/Developer/nullness-benchmarks/gson/gson/src/main/java/com/google/gson/internal/$Gson$Types.java
580	com.google.gson.internal.$Gson$Types	newParameterizedTypeWithOwner(java.lang.reflect.Type,java.lang.reflect.Type,java.lang.reflect.Type[])	0	[false, false, false]		public	true	/home/nima/Developer/nullness-benchmarks/gson/gson/src/main/java/com/google/gson/internal/$Gson$Types.java
581	com.google.gson.internal.$Gson$Types	arrayOf(java.lang.reflect.Type)	0	[false]		public	true	/home/nima/Developer/nullness-benchmarks/gson/gson/src/main/java/com/google/gson/internal/$Gson$Types.java
582	com.google.gson.internal.$Gson$Types	subtypeOf(java.lang.reflect.Type)	0	[false]		public	true	/home/nima/Developer/nullness-benchmarks/gson/gson/src/main/java/com/google/gson/internal/$Gson$Types.java
583	com.google.gson.internal.$Gson$Types	supertypeOf(java.lang.reflect.Type)	0	[false]		public	true	/home/nima/Developer/nullness-benchmarks/gson/gson/src/main/java/com/google/gson/internal/$Gson$Types.java
584	com.google.gson.internal.$Gson$Types	canonicalize(java.lang.reflect.Type)	0	[false]		public	true	/home/nima/Developer/nullness-benchmarks/gson/gson/src/main/java/com/google/gson/internal/$Gson$Types.java
585	com.google.gson.internal.$Gson$Types	getRawType(java.lang.reflect.Type)	0	[false]		public	true	/home/nima/Developer/nullness-benchmarks/gson/gson/src/main/java/com/google/gson/internal/$Gson$Types.java
586	com.google.gson.internal.$Gson$Types	equal(java.lang.Object,java.lang.Object)	0	[false, false]		package	false	/home/nima/Developer/nullness-benchmarks/gson/gson/src/main/java/com/google/gson/internal/$Gson$Types.java
587	com.google.gson.internal.$Gson$Types	equals(java.lang.reflect.Type,java.lang.reflect.Type)	0	[false, false]		public	false	/home/nima/Developer/nullness-benchmarks/gson/gson/src/main/java/com/google/gson/internal/$Gson$Types.java
588	com.google.gson.internal.$Gson$Types	hashCodeOrZero(java.lang.Object)	0	[false]		package	false	/home/nima/Developer/nullness-benchmarks/gson/gson/src/main/java/com/google/gson/internal/$Gson$Types.java
589	com.google.gson.internal.$Gson$Types	typeToString(java.lang.reflect.Type)	0	[false]		public	true	/home/nima/Developer/nullness-benchmarks/gson/gson/src/main/java/com/google/gson/internal/$Gson$Types.java
590	com.google.gson.internal.$Gson$Types	getGenericSupertype(java.lang.reflect.Type,java.lang.Class,java.lang.Class)	0	[false, false, false]		package	true	/home/nima/Developer/nullness-benchmarks/gson/gson/src/main/java/com/google/gson/internal/$Gson$Types.java
591	com.google.gson.internal.$Gson$Types	getSupertype(java.lang.reflect.Type,java.lang.Class,java.lang.Class)	0	[false, false, false]		package	true	/home/nima/Developer/nullness-benchmarks/gson/gson/src/main/java/com/google/gson/internal/$Gson$Types.java
592	com.google.gson.internal.$Gson$Types	getArrayComponentType(java.lang.reflect.Type)	0	[false]		public	true	/home/nima/Developer/nullness-benchmarks/gson/gson/src/main/java/com/google/gson/internal/$Gson$Types.java
593	com.google.gson.internal.$Gson$Types	getCollectionElementType(java.lang.reflect.Type,java.lang.Class)	0	[false, false]		public	true	/home/nima/Developer/nullness-benchmarks/gson/gson/src/main/java/com/google/gson/internal/$Gson$Types.java
594	com.google.gson.internal.$Gson$Types	getMapKeyAndValueTypes(java.lang.reflect.Type,java.lang.Class)	0	[false, false]		public	true	/home/nima/Developer/nullness-benchmarks/gson/gson/src/main/java/com/google/gson/internal/$Gson$Types.java
595	com.google.gson.internal.$Gson$Types	resolve(java.lang.reflect.Type,java.lang.Class,java.lang.reflect.Type)	0	[false, false, false]		public	true	/home/nima/Developer/nullness-benchmarks/gson/gson/src/main/java/com/google/gson/internal/$Gson$Types.java
596	com.google.gson.internal.$Gson$Types	resolve(java.lang.reflect.Type,java.lang.Class,java.lang.reflect.Type,java.util.Collection)	0	[false, false, false, false]		private	true	/home/nima/Developer/nullness-benchmarks/gson/gson/src/main/java/com/google/gson/internal/$Gson$Types.java
597	com.google.gson.internal.$Gson$Types	resolveTypeVariable(java.lang.reflect.Type,java.lang.Class,java.lang.reflect.TypeVariable)	0	[false, false, false]		package	true	/home/nima/Developer/nullness-benchmarks/gson/gson/src/main/java/com/google/gson/internal/$Gson$Types.java
598	com.google.gson.internal.$Gson$Types	indexOf(java.lang.Object[],java.lang.Object)	0	[false, false]		private	false	/home/nima/Developer/nullness-benchmarks/gson/gson/src/main/java/com/google/gson/internal/$Gson$Types.java
599	com.google.gson.internal.$Gson$Types	declaringClassOf(java.lang.reflect.TypeVariable)	0	[false]		private	true	/home/nima/Developer/nullness-benchmarks/gson/gson/src/main/java/com/google/gson/internal/$Gson$Types.java
600	com.google.gson.internal.$Gson$Types	checkNotPrimitive(java.lang.reflect.Type)	0	[false]		package	false	/home/nima/Developer/nullness-benchmarks/gson/gson/src/main/java/com/google/gson/internal/$Gson$Types.java
601	com.google.gson.internal.$Gson$Types$ParameterizedTypeImpl	ParameterizedTypeImpl(java.lang.reflect.Type,java.lang.reflect.Type,java.lang.reflect.Type[])	0	[false, false, false]		public	false	/home/nima/Developer/nullness-benchmarks/gson/gson/src/main/java/com/google/gson/internal/$Gson$Types.java
602	com.google.gson.internal.$Gson$Types$ParameterizedTypeImpl	getActualTypeArguments()	603	[]		public	true	/home/nima/Developer/nullness-benchmarks/gson/gson/src/main/java/com/google/gson/internal/$Gson$Types.java
604	com.google.gson.internal.$Gson$Types$ParameterizedTypeImpl	getRawType()	605	[]		public	true	/home/nima/Developer/nullness-benchmarks/gson/gson/src/main/java/com/google/gson/internal/$Gson$Types.java
606	com.google.gson.internal.$Gson$Types$ParameterizedTypeImpl	getOwnerType()	607	[]		public	true	/home/nima/Developer/nullness-benchmarks/gson/gson/src/main/java/com/google/gson/internal/$Gson$Types.java
608	com.google.gson.internal.$Gson$Types$ParameterizedTypeImpl	equals(java.lang.Object)	166	[false]	java.lang.Override	public	false	/home/nima/Developer/nullness-benchmarks/gson/gson/src/main/java/com/google/gson/internal/$Gson$Types.java
609	com.google.gson.internal.$Gson$Types$ParameterizedTypeImpl	hashCode()	168	[]	java.lang.Override	public	false	/home/nima/Developer/nullness-benchmarks/gson/gson/src/main/java/com/google/gson/internal/$Gson$Types.java
610	com.google.gson.internal.$Gson$Types$ParameterizedTypeImpl	toString()	53	[]	java.lang.Override	public	true	/home/nima/Developer/nullness-benchmarks/gson/gson/src/main/java/com/google/gson/internal/$Gson$Types.java
611	com.google.gson.internal.$Gson$Types$GenericArrayTypeImpl	GenericArrayTypeImpl(java.lang.reflect.Type)	0	[false]		public	false	/home/nima/Developer/nullness-benchmarks/gson/gson/src/main/java/com/google/gson/internal/$Gson$Types.java
612	com.google.gson.internal.$Gson$Types$GenericArrayTypeImpl	getGenericComponentType()	613	[]		public	true	/home/nima/Developer/nullness-benchmarks/gson/gson/src/main/java/com/google/gson/internal/$Gson$Types.java
614	com.google.gson.internal.$Gson$Types$GenericArrayTypeImpl	equals(java.lang.Object)	166	[false]	java.lang.Override	public	false	/home/nima/Developer/nullness-benchmarks/gson/gson/src/main/java/com/google/gson/internal/$Gson$Types.java
615	com.google.gson.internal.$Gson$Types$GenericArrayTypeImpl	hashCode()	168	[]	java.lang.Override	public	false	/home/nima/Developer/nullness-benchmarks/gson/gson/src/main/java/com/google/gson/internal/$Gson$Types.java
616	com.google.gson.internal.$Gson$Types$GenericArrayTypeImpl	toString()	53	[]	java.lang.Override	public	true	/home/nima/Developer/nullness-benchmarks/gson/gson/src/main/java/com/google/gson/internal/$Gson$Types.java
617	com.google.gson.internal.$Gson$Types$WildcardTypeImpl	WildcardTypeImpl(java.lang.reflect.Type[],java.lang.reflect.Type[])	0	[false, false]		public	false	/home/nima/Developer/nullness-benchmarks/gson/gson/src/main/java/com/google/gson/internal/$Gson$Types.java
618	com.google.gson.internal.$Gson$Types$WildcardTypeImpl	getUpperBounds()	619	[]		public	true	/home/nima/Developer/nullness-benchmarks/gson/gson/src/main/java/com/google/gson/internal/$Gson$Types.java
620	com.google.gson.internal.$Gson$Types$WildcardTypeImpl	getLowerBounds()	621	[]		public	true	/home/nima/Developer/nullness-benchmarks/gson/gson/src/main/java/com/google/gson/internal/$Gson$Types.java
622	com.google.gson.internal.$Gson$Types$WildcardTypeImpl	equals(java.lang.Object)	166	[false]	java.lang.Override	public	false	/home/nima/Developer/nullness-benchmarks/gson/gson/src/main/java/com/google/gson/internal/$Gson$Types.java
623	com.google.gson.internal.$Gson$Types$WildcardTypeImpl	hashCode()	168	[]	java.lang.Override	public	false	/home/nima/Developer/nullness-benchmarks/gson/gson/src/main/java/com/google/gson/internal/$Gson$Types.java
624	com.google.gson.internal.$Gson$Types$WildcardTypeImpl	toString()	53	[]	java.lang.Override	public	true	/home/nima/Developer/nullness-benchmarks/gson/gson/src/main/java/com/google/gson/internal/$Gson$Types.java
625	com.google.gson.internal.bind.JsonTreeWriter$1	write(char[],int,int)	526	[false, false, false]	java.lang.Override	public	false	/home/nima/Developer/nullness-benchmarks/gson/gson/src/main/java/com/google/gson/internal/bind/JsonTreeWriter.java
626	com.google.gson.internal.bind.JsonTreeWriter$1	flush()	530	[]	java.lang.Override	public	false	/home/nima/Developer/nullness-benchmarks/gson/gson/src/main/java/com/google/gson/internal/bind/JsonTreeWriter.java
627	com.google.gson.internal.bind.JsonTreeWriter$1	close()	532	[]	java.lang.Override	public	false	/home/nima/Developer/nullness-benchmarks/gson/gson/src/main/java/com/google/gson/internal/bind/JsonTreeWriter.java
628	com.google.gson.internal.bind.JsonTreeWriter	JsonTreeWriter()	0	[]		public	false	/home/nima/Developer/nullness-benchmarks/gson/gson/src/main/java/com/google/gson/internal/bind/JsonTreeWriter.java
629	com.google.gson.internal.bind.JsonTreeWriter	get()	0	[]		public	true	/home/nima/Developer/nullness-benchmarks/gson/gson/src/main/java/com/google/gson/internal/bind/JsonTreeWriter.java
630	com.google.gson.internal.bind.JsonTreeWriter	peek()	0	[]		private	true	/home/nima/Developer/nullness-benchmarks/gson/gson/src/main/java/com/google/gson/internal/bind/JsonTreeWriter.java
631	com.google.gson.internal.bind.JsonTreeWriter	put(com.google.gson.JsonElement)	0	[false]		private	false	/home/nima/Developer/nullness-benchmarks/gson/gson/src/main/java/com/google/gson/internal/bind/JsonTreeWriter.java
632	com.google.gson.internal.bind.JsonTreeWriter	beginArray()	337	[]	java.lang.Override	public	true	/home/nima/Developer/nullness-benchmarks/gson/gson/src/main/java/com/google/gson/internal/bind/JsonTreeWriter.java
633	com.google.gson.internal.bind.JsonTreeWriter	endArray()	338	[]	java.lang.Override	public	true	/home/nima/Developer/nullness-benchmarks/gson/gson/src/main/java/com/google/gson/internal/bind/JsonTreeWriter.java
634	com.google.gson.internal.bind.JsonTreeWriter	beginObject()	339	[]	java.lang.Override	public	true	/home/nima/Developer/nullness-benchmarks/gson/gson/src/main/java/com/google/gson/internal/bind/JsonTreeWriter.java
635	com.google.gson.internal.bind.JsonTreeWriter	endObject()	340	[]	java.lang.Override	public	true	/home/nima/Developer/nullness-benchmarks/gson/gson/src/main/java/com/google/gson/internal/bind/JsonTreeWriter.java
636	com.google.gson.internal.bind.JsonTreeWriter	name(java.lang.String)	346	[false]	java.lang.Override	public	true	/home/nima/Developer/nullness-benchmarks/gson/gson/src/main/java/com/google/gson/internal/bind/JsonTreeWriter.java
637	com.google.gson.internal.bind.JsonTreeWriter	value(java.lang.String)	348	[false]	java.lang.Override	public	true	/home/nima/Developer/nullness-benchmarks/gson/gson/src/main/java/com/google/gson/internal/bind/JsonTreeWriter.java
638	com.google.gson.internal.bind.JsonTreeWriter	nullValue()	350	[]	java.lang.Override	public	true	/home/nima/Developer/nullness-benchmarks/gson/gson/src/main/java/com/google/gson/internal/bind/JsonTreeWriter.java
639	com.google.gson.internal.bind.JsonTreeWriter	value(boolean)	351	[false]	java.lang.Override	public	true	/home/nima/Developer/nullness-benchmarks/gson/gson/src/main/java/com/google/gson/internal/bind/JsonTreeWriter.java
640	com.google.gson.internal.bind.JsonTreeWriter	value(java.lang.Boolean)	352	[false]	java.lang.Override	public	true	/home/nima/Developer/nullness-benchmarks/gson/gson/src/main/java/com/google/gson/internal/bind/JsonTreeWriter.java
641	com.google.gson.internal.bind.JsonTreeWriter	value(double)	353	[false]	java.lang.Override	public	true	/home/nima/Developer/nullness-benchmarks/gson/gson/src/main/java/com/google/gson/internal/bind/JsonTreeWriter.java
642	com.google.gson.internal.bind.JsonTreeWriter	value(long)	354	[false]	java.lang.Override	public	true	/home/nima/Developer/nullness-benchmarks/gson/gson/src/main/java/com/google/gson/internal/bind/JsonTreeWriter.java
643	com.google.gson.internal.bind.JsonTreeWriter	value(java.lang.Number)	355	[false]	java.lang.Override	public	true	/home/nima/Developer/nullness-benchmarks/gson/gson/src/main/java/com/google/gson/internal/bind/JsonTreeWriter.java
644	com.google.gson.internal.bind.JsonTreeWriter	flush()	356	[]	java.lang.Override	public	false	/home/nima/Developer/nullness-benchmarks/gson/gson/src/main/java/com/google/gson/internal/bind/JsonTreeWriter.java
645	com.google.gson.internal.bind.JsonTreeWriter	close()	358	[]	java.lang.Override	public	false	/home/nima/Developer/nullness-benchmarks/gson/gson/src/main/java/com/google/gson/internal/bind/JsonTreeWriter.java
646	com.google.gson.internal.bind.DateTypeAdapter$1	create(com.google.gson.Gson,com.google.gson.reflect.TypeToken)	89	[false, false]	java.lang.SuppressWarnings,java.lang.Override	public	true	/home/nima/Developer/nullness-benchmarks/gson/gson/src/main/java/com/google/gson/internal/bind/DateTypeAdapter.java
647	com.google.gson.internal.bind.DateTypeAdapter	DateTypeAdapter()	0	[]		public	false	/home/nima/Developer/nullness-benchmarks/gson/gson/src/main/java/com/google/gson/internal/bind/DateTypeAdapter.java
648	com.google.gson.internal.bind.DateTypeAdapter	read(com.google.gson.stream.JsonReader)	10	[false]	java.lang.Override	public	true	/home/nima/Developer/nullness-benchmarks/gson/gson/src/main/java/com/google/gson/internal/bind/DateTypeAdapter.java
649	com.google.gson.internal.bind.DateTypeAdapter	deserializeToDate(java.lang.String)	0	[false]		private	true	/home/nima/Developer/nullness-benchmarks/gson/gson/src/main/java/com/google/gson/internal/bind/DateTypeAdapter.java
650	com.google.gson.internal.bind.DateTypeAdapter	write(com.google.gson.stream.JsonWriter,java.util.Date)	12	[false, false]	java.lang.Override	public	false	/home/nima/Developer/nullness-benchmarks/gson/gson/src/main/java/com/google/gson/internal/bind/DateTypeAdapter.java
651	com.google.gson.internal.bind.TimeTypeAdapter$1	create(com.google.gson.Gson,com.google.gson.reflect.TypeToken)	89	[false, false]	java.lang.SuppressWarnings,java.lang.Override	public	true	/home/nima/Developer/nullness-benchmarks/gson/gson/src/main/java/com/google/gson/internal/bind/TimeTypeAdapter.java
652	com.google.gson.internal.bind.TimeTypeAdapter	read(com.google.gson.stream.JsonReader)	10	[false]	java.lang.Override	public	true	/home/nima/Developer/nullness-benchmarks/gson/gson/src/main/java/com/google/gson/internal/bind/TimeTypeAdapter.java
653	com.google.gson.internal.bind.TimeTypeAdapter	write(com.google.gson.stream.JsonWriter,java.sql.Time)	12	[false, false]	java.lang.Override	public	false	/home/nima/Developer/nullness-benchmarks/gson/gson/src/main/java/com/google/gson/internal/bind/TimeTypeAdapter.java
654	com.google.gson.internal.bind.util.ISO8601Utils	format(java.util.Date)	0	[false]		public	true	/home/nima/Developer/nullness-benchmarks/gson/gson/src/main/java/com/google/gson/internal/bind/util/ISO8601Utils.java
655	com.google.gson.internal.bind.util.ISO8601Utils	format(java.util.Date,boolean)	0	[false, false]		public	true	/home/nima/Developer/nullness-benchmarks/gson/gson/src/main/java/com/google/gson/internal/bind/util/ISO8601Utils.java
656	com.google.gson.internal.bind.util.ISO8601Utils	format(java.util.Date,boolean,java.util.TimeZone)	0	[false, false, false]		public	true	/home/nima/Developer/nullness-benchmarks/gson/gson/src/main/java/com/google/gson/internal/bind/util/ISO8601Utils.java
657	com.google.gson.internal.bind.util.ISO8601Utils	parse(java.lang.String,java.text.ParsePosition)	0	[false, false]		public	true	/home/nima/Developer/nullness-benchmarks/gson/gson/src/main/java/com/google/gson/internal/bind/util/ISO8601Utils.java
658	com.google.gson.internal.bind.util.ISO8601Utils	checkOffset(java.lang.String,int,char)	0	[false, false, false]		private	false	/home/nima/Developer/nullness-benchmarks/gson/gson/src/main/java/com/google/gson/internal/bind/util/ISO8601Utils.java
659	com.google.gson.internal.bind.util.ISO8601Utils	parseInt(java.lang.String,int,int)	0	[false, false, false]		private	false	/home/nima/Developer/nullness-benchmarks/gson/gson/src/main/java/com/google/gson/internal/bind/util/ISO8601Utils.java
660	com.google.gson.internal.bind.util.ISO8601Utils	padInt(java.lang.StringBuilder,int,int)	0	[false, false, false]		private	false	/home/nima/Developer/nullness-benchmarks/gson/gson/src/main/java/com/google/gson/internal/bind/util/ISO8601Utils.java
661	com.google.gson.internal.bind.util.ISO8601Utils	indexOfNonDigit(java.lang.String,int)	0	[false, false]		private	false	/home/nima/Developer/nullness-benchmarks/gson/gson/src/main/java/com/google/gson/internal/bind/util/ISO8601Utils.java
662	com.google.gson.internal.bind.ReflectiveTypeAdapterFactory	ReflectiveTypeAdapterFactory(com.google.gson.internal.ConstructorConstructor,com.google.gson.FieldNamingStrategy,com.google.gson.internal.Excluder,com.google.gson.internal.bind.JsonAdapterAnnotationTypeAdapterFactory)	0	[false, false, false, false]		public	false	/home/nima/Developer/nullness-benchmarks/gson/gson/src/main/java/com/google/gson/internal/bind/ReflectiveTypeAdapterFactory.java
663	com.google.gson.internal.bind.ReflectiveTypeAdapterFactory	excludeField(java.lang.reflect.Field,boolean)	0	[false, false]		public	false	/home/nima/Developer/nullness-benchmarks/gson/gson/src/main/java/com/google/gson/internal/bind/ReflectiveTypeAdapterFactory.java
664	com.google.gson.internal.bind.ReflectiveTypeAdapterFactory	excludeField(java.lang.reflect.Field,boolean,com.google.gson.internal.Excluder)	0	[false, false, false]		package	false	/home/nima/Developer/nullness-benchmarks/gson/gson/src/main/java/com/google/gson/internal/bind/ReflectiveTypeAdapterFactory.java
665	com.google.gson.internal.bind.ReflectiveTypeAdapterFactory	getFieldNames(java.lang.reflect.Field)	0	[false]		private	true	/home/nima/Developer/nullness-benchmarks/gson/gson/src/main/java/com/google/gson/internal/bind/ReflectiveTypeAdapterFactory.java
666	com.google.gson.internal.bind.ReflectiveTypeAdapterFactory	create(com.google.gson.Gson,com.google.gson.reflect.TypeToken)	89	[false, false]	java.lang.Override	public	true	/home/nima/Developer/nullness-benchmarks/gson/gson/src/main/java/com/google/gson/internal/bind/ReflectiveTypeAdapterFactory.java
667	com.google.gson.internal.bind.ReflectiveTypeAdapterFactory	createBoundField(com.google.gson.Gson,java.lang.reflect.Field,java.lang.String,com.google.gson.reflect.TypeToken,boolean,boolean)	0	[false, false, false, false, false, false]		private	true	/home/nima/Developer/nullness-benchmarks/gson/gson/src/main/java/com/google/gson/internal/bind/ReflectiveTypeAdapterFactory.java
668	com.google.gson.internal.bind.ReflectiveTypeAdapterFactory$1	write(com.google.gson.stream.JsonWriter,java.lang.Object)	669	[false, false]	java.lang.SuppressWarnings,java.lang.Override	package	false	/home/nima/Developer/nullness-benchmarks/gson/gson/src/main/java/com/google/gson/internal/bind/ReflectiveTypeAdapterFactory.java
670	com.google.gson.internal.bind.ReflectiveTypeAdapterFactory$1	read(com.google.gson.stream.JsonReader,java.lang.Object)	671	[false, false]	java.lang.Override	package	false	/home/nima/Developer/nullness-benchmarks/gson/gson/src/main/java/com/google/gson/internal/bind/ReflectiveTypeAdapterFactory.java
672	com.google.gson.internal.bind.ReflectiveTypeAdapterFactory$1	writeField(java.lang.Object)	673	[false]	java.lang.Override	public	false	/home/nima/Developer/nullness-benchmarks/gson/gson/src/main/java/com/google/gson/internal/bind/ReflectiveTypeAdapterFactory.java
674	com.google.gson.internal.bind.ReflectiveTypeAdapterFactory	getBoundFields(com.google.gson.Gson,com.google.gson.reflect.TypeToken,java.lang.Class)	0	[false, false, false]		private	true	/home/nima/Developer/nullness-benchmarks/gson/gson/src/main/java/com/google/gson/internal/bind/ReflectiveTypeAdapterFactory.java
675	com.google.gson.internal.bind.ReflectiveTypeAdapterFactory$BoundField	BoundField(java.lang.String,boolean,boolean)	0	[false, false, false]		protected	false	/home/nima/Developer/nullness-benchmarks/gson/gson/src/main/java/com/google/gson/internal/bind/ReflectiveTypeAdapterFactory.java
673	com.google.gson.internal.bind.ReflectiveTypeAdapterFactory$BoundField	writeField(java.lang.Object)	0	[false]		package	false	/home/nima/Developer/nullness-benchmarks/gson/gson/src/main/java/com/google/gson/internal/bind/ReflectiveTypeAdapterFactory.java
669	com.google.gson.internal.bind.ReflectiveTypeAdapterFactory$BoundField	write(com.google.gson.stream.JsonWriter,java.lang.Object)	0	[false, false]		package	false	/home/nima/Developer/nullness-benchmarks/gson/gson/src/main/java/com/google/gson/internal/bind/ReflectiveTypeAdapterFactory.java
671	com.google.gson.internal.bind.ReflectiveTypeAdapterFactory$BoundField	read(com.google.gson.stream.JsonReader,java.lang.Object)	0	[false, false]		package	false	/home/nima/Developer/nullness-benchmarks/gson/gson/src/main/java/com/google/gson/internal/bind/ReflectiveTypeAdapterFactory.java
676	com.google.gson.internal.bind.ReflectiveTypeAdapterFactory$Adapter	Adapter(com.google.gson.internal.ObjectConstructor,java.util.Map)	0	[false, false]		package	false	/home/nima/Developer/nullness-benchmarks/gson/gson/src/main/java/com/google/gson/internal/bind/ReflectiveTypeAdapterFactory.java
677	com.google.gson.internal.bind.ReflectiveTypeAdapterFactory$Adapter	read(com.google.gson.stream.JsonReader)	10	[false]	java.lang.Override	public	true	/home/nima/Developer/nullness-benchmarks/gson/gson/src/main/java/com/google/gson/internal/bind/ReflectiveTypeAdapterFactory.java
678	com.google.gson.internal.bind.ReflectiveTypeAdapterFactory$Adapter	write(com.google.gson.stream.JsonWriter,T)	12	[false, false]	java.lang.Override	public	false	/home/nima/Developer/nullness-benchmarks/gson/gson/src/main/java/com/google/gson/internal/bind/ReflectiveTypeAdapterFactory.java
679	com.google.gson.internal.bind.ObjectTypeAdapter$1	create(com.google.gson.Gson,com.google.gson.reflect.TypeToken)	89	[false, false]	java.lang.SuppressWarnings,java.lang.Override	public	true	/home/nima/Developer/nullness-benchmarks/gson/gson/src/main/java/com/google/gson/internal/bind/ObjectTypeAdapter.java
680	com.google.gson.internal.bind.ObjectTypeAdapter	ObjectTypeAdapter(com.google.gson.Gson)	0	[false]		package	false	/home/nima/Developer/nullness-benchmarks/gson/gson/src/main/java/com/google/gson/internal/bind/ObjectTypeAdapter.java
681	com.google.gson.internal.bind.ObjectTypeAdapter	read(com.google.gson.stream.JsonReader)	10	[false]	java.lang.Override	public	true	/home/nima/Developer/nullness-benchmarks/gson/gson/src/main/java/com/google/gson/internal/bind/ObjectTypeAdapter.java
682	com.google.gson.internal.bind.ObjectTypeAdapter	write(com.google.gson.stream.JsonWriter,java.lang.Object)	12	[false, false]	java.lang.SuppressWarnings,java.lang.Override	public	false	/home/nima/Developer/nullness-benchmarks/gson/gson/src/main/java/com/google/gson/internal/bind/ObjectTypeAdapter.java
683	com.google.gson.internal.bind.CollectionTypeAdapterFactory	CollectionTypeAdapterFactory(com.google.gson.internal.ConstructorConstructor)	0	[false]		public	false	/home/nima/Developer/nullness-benchmarks/gson/gson/src/main/java/com/google/gson/internal/bind/CollectionTypeAdapterFactory.java
684	com.google.gson.internal.bind.CollectionTypeAdapterFactory	create(com.google.gson.Gson,com.google.gson.reflect.TypeToken)	89	[false, false]	java.lang.Override	public	true	/home/nima/Developer/nullness-benchmarks/gson/gson/src/main/java/com/google/gson/internal/bind/CollectionTypeAdapterFactory.java
685	com.google.gson.internal.bind.CollectionTypeAdapterFactory$Adapter	Adapter(com.google.gson.Gson,java.lang.reflect.Type,com.google.gson.TypeAdapter,com.google.gson.internal.ObjectConstructor)	0	[false, false, false, false]		public	false	/home/nima/Developer/nullness-benchmarks/gson/gson/src/main/java/com/google/gson/internal/bind/CollectionTypeAdapterFactory.java
686	com.google.gson.internal.bind.CollectionTypeAdapterFactory$Adapter	read(com.google.gson.stream.JsonReader)	10	[false]	java.lang.Override	public	true	/home/nima/Developer/nullness-benchmarks/gson/gson/src/main/java/com/google/gson/internal/bind/CollectionTypeAdapterFactory.java
687	com.google.gson.internal.bind.CollectionTypeAdapterFactory$Adapter	write(com.google.gson.stream.JsonWriter,java.util.Collection)	12	[false, false]	java.lang.Override	public	false	/home/nima/Developer/nullness-benchmarks/gson/gson/src/main/java/com/google/gson/internal/bind/CollectionTypeAdapterFactory.java
688	com.google.gson.internal.bind.JsonTreeReader$1	read(char[],int,int)	689	[false, false, false]	java.lang.Override	public	false	/home/nima/Developer/nullness-benchmarks/gson/gson/src/main/java/com/google/gson/internal/bind/JsonTreeReader.java
690	com.google.gson.internal.bind.JsonTreeReader$1	close()	691	[]	java.lang.Override	public	false	/home/nima/Developer/nullness-benchmarks/gson/gson/src/main/java/com/google/gson/internal/bind/JsonTreeReader.java
692	com.google.gson.internal.bind.JsonTreeReader	JsonTreeReader(com.google.gson.JsonElement)	0	[false]		public	false	/home/nima/Developer/nullness-benchmarks/gson/gson/src/main/java/com/google/gson/internal/bind/JsonTreeReader.java
693	com.google.gson.internal.bind.JsonTreeReader	beginArray()	367	[]	java.lang.Override	public	false	/home/nima/Developer/nullness-benchmarks/gson/gson/src/main/java/com/google/gson/internal/bind/JsonTreeReader.java
694	com.google.gson.internal.bind.JsonTreeReader	endArray()	368	[]	java.lang.Override	public	false	/home/nima/Developer/nullness-benchmarks/gson/gson/src/main/java/com/google/gson/internal/bind/JsonTreeReader.java
695	com.google.gson.internal.bind.JsonTreeReader	beginObject()	369	[]	java.lang.Override	public	false	/home/nima/Developer/nullness-benchmarks/gson/gson/src/main/java/com/google/gson/internal/bind/JsonTreeReader.java
696	com.google.gson.internal.bind.JsonTreeReader	endObject()	370	[]	java.lang.Override	public	false	/home/nima/Developer/nullness-benchmarks/gson/gson/src/main/java/com/google/gson/internal/bind/JsonTreeReader.java
697	com.google.gson.internal.bind.JsonTreeReader	hasNext()	371	[]	java.lang.Override	public	false	/home/nima/Developer/nullness-benchmarks/gson/gson/src/main/java/com/google/gson/internal/bind/JsonTreeReader.java
698	com.google.gson.internal.bind.JsonTreeReader	peek()	372	[]	java.lang.Override	public	true	/home/nima/Developer/nullness-benchmarks/gson/gson/src/main/java/com/google/gson/internal/bind/JsonTreeReader.java
699	com.google.gson.internal.bind.JsonTreeReader	peekStack()	0	[]		private	true	/home/nima/Developer/nullness-benchmarks/gson/gson/src/main/java/com/google/gson/internal/bind/JsonTreeReader.java
700	com.google.gson.internal.bind.JsonTreeReader	popStack()	0	[]		private	true	/home/nima/Developer/nullness-benchmarks/gson/gson/src/main/java/com/google/gson/internal/bind/JsonTreeReader.java
701	com.google.gson.internal.bind.JsonTreeReader	expect(com.google.gson.stream.JsonToken)	0	[false]		private	false	/home/nima/Developer/nullness-benchmarks/gson/gson/src/main/java/com/google/gson/internal/bind/JsonTreeReader.java
702	com.google.gson.internal.bind.JsonTreeReader	nextName()	377	[]	java.lang.Override	public	true	/home/nima/Developer/nullness-benchmarks/gson/gson/src/main/java/com/google/gson/internal/bind/JsonTreeReader.java
703	com.google.gson.internal.bind.JsonTreeReader	nextString()	378	[]	java.lang.Override	public	true	/home/nima/Developer/nullness-benchmarks/gson/gson/src/main/java/com/google/gson/internal/bind/JsonTreeReader.java
704	com.google.gson.internal.bind.JsonTreeReader	nextBoolean()	379	[]	java.lang.Override	public	false	/home/nima/Developer/nullness-benchmarks/gson/gson/src/main/java/com/google/gson/internal/bind/JsonTreeReader.java
705	com.google.gson.internal.bind.JsonTreeReader	nextNull()	380	[]	java.lang.Override	public	false	/home/nima/Developer/nullness-benchmarks/gson/gson/src/main/java/com/google/gson/internal/bind/JsonTreeReader.java
706	com.google.gson.internal.bind.JsonTreeReader	nextDouble()	381	[]	java.lang.Override	public	false	/home/nima/Developer/nullness-benchmarks/gson/gson/src/main/java/com/google/gson/internal/bind/JsonTreeReader.java
707	com.google.gson.internal.bind.JsonTreeReader	nextLong()	382	[]	java.lang.Override	public	false	/home/nima/Developer/nullness-benchmarks/gson/gson/src/main/java/com/google/gson/internal/bind/JsonTreeReader.java
708	com.google.gson.internal.bind.JsonTreeReader	nextInt()	387	[]	java.lang.Override	public	false	/home/nima/Developer/nullness-benchmarks/gson/gson/src/main/java/com/google/gson/internal/bind/JsonTreeReader.java
709	com.google.gson.internal.bind.JsonTreeReader	close()	388	[]	java.lang.Override	public	false	/home/nima/Developer/nullness-benchmarks/gson/gson/src/main/java/com/google/gson/internal/bind/JsonTreeReader.java
710	com.google.gson.internal.bind.JsonTreeReader	skipValue()	389	[]	java.lang.Override	public	false	/home/nima/Developer/nullness-benchmarks/gson/gson/src/main/java/com/google/gson/internal/bind/JsonTreeReader.java
711	com.google.gson.internal.bind.JsonTreeReader	toString()	396	[]	java.lang.Override	public	true	/home/nima/Developer/nullness-benchmarks/gson/gson/src/main/java/com/google/gson/internal/bind/JsonTreeReader.java
712	com.google.gson.internal.bind.JsonTreeReader	promoteNameToValue()	0	[]		public	false	/home/nima/Developer/nullness-benchmarks/gson/gson/src/main/java/com/google/gson/internal/bind/JsonTreeReader.java
713	com.google.gson.internal.bind.JsonTreeReader	push(java.lang.Object)	0	[false]		private	false	/home/nima/Developer/nullness-benchmarks/gson/gson/src/main/java/com/google/gson/internal/bind/JsonTreeReader.java
714	com.google.gson.internal.bind.JsonTreeReader	getPath()	398	[]	java.lang.Override	public	true	/home/nima/Developer/nullness-benchmarks/gson/gson/src/main/java/com/google/gson/internal/bind/JsonTreeReader.java
715	com.google.gson.internal.bind.JsonTreeReader	locationString()	0	[]		private	true	/home/nima/Developer/nullness-benchmarks/gson/gson/src/main/java/com/google/gson/internal/bind/JsonTreeReader.java
716	com.google.gson.internal.bind.TypeAdapterRuntimeTypeWrapper	TypeAdapterRuntimeTypeWrapper(com.google.gson.Gson,com.google.gson.TypeAdapter,java.lang.reflect.Type)	0	[false, false, false]		package	false	/home/nima/Developer/nullness-benchmarks/gson/gson/src/main/java/com/google/gson/internal/bind/TypeAdapterRuntimeTypeWrapper.java
717	com.google.gson.internal.bind.TypeAdapterRuntimeTypeWrapper	read(com.google.gson.stream.JsonReader)	10	[false]	java.lang.Override	public	true	/home/nima/Developer/nullness-benchmarks/gson/gson/src/main/java/com/google/gson/internal/bind/TypeAdapterRuntimeTypeWrapper.java
718	com.google.gson.internal.bind.TypeAdapterRuntimeTypeWrapper	write(com.google.gson.stream.JsonWriter,T)	12	[false, false]	java.lang.SuppressWarnings,java.lang.Override	public	false	/home/nima/Developer/nullness-benchmarks/gson/gson/src/main/java/com/google/gson/internal/bind/TypeAdapterRuntimeTypeWrapper.java
719	com.google.gson.internal.bind.TypeAdapterRuntimeTypeWrapper	getRuntimeTypeIfMoreSpecific(java.lang.reflect.Type,java.lang.Object)	0	[false, false]		private	true	/home/nima/Developer/nullness-benchmarks/gson/gson/src/main/java/com/google/gson/internal/bind/TypeAdapterRuntimeTypeWrapper.java
720	com.google.gson.internal.bind.MapTypeAdapterFactory	MapTypeAdapterFactory(com.google.gson.internal.ConstructorConstructor,boolean)	0	[false, false]		public	false	/home/nima/Developer/nullness-benchmarks/gson/gson/src/main/java/com/google/gson/internal/bind/MapTypeAdapterFactory.java
721	com.google.gson.internal.bind.MapTypeAdapterFactory	create(com.google.gson.Gson,com.google.gson.reflect.TypeToken)	89	[false, false]	java.lang.Override	public	true	/home/nima/Developer/nullness-benchmarks/gson/gson/src/main/java/com/google/gson/internal/bind/MapTypeAdapterFactory.java
722	com.google.gson.internal.bind.MapTypeAdapterFactory	getKeyAdapter(com.google.gson.Gson,java.lang.reflect.Type)	0	[false, false]		private	true	/home/nima/Developer/nullness-benchmarks/gson/gson/src/main/java/com/google/gson/internal/bind/MapTypeAdapterFactory.java
723	com.google.gson.internal.bind.MapTypeAdapterFactory$Adapter	Adapter(com.google.gson.Gson,java.lang.reflect.Type,com.google.gson.TypeAdapter,java.lang.reflect.Type,com.google.gson.TypeAdapter,com.google.gson.internal.ObjectConstructor)	0	[false, false, false, false, false, false]		public	false	/home/nima/Developer/nullness-benchmarks/gson/gson/src/main/java/com/google/gson/internal/bind/MapTypeAdapterFactory.java
724	com.google.gson.internal.bind.MapTypeAdapterFactory$Adapter	read(com.google.gson.stream.JsonReader)	10	[false]	java.lang.Override	public	true	/home/nima/Developer/nullness-benchmarks/gson/gson/src/main/java/com/google/gson/internal/bind/MapTypeAdapterFactory.java
725	com.google.gson.internal.bind.MapTypeAdapterFactory$Adapter	write(com.google.gson.stream.JsonWriter,java.util.Map)	12	[false, false]	java.lang.Override	public	false	/home/nima/Developer/nullness-benchmarks/gson/gson/src/main/java/com/google/gson/internal/bind/MapTypeAdapterFactory.java
726	com.google.gson.internal.bind.MapTypeAdapterFactory$Adapter	keyToString(com.google.gson.JsonElement)	0	[false]		private	true	/home/nima/Developer/nullness-benchmarks/gson/gson/src/main/java/com/google/gson/internal/bind/MapTypeAdapterFactory.java
727	com.google.gson.internal.bind.SqlDateTypeAdapter$1	create(com.google.gson.Gson,com.google.gson.reflect.TypeToken)	89	[false, false]	java.lang.SuppressWarnings,java.lang.Override	public	true	/home/nima/Developer/nullness-benchmarks/gson/gson/src/main/java/com/google/gson/internal/bind/SqlDateTypeAdapter.java
728	com.google.gson.internal.bind.SqlDateTypeAdapter	read(com.google.gson.stream.JsonReader)	10	[false]	java.lang.Override	public	true	/home/nima/Developer/nullness-benchmarks/gson/gson/src/main/java/com/google/gson/internal/bind/SqlDateTypeAdapter.java
729	com.google.gson.internal.bind.SqlDateTypeAdapter	write(com.google.gson.stream.JsonWriter,java.sql.Date)	12	[false, false]	java.lang.Override	public	false	/home/nima/Developer/nullness-benchmarks/gson/gson/src/main/java/com/google/gson/internal/bind/SqlDateTypeAdapter.java
730	com.google.gson.internal.bind.TypeAdapters	TypeAdapters()	0	[]		private	false	/home/nima/Developer/nullness-benchmarks/gson/gson/src/main/java/com/google/gson/internal/bind/TypeAdapters.java
731	com.google.gson.internal.bind.TypeAdapters$1	write(com.google.gson.stream.JsonWriter,java.lang.Class)	12	[false, false]	java.lang.Override	public	false	/home/nima/Developer/nullness-benchmarks/gson/gson/src/main/java/com/google/gson/internal/bind/TypeAdapters.java
732	com.google.gson.internal.bind.TypeAdapters$1	read(com.google.gson.stream.JsonReader)	10	[false]	java.lang.Override	public	true	/home/nima/Developer/nullness-benchmarks/gson/gson/src/main/java/com/google/gson/internal/bind/TypeAdapters.java
733	com.google.gson.internal.bind.TypeAdapters$2	read(com.google.gson.stream.JsonReader)	10	[false]	java.lang.Override	public	true	/home/nima/Developer/nullness-benchmarks/gson/gson/src/main/java/com/google/gson/internal/bind/TypeAdapters.java
734	com.google.gson.internal.bind.TypeAdapters$2	write(com.google.gson.stream.JsonWriter,java.util.BitSet)	12	[false, false]	java.lang.Override	public	false	/home/nima/Developer/nullness-benchmarks/gson/gson/src/main/java/com/google/gson/internal/bind/TypeAdapters.java
735	com.google.gson.internal.bind.TypeAdapters$3	read(com.google.gson.stream.JsonReader)	10	[false]	java.lang.Override	public	true	/home/nima/Developer/nullness-benchmarks/gson/gson/src/main/java/com/google/gson/internal/bind/TypeAdapters.java
736	com.google.gson.internal.bind.TypeAdapters$3	write(com.google.gson.stream.JsonWriter,java.lang.Boolean)	12	[false, false]	java.lang.Override	public	false	/home/nima/Developer/nullness-benchmarks/gson/gson/src/main/java/com/google/gson/internal/bind/TypeAdapters.java
737	com.google.gson.internal.bind.TypeAdapters$4	read(com.google.gson.stream.JsonReader)	10	[false]	java.lang.Override	public	true	/home/nima/Developer/nullness-benchmarks/gson/gson/src/main/java/com/google/gson/internal/bind/TypeAdapters.java
738	com.google.gson.internal.bind.TypeAdapters$4	write(com.google.gson.stream.JsonWriter,java.lang.Boolean)	12	[false, false]	java.lang.Override	public	false	/home/nima/Developer/nullness-benchmarks/gson/gson/src/main/java/com/google/gson/internal/bind/TypeAdapters.java
739	com.google.gson.internal.bind.TypeAdapters$5	read(com.google.gson.stream.JsonReader)	10	[false]	java.lang.Override	public	true	/home/nima/Developer/nullness-benchmarks/gson/gson/src/main/java/com/google/gson/internal/bind/TypeAdapters.java
740	com.google.gson.internal.bind.TypeAdapters$5	write(com.google.gson.stream.JsonWriter,java.lang.Number)	12	[false, false]	java.lang.Override	public	false	/home/nima/Developer/nullness-benchmarks/gson/gson/src/main/java/com/google/gson/internal/bind/TypeAdapters.java
741	com.google.gson.internal.bind.TypeAdapters$6	read(com.google.gson.stream.JsonReader)	10	[false]	java.lang.Override	public	true	/home/nima/Developer/nullness-benchmarks/gson/gson/src/main/java/com/google/gson/internal/bind/TypeAdapters.java
742	com.google.gson.internal.bind.TypeAdapters$6	write(com.google.gson.stream.JsonWriter,java.lang.Number)	12	[false, false]	java.lang.Override	public	false	/home/nima/Developer/nullness-benchmarks/gson/gson/src/main/java/com/google/gson/internal/bind/TypeAdapters.java
743	com.google.gson.internal.bind.TypeAdapters$7	read(com.google.gson.stream.JsonReader)	10	[false]	java.lang.Override	public	true	/home/nima/Developer/nullness-benchmarks/gson/gson/src/main/java/com/google/gson/internal/bind/TypeAdapters.java
744	com.google.gson.internal.bind.TypeAdapters$7	write(com.google.gson.stream.JsonWriter,java.lang.Number)	12	[false, false]	java.lang.Override	public	false	/home/nima/Developer/nullness-benchmarks/gson/gson/src/main/java/com/google/gson/internal/bind/TypeAdapters.java
745	com.google.gson.internal.bind.TypeAdapters$8	read(com.google.gson.stream.JsonReader)	10	[false]	java.lang.Override	public	true	/home/nima/Developer/nullness-benchmarks/gson/gson/src/main/java/com/google/gson/internal/bind/TypeAdapters.java
746	com.google.gson.internal.bind.TypeAdapters$8	write(com.google.gson.stream.JsonWriter,java.util.concurrent.atomic.AtomicInteger)	12	[false, false]	java.lang.Override	public	false	/home/nima/Developer/nullness-benchmarks/gson/gson/src/main/java/com/google/gson/internal/bind/TypeAdapters.java
747	com.google.gson.internal.bind.TypeAdapters$9	read(com.google.gson.stream.JsonReader)	10	[false]	java.lang.Override	public	true	/home/nima/Developer/nullness-benchmarks/gson/gson/src/main/java/com/google/gson/internal/bind/TypeAdapters.java
748	com.google.gson.internal.bind.TypeAdapters$9	write(com.google.gson.stream.JsonWriter,java.util.concurrent.atomic.AtomicBoolean)	12	[false, false]	java.lang.Override	public	false	/home/nima/Developer/nullness-benchmarks/gson/gson/src/main/java/com/google/gson/internal/bind/TypeAdapters.java
749	com.google.gson.internal.bind.TypeAdapters$10	read(com.google.gson.stream.JsonReader)	10	[false]	java.lang.Override	public	true	/home/nima/Developer/nullness-benchmarks/gson/gson/src/main/java/com/google/gson/internal/bind/TypeAdapters.java
750	com.google.gson.internal.bind.TypeAdapters$10	write(com.google.gson.stream.JsonWriter,java.util.concurrent.atomic.AtomicIntegerArray)	12	[false, false]	java.lang.Override	public	false	/home/nima/Developer/nullness-benchmarks/gson/gson/src/main/java/com/google/gson/internal/bind/TypeAdapters.java
751	com.google.gson.internal.bind.TypeAdapters$11	read(com.google.gson.stream.JsonReader)	10	[false]	java.lang.Override	public	true	/home/nima/Developer/nullness-benchmarks/gson/gson/src/main/java/com/google/gson/internal/bind/TypeAdapters.java
752	com.google.gson.internal.bind.TypeAdapters$11	write(com.google.gson.stream.JsonWriter,java.lang.Number)	12	[false, false]	java.lang.Override	public	false	/home/nima/Developer/nullness-benchmarks/gson/gson/src/main/java/com/google/gson/internal/bind/TypeAdapters.java
753	com.google.gson.internal.bind.TypeAdapters$12	read(com.google.gson.stream.JsonReader)	10	[false]	java.lang.Override	public	true	/home/nima/Developer/nullness-benchmarks/gson/gson/src/main/java/com/google/gson/internal/bind/TypeAdapters.java
754	com.google.gson.internal.bind.TypeAdapters$12	write(com.google.gson.stream.JsonWriter,java.lang.Number)	12	[false, false]	java.lang.Override	public	false	/home/nima/Developer/nullness-benchmarks/gson/gson/src/main/java/com/google/gson/internal/bind/TypeAdapters.java
755	com.google.gson.internal.bind.TypeAdapters$13	read(com.google.gson.stream.JsonReader)	10	[false]	java.lang.Override	public	true	/home/nima/Developer/nullness-benchmarks/gson/gson/src/main/java/com/google/gson/internal/bind/TypeAdapters.java
756	com.google.gson.internal.bind.TypeAdapters$13	write(com.google.gson.stream.JsonWriter,java.lang.Number)	12	[false, false]	java.lang.Override	public	false	/home/nima/Developer/nullness-benchmarks/gson/gson/src/main/java/com/google/gson/internal/bind/TypeAdapters.java
757	com.google.gson.internal.bind.TypeAdapters$14	read(com.google.gson.stream.JsonReader)	10	[false]	java.lang.Override	public	true	/home/nima/Developer/nullness-benchmarks/gson/gson/src/main/java/com/google/gson/internal/bind/TypeAdapters.java
758	com.google.gson.internal.bind.TypeAdapters$14	write(com.google.gson.stream.JsonWriter,java.lang.Number)	12	[false, false]	java.lang.Override	public	false	/home/nima/Developer/nullness-benchmarks/gson/gson/src/main/java/com/google/gson/internal/bind/TypeAdapters.java
759	com.google.gson.internal.bind.TypeAdapters$15	read(com.google.gson.stream.JsonReader)	10	[false]	java.lang.Override	public	true	/home/nima/Developer/nullness-benchmarks/gson/gson/src/main/java/com/google/gson/internal/bind/TypeAdapters.java
760	com.google.gson.internal.bind.TypeAdapters$15	write(com.google.gson.stream.JsonWriter,java.lang.Character)	12	[false, false]	java.lang.Override	public	false	/home/nima/Developer/nullness-benchmarks/gson/gson/src/main/java/com/google/gson/internal/bind/TypeAdapters.java
761	com.google.gson.internal.bind.TypeAdapters$16	read(com.google.gson.stream.JsonReader)	10	[false]	java.lang.Override	public	true	/home/nima/Developer/nullness-benchmarks/gson/gson/src/main/java/com/google/gson/internal/bind/TypeAdapters.java
762	com.google.gson.internal.bind.TypeAdapters$16	write(com.google.gson.stream.JsonWriter,java.lang.String)	12	[false, false]	java.lang.Override	public	false	/home/nima/Developer/nullness-benchmarks/gson/gson/src/main/java/com/google/gson/internal/bind/TypeAdapters.java
763	com.google.gson.internal.bind.TypeAdapters$17	read(com.google.gson.stream.JsonReader)	10	[false]	java.lang.Override	public	true	/home/nima/Developer/nullness-benchmarks/gson/gson/src/main/java/com/google/gson/internal/bind/TypeAdapters.java
764	com.google.gson.internal.bind.TypeAdapters$17	write(com.google.gson.stream.JsonWriter,java.math.BigDecimal)	12	[false, false]	java.lang.Override	public	false	/home/nima/Developer/nullness-benchmarks/gson/gson/src/main/java/com/google/gson/internal/bind/TypeAdapters.java
765	com.google.gson.internal.bind.TypeAdapters$18	read(com.google.gson.stream.JsonReader)	10	[false]	java.lang.Override	public	true	/home/nima/Developer/nullness-benchmarks/gson/gson/src/main/java/com/google/gson/internal/bind/TypeAdapters.java
766	com.google.gson.internal.bind.TypeAdapters$18	write(com.google.gson.stream.JsonWriter,java.math.BigInteger)	12	[false, false]	java.lang.Override	public	false	/home/nima/Developer/nullness-benchmarks/gson/gson/src/main/java/com/google/gson/internal/bind/TypeAdapters.java
767	com.google.gson.internal.bind.TypeAdapters$19	read(com.google.gson.stream.JsonReader)	10	[false]	java.lang.Override	public	true	/home/nima/Developer/nullness-benchmarks/gson/gson/src/main/java/com/google/gson/internal/bind/TypeAdapters.java
768	com.google.gson.internal.bind.TypeAdapters$19	write(com.google.gson.stream.JsonWriter,java.lang.StringBuilder)	12	[false, false]	java.lang.Override	public	false	/home/nima/Developer/nullness-benchmarks/gson/gson/src/main/java/com/google/gson/internal/bind/TypeAdapters.java
769	com.google.gson.internal.bind.TypeAdapters$20	read(com.google.gson.stream.JsonReader)	10	[false]	java.lang.Override	public	true	/home/nima/Developer/nullness-benchmarks/gson/gson/src/main/java/com/google/gson/internal/bind/TypeAdapters.java
770	com.google.gson.internal.bind.TypeAdapters$20	write(com.google.gson.stream.JsonWriter,java.lang.StringBuffer)	12	[false, false]	java.lang.Override	public	false	/home/nima/Developer/nullness-benchmarks/gson/gson/src/main/java/com/google/gson/internal/bind/TypeAdapters.java
771	com.google.gson.internal.bind.TypeAdapters$21	read(com.google.gson.stream.JsonReader)	10	[false]	java.lang.Override	public	true	/home/nima/Developer/nullness-benchmarks/gson/gson/src/main/java/com/google/gson/internal/bind/TypeAdapters.java
772	com.google.gson.internal.bind.TypeAdapters$21	write(com.google.gson.stream.JsonWriter,java.net.URL)	12	[false, false]	java.lang.Override	public	false	/home/nima/Developer/nullness-benchmarks/gson/gson/src/main/java/com/google/gson/internal/bind/TypeAdapters.java
773	com.google.gson.internal.bind.TypeAdapters$22	read(com.google.gson.stream.JsonReader)	10	[false]	java.lang.Override	public	true	/home/nima/Developer/nullness-benchmarks/gson/gson/src/main/java/com/google/gson/internal/bind/TypeAdapters.java
774	com.google.gson.internal.bind.TypeAdapters$22	write(com.google.gson.stream.JsonWriter,java.net.URI)	12	[false, false]	java.lang.Override	public	false	/home/nima/Developer/nullness-benchmarks/gson/gson/src/main/java/com/google/gson/internal/bind/TypeAdapters.java
775	com.google.gson.internal.bind.TypeAdapters$23	read(com.google.gson.stream.JsonReader)	10	[false]	java.lang.Override	public	true	/home/nima/Developer/nullness-benchmarks/gson/gson/src/main/java/com/google/gson/internal/bind/TypeAdapters.java
776	com.google.gson.internal.bind.TypeAdapters$23	write(com.google.gson.stream.JsonWriter,java.net.InetAddress)	12	[false, false]	java.lang.Override	public	false	/home/nima/Developer/nullness-benchmarks/gson/gson/src/main/java/com/google/gson/internal/bind/TypeAdapters.java
777	com.google.gson.internal.bind.TypeAdapters$24	read(com.google.gson.stream.JsonReader)	10	[false]	java.lang.Override	public	true	/home/nima/Developer/nullness-benchmarks/gson/gson/src/main/java/com/google/gson/internal/bind/TypeAdapters.java
778	com.google.gson.internal.bind.TypeAdapters$24	write(com.google.gson.stream.JsonWriter,java.util.UUID)	12	[false, false]	java.lang.Override	public	false	/home/nima/Developer/nullness-benchmarks/gson/gson/src/main/java/com/google/gson/internal/bind/TypeAdapters.java
779	com.google.gson.internal.bind.TypeAdapters$25	read(com.google.gson.stream.JsonReader)	10	[false]	java.lang.Override	public	true	/home/nima/Developer/nullness-benchmarks/gson/gson/src/main/java/com/google/gson/internal/bind/TypeAdapters.java
780	com.google.gson.internal.bind.TypeAdapters$25	write(com.google.gson.stream.JsonWriter,java.util.Currency)	12	[false, false]	java.lang.Override	public	false	/home/nima/Developer/nullness-benchmarks/gson/gson/src/main/java/com/google/gson/internal/bind/TypeAdapters.java
781	com.google.gson.internal.bind.TypeAdapters$26	create(com.google.gson.Gson,com.google.gson.reflect.TypeToken)	89	[false, false]	java.lang.SuppressWarnings,java.lang.Override	public	true	/home/nima/Developer/nullness-benchmarks/gson/gson/src/main/java/com/google/gson/internal/bind/TypeAdapters.java
782	com.google.gson.internal.bind.TypeAdapters$26$1	read(com.google.gson.stream.JsonReader)	10	[false]	java.lang.Override	public	true	/home/nima/Developer/nullness-benchmarks/gson/gson/src/main/java/com/google/gson/internal/bind/TypeAdapters.java
783	com.google.gson.internal.bind.TypeAdapters$26$1	write(com.google.gson.stream.JsonWriter,java.sql.Timestamp)	12	[false, false]	java.lang.Override	public	false	/home/nima/Developer/nullness-benchmarks/gson/gson/src/main/java/com/google/gson/internal/bind/TypeAdapters.java
784	com.google.gson.internal.bind.TypeAdapters$27	read(com.google.gson.stream.JsonReader)	10	[false]	java.lang.Override	public	true	/home/nima/Developer/nullness-benchmarks/gson/gson/src/main/java/com/google/gson/internal/bind/TypeAdapters.java
785	com.google.gson.internal.bind.TypeAdapters$27	write(com.google.gson.stream.JsonWriter,java.util.Calendar)	12	[false, false]	java.lang.Override	public	false	/home/nima/Developer/nullness-benchmarks/gson/gson/src/main/java/com/google/gson/internal/bind/TypeAdapters.java
786	com.google.gson.internal.bind.TypeAdapters$28	read(com.google.gson.stream.JsonReader)	10	[false]	java.lang.Override	public	true	/home/nima/Developer/nullness-benchmarks/gson/gson/src/main/java/com/google/gson/internal/bind/TypeAdapters.java
787	com.google.gson.internal.bind.TypeAdapters$28	write(com.google.gson.stream.JsonWriter,java.util.Locale)	12	[false, false]	java.lang.Override	public	false	/home/nima/Developer/nullness-benchmarks/gson/gson/src/main/java/com/google/gson/internal/bind/TypeAdapters.java
788	com.google.gson.internal.bind.TypeAdapters$29	read(com.google.gson.stream.JsonReader)	10	[false]	java.lang.Override	public	true	/home/nima/Developer/nullness-benchmarks/gson/gson/src/main/java/com/google/gson/internal/bind/TypeAdapters.java
789	com.google.gson.internal.bind.TypeAdapters$29	write(com.google.gson.stream.JsonWriter,com.google.gson.JsonElement)	12	[false, false]	java.lang.Override	public	false	/home/nima/Developer/nullness-benchmarks/gson/gson/src/main/java/com/google/gson/internal/bind/TypeAdapters.java
790	com.google.gson.internal.bind.TypeAdapters$EnumTypeAdapter	EnumTypeAdapter(java.lang.Class)	0	[false]		public	false	/home/nima/Developer/nullness-benchmarks/gson/gson/src/main/java/com/google/gson/internal/bind/TypeAdapters.java
791	com.google.gson.internal.bind.TypeAdapters$EnumTypeAdapter	read(com.google.gson.stream.JsonReader)	10	[false]	java.lang.Override	public	true	/home/nima/Developer/nullness-benchmarks/gson/gson/src/main/java/com/google/gson/internal/bind/TypeAdapters.java
792	com.google.gson.internal.bind.TypeAdapters$EnumTypeAdapter	write(com.google.gson.stream.JsonWriter,T)	12	[false, false]	java.lang.Override	public	false	/home/nima/Developer/nullness-benchmarks/gson/gson/src/main/java/com/google/gson/internal/bind/TypeAdapters.java
793	com.google.gson.internal.bind.TypeAdapters$30	create(com.google.gson.Gson,com.google.gson.reflect.TypeToken)	89	[false, false]	java.lang.SuppressWarnings,java.lang.Override	public	true	/home/nima/Developer/nullness-benchmarks/gson/gson/src/main/java/com/google/gson/internal/bind/TypeAdapters.java
794	com.google.gson.internal.bind.TypeAdapters	newFactory(com.google.gson.reflect.TypeToken,com.google.gson.TypeAdapter)	0	[false, false]		public	true	/home/nima/Developer/nullness-benchmarks/gson/gson/src/main/java/com/google/gson/internal/bind/TypeAdapters.java
795	com.google.gson.internal.bind.TypeAdapters$31	create(com.google.gson.Gson,com.google.gson.reflect.TypeToken)	89	[false, false]	java.lang.SuppressWarnings,java.lang.Override	public	true	/home/nima/Developer/nullness-benchmarks/gson/gson/src/main/java/com/google/gson/internal/bind/TypeAdapters.java
796	com.google.gson.internal.bind.TypeAdapters	newFactory(java.lang.Class,com.google.gson.TypeAdapter)	0	[false, false]		public	true	/home/nima/Developer/nullness-benchmarks/gson/gson/src/main/java/com/google/gson/internal/bind/TypeAdapters.java
797	com.google.gson.internal.bind.TypeAdapters$32	create(com.google.gson.Gson,com.google.gson.reflect.TypeToken)	89	[false, false]	java.lang.SuppressWarnings,java.lang.Override	public	true	/home/nima/Developer/nullness-benchmarks/gson/gson/src/main/java/com/google/gson/internal/bind/TypeAdapters.java
798	com.google.gson.internal.bind.TypeAdapters$32	toString()	53	[]	java.lang.Override	public	true	/home/nima/Developer/nullness-benchmarks/gson/gson/src/main/java/com/google/gson/internal/bind/TypeAdapters.java
799	com.google.gson.internal.bind.TypeAdapters	newFactory(java.lang.Class,java.lang.Class,com.google.gson.TypeAdapter)	0	[false, false, false]		public	true	/home/nima/Developer/nullness-benchmarks/gson/gson/src/main/java/com/google/gson/internal/bind/TypeAdapters.java
800	com.google.gson.internal.bind.TypeAdapters$33	create(com.google.gson.Gson,com.google.gson.reflect.TypeToken)	89	[false, false]	java.lang.SuppressWarnings,java.lang.Override	public	true	/home/nima/Developer/nullness-benchmarks/gson/gson/src/main/java/com/google/gson/internal/bind/TypeAdapters.java
801	com.google.gson.internal.bind.TypeAdapters$33	toString()	53	[]	java.lang.Override	public	true	/home/nima/Developer/nullness-benchmarks/gson/gson/src/main/java/com/google/gson/internal/bind/TypeAdapters.java
802	com.google.gson.internal.bind.TypeAdapters	newFactoryForMultipleTypes(java.lang.Class,java.lang.Class,com.google.gson.TypeAdapter)	0	[false, false, false]		public	true	/home/nima/Developer/nullness-benchmarks/gson/gson/src/main/java/com/google/gson/internal/bind/TypeAdapters.java
803	com.google.gson.internal.bind.TypeAdapters$34	create(com.google.gson.Gson,com.google.gson.reflect.TypeToken)	89	[false, false]	java.lang.SuppressWarnings,java.lang.Override	public	true	/home/nima/Developer/nullness-benchmarks/gson/gson/src/main/java/com/google/gson/internal/bind/TypeAdapters.java
804	com.google.gson.internal.bind.TypeAdapters$34	toString()	53	[]	java.lang.Override	public	true	/home/nima/Developer/nullness-benchmarks/gson/gson/src/main/java/com/google/gson/internal/bind/TypeAdapters.java
805	com.google.gson.internal.bind.TypeAdapters	newTypeHierarchyFactory(java.lang.Class,com.google.gson.TypeAdapter)	0	[false, false]		public	true	/home/nima/Developer/nullness-benchmarks/gson/gson/src/main/java/com/google/gson/internal/bind/TypeAdapters.java
806	com.google.gson.internal.bind.TypeAdapters$35	create(com.google.gson.Gson,com.google.gson.reflect.TypeToken)	89	[false, false]	java.lang.SuppressWarnings,java.lang.Override	public	true	/home/nima/Developer/nullness-benchmarks/gson/gson/src/main/java/com/google/gson/internal/bind/TypeAdapters.java
807	com.google.gson.internal.bind.TypeAdapters$35$1	write(com.google.gson.stream.JsonWriter,T1)	12	[false, false]	java.lang.Override	public	false	/home/nima/Developer/nullness-benchmarks/gson/gson/src/main/java/com/google/gson/internal/bind/TypeAdapters.java
808	com.google.gson.internal.bind.TypeAdapters$35$1	read(com.google.gson.stream.JsonReader)	10	[false]	java.lang.Override	public	true	/home/nima/Developer/nullness-benchmarks/gson/gson/src/main/java/com/google/gson/internal/bind/TypeAdapters.java
809	com.google.gson.internal.bind.TypeAdapters$35	toString()	53	[]	java.lang.Override	public	true	/home/nima/Developer/nullness-benchmarks/gson/gson/src/main/java/com/google/gson/internal/bind/TypeAdapters.java
810	com.google.gson.internal.bind.TreeTypeAdapter	TreeTypeAdapter(com.google.gson.JsonSerializer,com.google.gson.JsonDeserializer,com.google.gson.Gson,com.google.gson.reflect.TypeToken,com.google.gson.TypeAdapterFactory)	0	[false, false, false, false, false]		public	false	/home/nima/Developer/nullness-benchmarks/gson/gson/src/main/java/com/google/gson/internal/bind/TreeTypeAdapter.java
811	com.google.gson.internal.bind.TreeTypeAdapter	read(com.google.gson.stream.JsonReader)	10	[false]	java.lang.Override	public	true	/home/nima/Developer/nullness-benchmarks/gson/gson/src/main/java/com/google/gson/internal/bind/TreeTypeAdapter.java
812	com.google.gson.internal.bind.TreeTypeAdapter	write(com.google.gson.stream.JsonWriter,T)	12	[false, false]	java.lang.Override	public	false	/home/nima/Developer/nullness-benchmarks/gson/gson/src/main/java/com/google/gson/internal/bind/TreeTypeAdapter.java
813	com.google.gson.internal.bind.TreeTypeAdapter	delegate()	0	[]		private	true	/home/nima/Developer/nullness-benchmarks/gson/gson/src/main/java/com/google/gson/internal/bind/TreeTypeAdapter.java
814	com.google.gson.internal.bind.TreeTypeAdapter	newFactory(com.google.gson.reflect.TypeToken,java.lang.Object)	0	[false, false]		public	true	/home/nima/Developer/nullness-benchmarks/gson/gson/src/main/java/com/google/gson/internal/bind/TreeTypeAdapter.java
815	com.google.gson.internal.bind.TreeTypeAdapter	newFactoryWithMatchRawType(com.google.gson.reflect.TypeToken,java.lang.Object)	0	[false, false]		public	true	/home/nima/Developer/nullness-benchmarks/gson/gson/src/main/java/com/google/gson/internal/bind/TreeTypeAdapter.java
816	com.google.gson.internal.bind.TreeTypeAdapter	newTypeHierarchyFactory(java.lang.Class,java.lang.Object)	0	[false, false]		public	true	/home/nima/Developer/nullness-benchmarks/gson/gson/src/main/java/com/google/gson/internal/bind/TreeTypeAdapter.java
817	com.google.gson.internal.bind.TreeTypeAdapter$SingleTypeFactory	SingleTypeFactory(java.lang.Object,com.google.gson.reflect.TypeToken,boolean,java.lang.Class)	0	[false, false, false, false]		package	false	/home/nima/Developer/nullness-benchmarks/gson/gson/src/main/java/com/google/gson/internal/bind/TreeTypeAdapter.java
818	com.google.gson.internal.bind.TreeTypeAdapter$SingleTypeFactory	create(com.google.gson.Gson,com.google.gson.reflect.TypeToken)	89	[false, false]	java.lang.SuppressWarnings,java.lang.Override	public	true	/home/nima/Developer/nullness-benchmarks/gson/gson/src/main/java/com/google/gson/internal/bind/TreeTypeAdapter.java
819	com.google.gson.internal.bind.TreeTypeAdapter$GsonContextImpl	serialize(java.lang.Object)	443	[false]	java.lang.Override	public	true	/home/nima/Developer/nullness-benchmarks/gson/gson/src/main/java/com/google/gson/internal/bind/TreeTypeAdapter.java
820	com.google.gson.internal.bind.TreeTypeAdapter$GsonContextImpl	serialize(java.lang.Object,java.lang.reflect.Type)	444	[false, false]	java.lang.Override	public	true	/home/nima/Developer/nullness-benchmarks/gson/gson/src/main/java/com/google/gson/internal/bind/TreeTypeAdapter.java
821	com.google.gson.internal.bind.TreeTypeAdapter$GsonContextImpl	deserialize(com.google.gson.JsonElement,java.lang.reflect.Type)	441	[false, false]	java.lang.SuppressWarnings,java.lang.Override	public	true	/home/nima/Developer/nullness-benchmarks/gson/gson/src/main/java/com/google/gson/internal/bind/TreeTypeAdapter.java
822	com.google.gson.JsonDeserializer	deserialize(com.google.gson.JsonElement,java.lang.reflect.Type,com.google.gson.JsonDeserializationContext)	0	[false, false, false]		public	true	/home/nima/Developer/nullness-benchmarks/gson/gson/src/main/java/com/google/gson/JsonDeserializer.java
823	com.google.gson.internal.bind.ArrayTypeAdapter$1	create(com.google.gson.Gson,com.google.gson.reflect.TypeToken)	89	[false, false]	java.lang.SuppressWarnings,java.lang.Override	public	true	/home/nima/Developer/nullness-benchmarks/gson/gson/src/main/java/com/google/gson/internal/bind/ArrayTypeAdapter.java
824	com.google.gson.internal.bind.ArrayTypeAdapter	ArrayTypeAdapter(com.google.gson.Gson,com.google.gson.TypeAdapter,java.lang.Class)	0	[false, false, false]		public	false	/home/nima/Developer/nullness-benchmarks/gson/gson/src/main/java/com/google/gson/internal/bind/ArrayTypeAdapter.java
825	com.google.gson.internal.bind.ArrayTypeAdapter	read(com.google.gson.stream.JsonReader)	10	[false]	java.lang.Override	public	true	/home/nima/Developer/nullness-benchmarks/gson/gson/src/main/java/com/google/gson/internal/bind/ArrayTypeAdapter.java
826	com.google.gson.internal.bind.ArrayTypeAdapter	write(com.google.gson.stream.JsonWriter,java.lang.Object)	12	[false, false]	java.lang.SuppressWarnings,java.lang.Override	public	false	/home/nima/Developer/nullness-benchmarks/gson/gson/src/main/java/com/google/gson/internal/bind/ArrayTypeAdapter.java
827	com.google.gson.internal.PreJava9DateFormatProvider	getUSDateFormat(int)	0	[false]		public	true	/home/nima/Developer/nullness-benchmarks/gson/gson/src/main/java/com/google/gson/internal/PreJava9DateFormatProvider.java
828	com.google.gson.internal.PreJava9DateFormatProvider	getUSDateTimeFormat(int,int)	0	[false, false]		public	true	/home/nima/Developer/nullness-benchmarks/gson/gson/src/main/java/com/google/gson/internal/PreJava9DateFormatProvider.java
829	com.google.gson.internal.PreJava9DateFormatProvider	getDateFormatPattern(int)	0	[false]		private	true	/home/nima/Developer/nullness-benchmarks/gson/gson/src/main/java/com/google/gson/internal/PreJava9DateFormatProvider.java
830	com.google.gson.internal.PreJava9DateFormatProvider	getDatePartOfDateTimePattern(int)	0	[false]		private	true	/home/nima/Developer/nullness-benchmarks/gson/gson/src/main/java/com/google/gson/internal/PreJava9DateFormatProvider.java
831	com.google.gson.internal.PreJava9DateFormatProvider	getTimePartOfDateTimePattern(int)	0	[false]		private	true	/home/nima/Developer/nullness-benchmarks/gson/gson/src/main/java/com/google/gson/internal/PreJava9DateFormatProvider.java
832	com.google.gson.stream.MalformedJsonException	MalformedJsonException(java.lang.String)	0	[false]		public	false	/home/nima/Developer/nullness-benchmarks/gson/gson/src/main/java/com/google/gson/stream/MalformedJsonException.java
833	com.google.gson.stream.MalformedJsonException	MalformedJsonException(java.lang.String,java.lang.Throwable)	0	[false, false]		public	false	/home/nima/Developer/nullness-benchmarks/gson/gson/src/main/java/com/google/gson/stream/MalformedJsonException.java
834	com.google.gson.stream.MalformedJsonException	MalformedJsonException(java.lang.Throwable)	0	[false]		public	false	/home/nima/Developer/nullness-benchmarks/gson/gson/src/main/java/com/google/gson/stream/MalformedJsonException.java
835	com.google.gson.JsonParser	JsonParser()	0	[]	java.lang.Deprecated	public	false	/home/nima/Developer/nullness-benchmarks/gson/gson/src/main/java/com/google/gson/JsonParser.java
836	com.google.gson.JsonParser	parseString(java.lang.String)	0	[false]		public	true	/home/nima/Developer/nullness-benchmarks/gson/gson/src/main/java/com/google/gson/JsonParser.java
837	com.google.gson.JsonParser	parseReader(java.io.Reader)	0	[false]		public	true	/home/nima/Developer/nullness-benchmarks/gson/gson/src/main/java/com/google/gson/JsonParser.java
838	com.google.gson.JsonParser	parseReader(com.google.gson.stream.JsonReader)	0	[false]		public	true	/home/nima/Developer/nullness-benchmarks/gson/gson/src/main/java/com/google/gson/JsonParser.java
839	com.google.gson.JsonParser	parse(java.lang.String)	0	[false]	java.lang.Deprecated	public	true	/home/nima/Developer/nullness-benchmarks/gson/gson/src/main/java/com/google/gson/JsonParser.java
840	com.google.gson.JsonParser	parse(java.io.Reader)	0	[false]	java.lang.Deprecated	public	true	/home/nima/Developer/nullness-benchmarks/gson/gson/src/main/java/com/google/gson/JsonParser.java
841	com.google.gson.JsonParser	parse(com.google.gson.stream.JsonReader)	0	[false]	java.lang.Deprecated	public	true	/home/nima/Developer/nullness-benchmarks/gson/gson/src/main/java/com/google/gson/JsonParser.java
