REGION_CLASS	REGION_MEMBER	USED_MEMBER	USED_CLASS	SOURCE_TYPE
com.google.gson.JsonElement	isJsonArray()	this	com.google.gson.JsonElement	SOURCE
com.google.gson.JsonElement	isJsonObject()	this	com.google.gson.JsonElement	SOURCE
com.google.gson.JsonElement	isJsonPrimitive()	this	com.google.gson.JsonElement	SOURCE
com.google.gson.JsonElement	isJsonNull()	this	com.google.gson.JsonElement	SOURCE
com.google.gson.JsonElement	getAsJsonObject()	this	com.google.gson.JsonElement	SOURCE
com.google.gson.JsonElement	getAsJsonObject()	this	com.google.gson.JsonElement	SOURCE
com.google.gson.JsonElement	getAsJsonArray()	this	com.google.gson.JsonElement	SOURCE
com.google.gson.JsonElement	getAsJsonArray()	this	com.google.gson.JsonElement	SOURCE
com.google.gson.JsonElement	getAsJsonPrimitive()	this	com.google.gson.JsonElement	SOURCE
com.google.gson.JsonElement	getAsJsonPrimitive()	this	com.google.gson.JsonElement	SOURCE
com.google.gson.JsonElement	getAsJsonNull()	this	com.google.gson.JsonElement	SOURCE
com.google.gson.JsonElement	getAsJsonNull()	this	com.google.gson.JsonElement	SOURCE
com.google.gson.JsonElement	toString()	this	com.google.gson.JsonElement	SOURCE
com.google.gson.JsonObject	deepCopy()	members	com.google.gson.JsonObject	SOURCE
com.google.gson.JsonObject	add(java.lang.String,com.google.gson.JsonElement)	members	com.google.gson.JsonObject	SOURCE
com.google.gson.JsonObject	add(java.lang.String,com.google.gson.JsonElement)	INSTANCE	com.google.gson.JsonNull	SOURCE
com.google.gson.JsonObject	remove(java.lang.String)	members	com.google.gson.JsonObject	SOURCE
com.google.gson.JsonObject	addProperty(java.lang.String,java.lang.String)	INSTANCE	com.google.gson.JsonNull	SOURCE
com.google.gson.JsonObject	addProperty(java.lang.String,java.lang.Number)	INSTANCE	com.google.gson.JsonNull	SOURCE
com.google.gson.JsonObject	addProperty(java.lang.String,java.lang.Boolean)	INSTANCE	com.google.gson.JsonNull	SOURCE
com.google.gson.JsonObject	addProperty(java.lang.String,java.lang.Character)	INSTANCE	com.google.gson.JsonNull	SOURCE
com.google.gson.JsonObject	entrySet()	members	com.google.gson.JsonObject	SOURCE
com.google.gson.JsonObject	keySet()	members	com.google.gson.JsonObject	SOURCE
com.google.gson.JsonObject	size()	members	com.google.gson.JsonObject	SOURCE
com.google.gson.JsonObject	has(java.lang.String)	members	com.google.gson.JsonObject	SOURCE
com.google.gson.JsonObject	get(java.lang.String)	members	com.google.gson.JsonObject	SOURCE
com.google.gson.JsonObject	getAsJsonPrimitive(java.lang.String)	members	com.google.gson.JsonObject	SOURCE
com.google.gson.JsonObject	getAsJsonArray(java.lang.String)	members	com.google.gson.JsonObject	SOURCE
com.google.gson.JsonObject	getAsJsonObject(java.lang.String)	members	com.google.gson.JsonObject	SOURCE
com.google.gson.JsonObject	equals(java.lang.Object)	this	com.google.gson.JsonObject	SOURCE
com.google.gson.JsonObject	equals(java.lang.Object)	members	com.google.gson.JsonObject	SOURCE
com.google.gson.JsonObject	equals(java.lang.Object)	members	com.google.gson.JsonObject	SOURCE
com.google.gson.JsonObject	hashCode()	members	com.google.gson.JsonObject	SOURCE
com.google.gson.JsonArray	JsonArray()	elements	com.google.gson.JsonArray	SOURCE
com.google.gson.JsonArray	JsonArray(int)	elements	com.google.gson.JsonArray	SOURCE
com.google.gson.JsonArray	deepCopy()	elements	com.google.gson.JsonArray	SOURCE
com.google.gson.JsonArray	deepCopy()	elements	com.google.gson.JsonArray	SOURCE
com.google.gson.JsonArray	deepCopy()	elements	com.google.gson.JsonArray	SOURCE
com.google.gson.JsonArray	add(java.lang.Boolean)	elements	com.google.gson.JsonArray	SOURCE
com.google.gson.JsonArray	add(java.lang.Boolean)	INSTANCE	com.google.gson.JsonNull	SOURCE
com.google.gson.JsonArray	add(java.lang.Character)	elements	com.google.gson.JsonArray	SOURCE
com.google.gson.JsonArray	add(java.lang.Character)	INSTANCE	com.google.gson.JsonNull	SOURCE
com.google.gson.JsonArray	add(java.lang.Number)	elements	com.google.gson.JsonArray	SOURCE
com.google.gson.JsonArray	add(java.lang.Number)	INSTANCE	com.google.gson.JsonNull	SOURCE
com.google.gson.JsonArray	add(java.lang.String)	elements	com.google.gson.JsonArray	SOURCE
com.google.gson.JsonArray	add(java.lang.String)	INSTANCE	com.google.gson.JsonNull	SOURCE
com.google.gson.JsonArray	add(com.google.gson.JsonElement)	INSTANCE	com.google.gson.JsonNull	SOURCE
com.google.gson.JsonArray	add(com.google.gson.JsonElement)	elements	com.google.gson.JsonArray	SOURCE
com.google.gson.JsonArray	addAll(com.google.gson.JsonArray)	elements	com.google.gson.JsonArray	SOURCE
com.google.gson.JsonArray	addAll(com.google.gson.JsonArray)	elements	com.google.gson.JsonArray	SOURCE
com.google.gson.JsonArray	set(int,com.google.gson.JsonElement)	elements	com.google.gson.JsonArray	SOURCE
com.google.gson.JsonArray	remove(com.google.gson.JsonElement)	elements	com.google.gson.JsonArray	SOURCE
com.google.gson.JsonArray	remove(int)	elements	com.google.gson.JsonArray	SOURCE
com.google.gson.JsonArray	contains(com.google.gson.JsonElement)	elements	com.google.gson.JsonArray	SOURCE
com.google.gson.JsonArray	size()	elements	com.google.gson.JsonArray	SOURCE
com.google.gson.JsonArray	isEmpty()	elements	com.google.gson.JsonArray	SOURCE
com.google.gson.JsonArray	iterator()	elements	com.google.gson.JsonArray	SOURCE
com.google.gson.JsonArray	get(int)	elements	com.google.gson.JsonArray	SOURCE
com.google.gson.JsonArray	getAsNumber()	elements	com.google.gson.JsonArray	SOURCE
com.google.gson.JsonArray	getAsNumber()	elements	com.google.gson.JsonArray	SOURCE
com.google.gson.JsonArray	getAsString()	elements	com.google.gson.JsonArray	SOURCE
com.google.gson.JsonArray	getAsString()	elements	com.google.gson.JsonArray	SOURCE
com.google.gson.JsonArray	getAsDouble()	elements	com.google.gson.JsonArray	SOURCE
com.google.gson.JsonArray	getAsDouble()	elements	com.google.gson.JsonArray	SOURCE
com.google.gson.JsonArray	getAsBigDecimal()	elements	com.google.gson.JsonArray	SOURCE
com.google.gson.JsonArray	getAsBigDecimal()	elements	com.google.gson.JsonArray	SOURCE
com.google.gson.JsonArray	getAsBigInteger()	elements	com.google.gson.JsonArray	SOURCE
com.google.gson.JsonArray	getAsBigInteger()	elements	com.google.gson.JsonArray	SOURCE
com.google.gson.JsonArray	getAsFloat()	elements	com.google.gson.JsonArray	SOURCE
com.google.gson.JsonArray	getAsFloat()	elements	com.google.gson.JsonArray	SOURCE
com.google.gson.JsonArray	getAsLong()	elements	com.google.gson.JsonArray	SOURCE
com.google.gson.JsonArray	getAsLong()	elements	com.google.gson.JsonArray	SOURCE
com.google.gson.JsonArray	getAsInt()	elements	com.google.gson.JsonArray	SOURCE
com.google.gson.JsonArray	getAsInt()	elements	com.google.gson.JsonArray	SOURCE
com.google.gson.JsonArray	getAsByte()	elements	com.google.gson.JsonArray	SOURCE
com.google.gson.JsonArray	getAsByte()	elements	com.google.gson.JsonArray	SOURCE
com.google.gson.JsonArray	getAsCharacter()	elements	com.google.gson.JsonArray	SOURCE
com.google.gson.JsonArray	getAsCharacter()	elements	com.google.gson.JsonArray	SOURCE
com.google.gson.JsonArray	getAsShort()	elements	com.google.gson.JsonArray	SOURCE
com.google.gson.JsonArray	getAsShort()	elements	com.google.gson.JsonArray	SOURCE
com.google.gson.JsonArray	getAsBoolean()	elements	com.google.gson.JsonArray	SOURCE
com.google.gson.JsonArray	getAsBoolean()	elements	com.google.gson.JsonArray	SOURCE
com.google.gson.JsonArray	equals(java.lang.Object)	this	com.google.gson.JsonArray	SOURCE
com.google.gson.JsonArray	equals(java.lang.Object)	elements	com.google.gson.JsonArray	SOURCE
com.google.gson.JsonArray	equals(java.lang.Object)	elements	com.google.gson.JsonArray	SOURCE
com.google.gson.JsonArray	hashCode()	elements	com.google.gson.JsonArray	SOURCE
com.google.gson.JsonPrimitive	JsonPrimitive(java.lang.Boolean)	value	com.google.gson.JsonPrimitive	SOURCE
com.google.gson.JsonPrimitive	JsonPrimitive(java.lang.Number)	value	com.google.gson.JsonPrimitive	SOURCE
com.google.gson.JsonPrimitive	JsonPrimitive(java.lang.String)	value	com.google.gson.JsonPrimitive	SOURCE
com.google.gson.JsonPrimitive	JsonPrimitive(java.lang.Character)	value	com.google.gson.JsonPrimitive	SOURCE
com.google.gson.JsonPrimitive	deepCopy()	this	com.google.gson.JsonPrimitive	SOURCE
com.google.gson.JsonPrimitive	isBoolean()	value	com.google.gson.JsonPrimitive	SOURCE
com.google.gson.JsonPrimitive	getAsBoolean()	value	com.google.gson.JsonPrimitive	SOURCE
com.google.gson.JsonPrimitive	isNumber()	value	com.google.gson.JsonPrimitive	SOURCE
com.google.gson.JsonPrimitive	getAsNumber()	value	com.google.gson.JsonPrimitive	SOURCE
com.google.gson.JsonPrimitive	getAsNumber()	value	com.google.gson.JsonPrimitive	SOURCE
com.google.gson.JsonPrimitive	getAsNumber()	value	com.google.gson.JsonPrimitive	SOURCE
com.google.gson.JsonPrimitive	isString()	value	com.google.gson.JsonPrimitive	SOURCE
com.google.gson.JsonPrimitive	getAsString()	value	com.google.gson.JsonPrimitive	SOURCE
com.google.gson.JsonPrimitive	getAsString()	value	com.google.gson.JsonPrimitive	SOURCE
com.google.gson.JsonPrimitive	getAsBigDecimal()	value	com.google.gson.JsonPrimitive	SOURCE
com.google.gson.JsonPrimitive	getAsBigDecimal()	value	com.google.gson.JsonPrimitive	SOURCE
com.google.gson.JsonPrimitive	getAsBigDecimal()	value	com.google.gson.JsonPrimitive	SOURCE
com.google.gson.JsonPrimitive	getAsBigInteger()	value	com.google.gson.JsonPrimitive	SOURCE
com.google.gson.JsonPrimitive	getAsBigInteger()	value	com.google.gson.JsonPrimitive	SOURCE
com.google.gson.JsonPrimitive	getAsBigInteger()	value	com.google.gson.JsonPrimitive	SOURCE
com.google.gson.JsonPrimitive	hashCode()	value	com.google.gson.JsonPrimitive	SOURCE
com.google.gson.JsonPrimitive	hashCode()	this	com.google.gson.JsonPrimitive	SOURCE
com.google.gson.JsonPrimitive	hashCode()	value	com.google.gson.JsonPrimitive	SOURCE
com.google.gson.JsonPrimitive	hashCode()	value	com.google.gson.JsonPrimitive	SOURCE
com.google.gson.JsonPrimitive	equals(java.lang.Object)	this	com.google.gson.JsonPrimitive	SOURCE
com.google.gson.JsonPrimitive	equals(java.lang.Object)	value	com.google.gson.JsonPrimitive	SOURCE
com.google.gson.JsonPrimitive	equals(java.lang.Object)	value	com.google.gson.JsonPrimitive	SOURCE
com.google.gson.JsonPrimitive	equals(java.lang.Object)	this	com.google.gson.JsonPrimitive	SOURCE
com.google.gson.JsonPrimitive	equals(java.lang.Object)	value	com.google.gson.JsonPrimitive	SOURCE
com.google.gson.JsonPrimitive	equals(java.lang.Object)	value	com.google.gson.JsonPrimitive	SOURCE
com.google.gson.JsonPrimitive	equals(java.lang.Object)	value	com.google.gson.JsonPrimitive	SOURCE
com.google.gson.JsonPrimitive	equals(java.lang.Object)	value	com.google.gson.JsonPrimitive	SOURCE
com.google.gson.JsonPrimitive	isIntegral(com.google.gson.JsonPrimitive)	value	com.google.gson.JsonPrimitive	SOURCE
com.google.gson.JsonPrimitive	isIntegral(com.google.gson.JsonPrimitive)	value	com.google.gson.JsonPrimitive	SOURCE
com.google.gson.JsonNull	deepCopy()	INSTANCE	com.google.gson.JsonNull	SOURCE
com.google.gson.JsonNull	hashCode()	class	com.google.gson.JsonNull	SOURCE
com.google.gson.JsonNull	equals(java.lang.Object)	this	com.google.gson.JsonNull	SOURCE
com.google.gson.internal.LinkedTreeMap	LinkedTreeMap()	NATURAL_ORDER	com.google.gson.internal.LinkedTreeMap	SOURCE
com.google.gson.internal.LinkedTreeMap	LinkedTreeMap(java.util.Comparator<? super K>)	comparator	com.google.gson.internal.LinkedTreeMap	SOURCE
com.google.gson.internal.LinkedTreeMap	LinkedTreeMap(java.util.Comparator<? super K>)	this	com.google.gson.internal.LinkedTreeMap	SOURCE
com.google.gson.internal.LinkedTreeMap	LinkedTreeMap(java.util.Comparator<? super K>)	NATURAL_ORDER	com.google.gson.internal.LinkedTreeMap	SOURCE
com.google.gson.internal.LinkedTreeMap	size()	size	com.google.gson.internal.LinkedTreeMap	SOURCE
com.google.gson.internal.LinkedTreeMap	get(java.lang.Object)	value	com.google.gson.internal.LinkedTreeMap$Node	SOURCE
com.google.gson.internal.LinkedTreeMap	put(K,V)	value	com.google.gson.internal.LinkedTreeMap$Node	SOURCE
com.google.gson.internal.LinkedTreeMap	put(K,V)	value	com.google.gson.internal.LinkedTreeMap$Node	SOURCE
com.google.gson.internal.LinkedTreeMap	put(K,V)	value	com.google.gson.internal.LinkedTreeMap$Node	SOURCE
com.google.gson.internal.LinkedTreeMap	clear()	root	com.google.gson.internal.LinkedTreeMap	SOURCE
com.google.gson.internal.LinkedTreeMap	clear()	size	com.google.gson.internal.LinkedTreeMap	SOURCE
com.google.gson.internal.LinkedTreeMap	clear()	modCount	com.google.gson.internal.LinkedTreeMap	SOURCE
com.google.gson.internal.LinkedTreeMap	clear()	header	com.google.gson.internal.LinkedTreeMap	SOURCE
com.google.gson.internal.LinkedTreeMap	clear()	header	com.google.gson.internal.LinkedTreeMap	SOURCE
com.google.gson.internal.LinkedTreeMap	clear()	this	com.google.gson.internal.LinkedTreeMap	SOURCE
com.google.gson.internal.LinkedTreeMap	clear()	next	com.google.gson.internal.LinkedTreeMap$Node	SOURCE
com.google.gson.internal.LinkedTreeMap	clear()	prev	com.google.gson.internal.LinkedTreeMap$Node	SOURCE
com.google.gson.internal.LinkedTreeMap	remove(java.lang.Object)	value	com.google.gson.internal.LinkedTreeMap$Node	SOURCE
com.google.gson.internal.LinkedTreeMap	find(K,boolean)	comparator	com.google.gson.internal.LinkedTreeMap	SOURCE
com.google.gson.internal.LinkedTreeMap	find(K,boolean)	comparator	com.google.gson.internal.LinkedTreeMap	SOURCE
com.google.gson.internal.LinkedTreeMap	find(K,boolean)	this	com.google.gson.internal.LinkedTreeMap	SOURCE
com.google.gson.internal.LinkedTreeMap	find(K,boolean)	root	com.google.gson.internal.LinkedTreeMap	SOURCE
com.google.gson.internal.LinkedTreeMap	find(K,boolean)	root	com.google.gson.internal.LinkedTreeMap	SOURCE
com.google.gson.internal.LinkedTreeMap	find(K,boolean)	NATURAL_ORDER	com.google.gson.internal.LinkedTreeMap	SOURCE
com.google.gson.internal.LinkedTreeMap	find(K,boolean)	key	com.google.gson.internal.LinkedTreeMap$Node	SOURCE
com.google.gson.internal.LinkedTreeMap	find(K,boolean)	key	com.google.gson.internal.LinkedTreeMap$Node	SOURCE
com.google.gson.internal.LinkedTreeMap	find(K,boolean)	left	com.google.gson.internal.LinkedTreeMap$Node	SOURCE
com.google.gson.internal.LinkedTreeMap	find(K,boolean)	right	com.google.gson.internal.LinkedTreeMap$Node	SOURCE
com.google.gson.internal.LinkedTreeMap	find(K,boolean)	header	com.google.gson.internal.LinkedTreeMap	SOURCE
com.google.gson.internal.LinkedTreeMap	find(K,boolean)	header	com.google.gson.internal.LinkedTreeMap	SOURCE
com.google.gson.internal.LinkedTreeMap	find(K,boolean)	this	com.google.gson.internal.LinkedTreeMap	SOURCE
com.google.gson.internal.LinkedTreeMap	find(K,boolean)	NATURAL_ORDER	com.google.gson.internal.LinkedTreeMap	SOURCE
com.google.gson.internal.LinkedTreeMap	find(K,boolean)	prev	com.google.gson.internal.LinkedTreeMap$Node	SOURCE
com.google.gson.internal.LinkedTreeMap	find(K,boolean)	root	com.google.gson.internal.LinkedTreeMap	SOURCE
com.google.gson.internal.LinkedTreeMap	find(K,boolean)	prev	com.google.gson.internal.LinkedTreeMap$Node	SOURCE
com.google.gson.internal.LinkedTreeMap	find(K,boolean)	left	com.google.gson.internal.LinkedTreeMap$Node	SOURCE
com.google.gson.internal.LinkedTreeMap	find(K,boolean)	right	com.google.gson.internal.LinkedTreeMap$Node	SOURCE
com.google.gson.internal.LinkedTreeMap	find(K,boolean)	size	com.google.gson.internal.LinkedTreeMap	SOURCE
com.google.gson.internal.LinkedTreeMap	find(K,boolean)	modCount	com.google.gson.internal.LinkedTreeMap	SOURCE
com.google.gson.internal.LinkedTreeMap	findByEntry(java.util.Map.Entry<?,?>)	value	com.google.gson.internal.LinkedTreeMap$Node	SOURCE
com.google.gson.internal.LinkedTreeMap	removeInternal(com.google.gson.internal.LinkedTreeMap.Node<K,V>,boolean)	next	com.google.gson.internal.LinkedTreeMap$Node	SOURCE
com.google.gson.internal.LinkedTreeMap	removeInternal(com.google.gson.internal.LinkedTreeMap.Node<K,V>,boolean)	prev	com.google.gson.internal.LinkedTreeMap$Node	SOURCE
com.google.gson.internal.LinkedTreeMap	removeInternal(com.google.gson.internal.LinkedTreeMap.Node<K,V>,boolean)	next	com.google.gson.internal.LinkedTreeMap$Node	SOURCE
com.google.gson.internal.LinkedTreeMap	removeInternal(com.google.gson.internal.LinkedTreeMap.Node<K,V>,boolean)	prev	com.google.gson.internal.LinkedTreeMap$Node	SOURCE
com.google.gson.internal.LinkedTreeMap	removeInternal(com.google.gson.internal.LinkedTreeMap.Node<K,V>,boolean)	next	com.google.gson.internal.LinkedTreeMap$Node	SOURCE
com.google.gson.internal.LinkedTreeMap	removeInternal(com.google.gson.internal.LinkedTreeMap.Node<K,V>,boolean)	prev	com.google.gson.internal.LinkedTreeMap$Node	SOURCE
com.google.gson.internal.LinkedTreeMap	removeInternal(com.google.gson.internal.LinkedTreeMap.Node<K,V>,boolean)	left	com.google.gson.internal.LinkedTreeMap$Node	SOURCE
com.google.gson.internal.LinkedTreeMap	removeInternal(com.google.gson.internal.LinkedTreeMap.Node<K,V>,boolean)	left	com.google.gson.internal.LinkedTreeMap$Node	SOURCE
com.google.gson.internal.LinkedTreeMap	removeInternal(com.google.gson.internal.LinkedTreeMap.Node<K,V>,boolean)	right	com.google.gson.internal.LinkedTreeMap$Node	SOURCE
com.google.gson.internal.LinkedTreeMap	removeInternal(com.google.gson.internal.LinkedTreeMap.Node<K,V>,boolean)	right	com.google.gson.internal.LinkedTreeMap$Node	SOURCE
com.google.gson.internal.LinkedTreeMap	removeInternal(com.google.gson.internal.LinkedTreeMap.Node<K,V>,boolean)	parent	com.google.gson.internal.LinkedTreeMap$Node	SOURCE
com.google.gson.internal.LinkedTreeMap	removeInternal(com.google.gson.internal.LinkedTreeMap.Node<K,V>,boolean)	parent	com.google.gson.internal.LinkedTreeMap$Node	SOURCE
com.google.gson.internal.LinkedTreeMap	removeInternal(com.google.gson.internal.LinkedTreeMap.Node<K,V>,boolean)	height	com.google.gson.internal.LinkedTreeMap$Node	SOURCE
com.google.gson.internal.LinkedTreeMap	removeInternal(com.google.gson.internal.LinkedTreeMap.Node<K,V>,boolean)	height	com.google.gson.internal.LinkedTreeMap$Node	SOURCE
com.google.gson.internal.LinkedTreeMap	removeInternal(com.google.gson.internal.LinkedTreeMap.Node<K,V>,boolean)	left	com.google.gson.internal.LinkedTreeMap$Node	SOURCE
com.google.gson.internal.LinkedTreeMap	removeInternal(com.google.gson.internal.LinkedTreeMap.Node<K,V>,boolean)	height	com.google.gson.internal.LinkedTreeMap$Node	SOURCE
com.google.gson.internal.LinkedTreeMap	removeInternal(com.google.gson.internal.LinkedTreeMap.Node<K,V>,boolean)	left	com.google.gson.internal.LinkedTreeMap$Node	SOURCE
com.google.gson.internal.LinkedTreeMap	removeInternal(com.google.gson.internal.LinkedTreeMap.Node<K,V>,boolean)	parent	com.google.gson.internal.LinkedTreeMap$Node	SOURCE
com.google.gson.internal.LinkedTreeMap	removeInternal(com.google.gson.internal.LinkedTreeMap.Node<K,V>,boolean)	left	com.google.gson.internal.LinkedTreeMap$Node	SOURCE
com.google.gson.internal.LinkedTreeMap	removeInternal(com.google.gson.internal.LinkedTreeMap.Node<K,V>,boolean)	right	com.google.gson.internal.LinkedTreeMap$Node	SOURCE
com.google.gson.internal.LinkedTreeMap	removeInternal(com.google.gson.internal.LinkedTreeMap.Node<K,V>,boolean)	height	com.google.gson.internal.LinkedTreeMap$Node	SOURCE
com.google.gson.internal.LinkedTreeMap	removeInternal(com.google.gson.internal.LinkedTreeMap.Node<K,V>,boolean)	right	com.google.gson.internal.LinkedTreeMap$Node	SOURCE
com.google.gson.internal.LinkedTreeMap	removeInternal(com.google.gson.internal.LinkedTreeMap.Node<K,V>,boolean)	parent	com.google.gson.internal.LinkedTreeMap$Node	SOURCE
com.google.gson.internal.LinkedTreeMap	removeInternal(com.google.gson.internal.LinkedTreeMap.Node<K,V>,boolean)	right	com.google.gson.internal.LinkedTreeMap$Node	SOURCE
com.google.gson.internal.LinkedTreeMap	removeInternal(com.google.gson.internal.LinkedTreeMap.Node<K,V>,boolean)	height	com.google.gson.internal.LinkedTreeMap$Node	SOURCE
com.google.gson.internal.LinkedTreeMap	removeInternal(com.google.gson.internal.LinkedTreeMap.Node<K,V>,boolean)	left	com.google.gson.internal.LinkedTreeMap$Node	SOURCE
com.google.gson.internal.LinkedTreeMap	removeInternal(com.google.gson.internal.LinkedTreeMap.Node<K,V>,boolean)	right	com.google.gson.internal.LinkedTreeMap$Node	SOURCE
com.google.gson.internal.LinkedTreeMap	removeInternal(com.google.gson.internal.LinkedTreeMap.Node<K,V>,boolean)	size	com.google.gson.internal.LinkedTreeMap	SOURCE
com.google.gson.internal.LinkedTreeMap	removeInternal(com.google.gson.internal.LinkedTreeMap.Node<K,V>,boolean)	modCount	com.google.gson.internal.LinkedTreeMap	SOURCE
com.google.gson.internal.LinkedTreeMap	replaceInParent(com.google.gson.internal.LinkedTreeMap.Node<K,V>,com.google.gson.internal.LinkedTreeMap.Node<K,V>)	parent	com.google.gson.internal.LinkedTreeMap$Node	SOURCE
com.google.gson.internal.LinkedTreeMap	replaceInParent(com.google.gson.internal.LinkedTreeMap.Node<K,V>,com.google.gson.internal.LinkedTreeMap.Node<K,V>)	parent	com.google.gson.internal.LinkedTreeMap$Node	SOURCE
com.google.gson.internal.LinkedTreeMap	replaceInParent(com.google.gson.internal.LinkedTreeMap.Node<K,V>,com.google.gson.internal.LinkedTreeMap.Node<K,V>)	parent	com.google.gson.internal.LinkedTreeMap$Node	SOURCE
com.google.gson.internal.LinkedTreeMap	replaceInParent(com.google.gson.internal.LinkedTreeMap.Node<K,V>,com.google.gson.internal.LinkedTreeMap.Node<K,V>)	parent	com.google.gson.internal.LinkedTreeMap$Node	SOURCE
com.google.gson.internal.LinkedTreeMap	replaceInParent(com.google.gson.internal.LinkedTreeMap.Node<K,V>,com.google.gson.internal.LinkedTreeMap.Node<K,V>)	left	com.google.gson.internal.LinkedTreeMap$Node	SOURCE
com.google.gson.internal.LinkedTreeMap	replaceInParent(com.google.gson.internal.LinkedTreeMap.Node<K,V>,com.google.gson.internal.LinkedTreeMap.Node<K,V>)	left	com.google.gson.internal.LinkedTreeMap$Node	SOURCE
com.google.gson.internal.LinkedTreeMap	replaceInParent(com.google.gson.internal.LinkedTreeMap.Node<K,V>,com.google.gson.internal.LinkedTreeMap.Node<K,V>)	right	com.google.gson.internal.LinkedTreeMap$Node	SOURCE
com.google.gson.internal.LinkedTreeMap	replaceInParent(com.google.gson.internal.LinkedTreeMap.Node<K,V>,com.google.gson.internal.LinkedTreeMap.Node<K,V>)	right	com.google.gson.internal.LinkedTreeMap$Node	SOURCE
com.google.gson.internal.LinkedTreeMap	replaceInParent(com.google.gson.internal.LinkedTreeMap.Node<K,V>,com.google.gson.internal.LinkedTreeMap.Node<K,V>)	root	com.google.gson.internal.LinkedTreeMap	SOURCE
com.google.gson.internal.LinkedTreeMap	rebalance(com.google.gson.internal.LinkedTreeMap.Node<K,V>,boolean)	parent	com.google.gson.internal.LinkedTreeMap$Node	SOURCE
com.google.gson.internal.LinkedTreeMap	rebalance(com.google.gson.internal.LinkedTreeMap.Node<K,V>,boolean)	left	com.google.gson.internal.LinkedTreeMap$Node	SOURCE
com.google.gson.internal.LinkedTreeMap	rebalance(com.google.gson.internal.LinkedTreeMap.Node<K,V>,boolean)	left	com.google.gson.internal.LinkedTreeMap$Node	SOURCE
com.google.gson.internal.LinkedTreeMap	rebalance(com.google.gson.internal.LinkedTreeMap.Node<K,V>,boolean)	right	com.google.gson.internal.LinkedTreeMap$Node	SOURCE
com.google.gson.internal.LinkedTreeMap	rebalance(com.google.gson.internal.LinkedTreeMap.Node<K,V>,boolean)	right	com.google.gson.internal.LinkedTreeMap$Node	SOURCE
com.google.gson.internal.LinkedTreeMap	rebalance(com.google.gson.internal.LinkedTreeMap.Node<K,V>,boolean)	height	com.google.gson.internal.LinkedTreeMap$Node	SOURCE
com.google.gson.internal.LinkedTreeMap	rebalance(com.google.gson.internal.LinkedTreeMap.Node<K,V>,boolean)	height	com.google.gson.internal.LinkedTreeMap$Node	SOURCE
com.google.gson.internal.LinkedTreeMap	rebalance(com.google.gson.internal.LinkedTreeMap.Node<K,V>,boolean)	left	com.google.gson.internal.LinkedTreeMap$Node	SOURCE
com.google.gson.internal.LinkedTreeMap	rebalance(com.google.gson.internal.LinkedTreeMap.Node<K,V>,boolean)	left	com.google.gson.internal.LinkedTreeMap$Node	SOURCE
com.google.gson.internal.LinkedTreeMap	rebalance(com.google.gson.internal.LinkedTreeMap.Node<K,V>,boolean)	right	com.google.gson.internal.LinkedTreeMap$Node	SOURCE
com.google.gson.internal.LinkedTreeMap	rebalance(com.google.gson.internal.LinkedTreeMap.Node<K,V>,boolean)	right	com.google.gson.internal.LinkedTreeMap$Node	SOURCE
com.google.gson.internal.LinkedTreeMap	rebalance(com.google.gson.internal.LinkedTreeMap.Node<K,V>,boolean)	height	com.google.gson.internal.LinkedTreeMap$Node	SOURCE
com.google.gson.internal.LinkedTreeMap	rebalance(com.google.gson.internal.LinkedTreeMap.Node<K,V>,boolean)	height	com.google.gson.internal.LinkedTreeMap$Node	SOURCE
com.google.gson.internal.LinkedTreeMap	rebalance(com.google.gson.internal.LinkedTreeMap.Node<K,V>,boolean)	left	com.google.gson.internal.LinkedTreeMap$Node	SOURCE
com.google.gson.internal.LinkedTreeMap	rebalance(com.google.gson.internal.LinkedTreeMap.Node<K,V>,boolean)	left	com.google.gson.internal.LinkedTreeMap$Node	SOURCE
com.google.gson.internal.LinkedTreeMap	rebalance(com.google.gson.internal.LinkedTreeMap.Node<K,V>,boolean)	right	com.google.gson.internal.LinkedTreeMap$Node	SOURCE
com.google.gson.internal.LinkedTreeMap	rebalance(com.google.gson.internal.LinkedTreeMap.Node<K,V>,boolean)	right	com.google.gson.internal.LinkedTreeMap$Node	SOURCE
com.google.gson.internal.LinkedTreeMap	rebalance(com.google.gson.internal.LinkedTreeMap.Node<K,V>,boolean)	height	com.google.gson.internal.LinkedTreeMap$Node	SOURCE
com.google.gson.internal.LinkedTreeMap	rebalance(com.google.gson.internal.LinkedTreeMap.Node<K,V>,boolean)	height	com.google.gson.internal.LinkedTreeMap$Node	SOURCE
com.google.gson.internal.LinkedTreeMap	rebalance(com.google.gson.internal.LinkedTreeMap.Node<K,V>,boolean)	height	com.google.gson.internal.LinkedTreeMap$Node	SOURCE
com.google.gson.internal.LinkedTreeMap	rebalance(com.google.gson.internal.LinkedTreeMap.Node<K,V>,boolean)	height	com.google.gson.internal.LinkedTreeMap$Node	SOURCE
com.google.gson.internal.LinkedTreeMap	rotateLeft(com.google.gson.internal.LinkedTreeMap.Node<K,V>)	left	com.google.gson.internal.LinkedTreeMap$Node	SOURCE
com.google.gson.internal.LinkedTreeMap	rotateLeft(com.google.gson.internal.LinkedTreeMap.Node<K,V>)	left	com.google.gson.internal.LinkedTreeMap$Node	SOURCE
com.google.gson.internal.LinkedTreeMap	rotateLeft(com.google.gson.internal.LinkedTreeMap.Node<K,V>)	right	com.google.gson.internal.LinkedTreeMap$Node	SOURCE
com.google.gson.internal.LinkedTreeMap	rotateLeft(com.google.gson.internal.LinkedTreeMap.Node<K,V>)	right	com.google.gson.internal.LinkedTreeMap$Node	SOURCE
com.google.gson.internal.LinkedTreeMap	rotateLeft(com.google.gson.internal.LinkedTreeMap.Node<K,V>)	left	com.google.gson.internal.LinkedTreeMap$Node	SOURCE
com.google.gson.internal.LinkedTreeMap	rotateLeft(com.google.gson.internal.LinkedTreeMap.Node<K,V>)	left	com.google.gson.internal.LinkedTreeMap$Node	SOURCE
com.google.gson.internal.LinkedTreeMap	rotateLeft(com.google.gson.internal.LinkedTreeMap.Node<K,V>)	right	com.google.gson.internal.LinkedTreeMap$Node	SOURCE
com.google.gson.internal.LinkedTreeMap	rotateLeft(com.google.gson.internal.LinkedTreeMap.Node<K,V>)	right	com.google.gson.internal.LinkedTreeMap$Node	SOURCE
com.google.gson.internal.LinkedTreeMap	rotateLeft(com.google.gson.internal.LinkedTreeMap.Node<K,V>)	right	com.google.gson.internal.LinkedTreeMap$Node	SOURCE
com.google.gson.internal.LinkedTreeMap	rotateLeft(com.google.gson.internal.LinkedTreeMap.Node<K,V>)	parent	com.google.gson.internal.LinkedTreeMap$Node	SOURCE
com.google.gson.internal.LinkedTreeMap	rotateLeft(com.google.gson.internal.LinkedTreeMap.Node<K,V>)	left	com.google.gson.internal.LinkedTreeMap$Node	SOURCE
com.google.gson.internal.LinkedTreeMap	rotateLeft(com.google.gson.internal.LinkedTreeMap.Node<K,V>)	parent	com.google.gson.internal.LinkedTreeMap$Node	SOURCE
com.google.gson.internal.LinkedTreeMap	rotateLeft(com.google.gson.internal.LinkedTreeMap.Node<K,V>)	height	com.google.gson.internal.LinkedTreeMap$Node	SOURCE
com.google.gson.internal.LinkedTreeMap	rotateLeft(com.google.gson.internal.LinkedTreeMap.Node<K,V>)	height	com.google.gson.internal.LinkedTreeMap$Node	SOURCE
com.google.gson.internal.LinkedTreeMap	rotateLeft(com.google.gson.internal.LinkedTreeMap.Node<K,V>)	height	com.google.gson.internal.LinkedTreeMap$Node	SOURCE
com.google.gson.internal.LinkedTreeMap	rotateLeft(com.google.gson.internal.LinkedTreeMap.Node<K,V>)	height	com.google.gson.internal.LinkedTreeMap$Node	SOURCE
com.google.gson.internal.LinkedTreeMap	rotateLeft(com.google.gson.internal.LinkedTreeMap.Node<K,V>)	height	com.google.gson.internal.LinkedTreeMap$Node	SOURCE
com.google.gson.internal.LinkedTreeMap	rotateLeft(com.google.gson.internal.LinkedTreeMap.Node<K,V>)	height	com.google.gson.internal.LinkedTreeMap$Node	SOURCE
com.google.gson.internal.LinkedTreeMap	rotateRight(com.google.gson.internal.LinkedTreeMap.Node<K,V>)	left	com.google.gson.internal.LinkedTreeMap$Node	SOURCE
com.google.gson.internal.LinkedTreeMap	rotateRight(com.google.gson.internal.LinkedTreeMap.Node<K,V>)	left	com.google.gson.internal.LinkedTreeMap$Node	SOURCE
com.google.gson.internal.LinkedTreeMap	rotateRight(com.google.gson.internal.LinkedTreeMap.Node<K,V>)	right	com.google.gson.internal.LinkedTreeMap$Node	SOURCE
com.google.gson.internal.LinkedTreeMap	rotateRight(com.google.gson.internal.LinkedTreeMap.Node<K,V>)	right	com.google.gson.internal.LinkedTreeMap$Node	SOURCE
com.google.gson.internal.LinkedTreeMap	rotateRight(com.google.gson.internal.LinkedTreeMap.Node<K,V>)	left	com.google.gson.internal.LinkedTreeMap$Node	SOURCE
com.google.gson.internal.LinkedTreeMap	rotateRight(com.google.gson.internal.LinkedTreeMap.Node<K,V>)	left	com.google.gson.internal.LinkedTreeMap$Node	SOURCE
com.google.gson.internal.LinkedTreeMap	rotateRight(com.google.gson.internal.LinkedTreeMap.Node<K,V>)	right	com.google.gson.internal.LinkedTreeMap$Node	SOURCE
com.google.gson.internal.LinkedTreeMap	rotateRight(com.google.gson.internal.LinkedTreeMap.Node<K,V>)	right	com.google.gson.internal.LinkedTreeMap$Node	SOURCE
com.google.gson.internal.LinkedTreeMap	rotateRight(com.google.gson.internal.LinkedTreeMap.Node<K,V>)	left	com.google.gson.internal.LinkedTreeMap$Node	SOURCE
com.google.gson.internal.LinkedTreeMap	rotateRight(com.google.gson.internal.LinkedTreeMap.Node<K,V>)	parent	com.google.gson.internal.LinkedTreeMap$Node	SOURCE
com.google.gson.internal.LinkedTreeMap	rotateRight(com.google.gson.internal.LinkedTreeMap.Node<K,V>)	right	com.google.gson.internal.LinkedTreeMap$Node	SOURCE
com.google.gson.internal.LinkedTreeMap	rotateRight(com.google.gson.internal.LinkedTreeMap.Node<K,V>)	parent	com.google.gson.internal.LinkedTreeMap$Node	SOURCE
com.google.gson.internal.LinkedTreeMap	rotateRight(com.google.gson.internal.LinkedTreeMap.Node<K,V>)	height	com.google.gson.internal.LinkedTreeMap$Node	SOURCE
com.google.gson.internal.LinkedTreeMap	rotateRight(com.google.gson.internal.LinkedTreeMap.Node<K,V>)	height	com.google.gson.internal.LinkedTreeMap$Node	SOURCE
com.google.gson.internal.LinkedTreeMap	rotateRight(com.google.gson.internal.LinkedTreeMap.Node<K,V>)	height	com.google.gson.internal.LinkedTreeMap$Node	SOURCE
com.google.gson.internal.LinkedTreeMap	rotateRight(com.google.gson.internal.LinkedTreeMap.Node<K,V>)	height	com.google.gson.internal.LinkedTreeMap$Node	SOURCE
com.google.gson.internal.LinkedTreeMap	rotateRight(com.google.gson.internal.LinkedTreeMap.Node<K,V>)	height	com.google.gson.internal.LinkedTreeMap$Node	SOURCE
com.google.gson.internal.LinkedTreeMap	rotateRight(com.google.gson.internal.LinkedTreeMap.Node<K,V>)	height	com.google.gson.internal.LinkedTreeMap$Node	SOURCE
com.google.gson.internal.LinkedTreeMap	entrySet()	entrySet	com.google.gson.internal.LinkedTreeMap	SOURCE
com.google.gson.internal.LinkedTreeMap	entrySet()	entrySet	com.google.gson.internal.LinkedTreeMap	SOURCE
com.google.gson.internal.LinkedTreeMap	entrySet()	entrySet	com.google.gson.internal.LinkedTreeMap	SOURCE
com.google.gson.internal.LinkedTreeMap	keySet()	keySet	com.google.gson.internal.LinkedTreeMap	SOURCE
com.google.gson.internal.LinkedTreeMap	keySet()	keySet	com.google.gson.internal.LinkedTreeMap	SOURCE
com.google.gson.internal.LinkedTreeMap	keySet()	keySet	com.google.gson.internal.LinkedTreeMap	SOURCE
com.google.gson.internal.LinkedTreeMap$Node	Node()	key	com.google.gson.internal.LinkedTreeMap$Node	SOURCE
com.google.gson.internal.LinkedTreeMap$Node	Node()	next	com.google.gson.internal.LinkedTreeMap$Node	SOURCE
com.google.gson.internal.LinkedTreeMap$Node	Node()	prev	com.google.gson.internal.LinkedTreeMap$Node	SOURCE
com.google.gson.internal.LinkedTreeMap$Node	Node()	this	com.google.gson.internal.LinkedTreeMap$Node	SOURCE
com.google.gson.internal.LinkedTreeMap$Node	Node(com.google.gson.internal.LinkedTreeMap.Node<K,V>,K,com.google.gson.internal.LinkedTreeMap.Node<K,V>,com.google.gson.internal.LinkedTreeMap.Node<K,V>)	parent	com.google.gson.internal.LinkedTreeMap$Node	SOURCE
com.google.gson.internal.LinkedTreeMap$Node	Node(com.google.gson.internal.LinkedTreeMap.Node<K,V>,K,com.google.gson.internal.LinkedTreeMap.Node<K,V>,com.google.gson.internal.LinkedTreeMap.Node<K,V>)	this	com.google.gson.internal.LinkedTreeMap$Node	SOURCE
com.google.gson.internal.LinkedTreeMap$Node	Node(com.google.gson.internal.LinkedTreeMap.Node<K,V>,K,com.google.gson.internal.LinkedTreeMap.Node<K,V>,com.google.gson.internal.LinkedTreeMap.Node<K,V>)	key	com.google.gson.internal.LinkedTreeMap$Node	SOURCE
com.google.gson.internal.LinkedTreeMap$Node	Node(com.google.gson.internal.LinkedTreeMap.Node<K,V>,K,com.google.gson.internal.LinkedTreeMap.Node<K,V>,com.google.gson.internal.LinkedTreeMap.Node<K,V>)	this	com.google.gson.internal.LinkedTreeMap$Node	SOURCE
com.google.gson.internal.LinkedTreeMap$Node	Node(com.google.gson.internal.LinkedTreeMap.Node<K,V>,K,com.google.gson.internal.LinkedTreeMap.Node<K,V>,com.google.gson.internal.LinkedTreeMap.Node<K,V>)	height	com.google.gson.internal.LinkedTreeMap$Node	SOURCE
com.google.gson.internal.LinkedTreeMap$Node	Node(com.google.gson.internal.LinkedTreeMap.Node<K,V>,K,com.google.gson.internal.LinkedTreeMap.Node<K,V>,com.google.gson.internal.LinkedTreeMap.Node<K,V>)	this	com.google.gson.internal.LinkedTreeMap$Node	SOURCE
com.google.gson.internal.LinkedTreeMap$Node	Node(com.google.gson.internal.LinkedTreeMap.Node<K,V>,K,com.google.gson.internal.LinkedTreeMap.Node<K,V>,com.google.gson.internal.LinkedTreeMap.Node<K,V>)	next	com.google.gson.internal.LinkedTreeMap$Node	SOURCE
com.google.gson.internal.LinkedTreeMap$Node	Node(com.google.gson.internal.LinkedTreeMap.Node<K,V>,K,com.google.gson.internal.LinkedTreeMap.Node<K,V>,com.google.gson.internal.LinkedTreeMap.Node<K,V>)	this	com.google.gson.internal.LinkedTreeMap$Node	SOURCE
com.google.gson.internal.LinkedTreeMap$Node	Node(com.google.gson.internal.LinkedTreeMap.Node<K,V>,K,com.google.gson.internal.LinkedTreeMap.Node<K,V>,com.google.gson.internal.LinkedTreeMap.Node<K,V>)	prev	com.google.gson.internal.LinkedTreeMap$Node	SOURCE
com.google.gson.internal.LinkedTreeMap$Node	Node(com.google.gson.internal.LinkedTreeMap.Node<K,V>,K,com.google.gson.internal.LinkedTreeMap.Node<K,V>,com.google.gson.internal.LinkedTreeMap.Node<K,V>)	this	com.google.gson.internal.LinkedTreeMap$Node	SOURCE
com.google.gson.internal.LinkedTreeMap$Node	Node(com.google.gson.internal.LinkedTreeMap.Node<K,V>,K,com.google.gson.internal.LinkedTreeMap.Node<K,V>,com.google.gson.internal.LinkedTreeMap.Node<K,V>)	next	com.google.gson.internal.LinkedTreeMap$Node	SOURCE
com.google.gson.internal.LinkedTreeMap$Node	Node(com.google.gson.internal.LinkedTreeMap.Node<K,V>,K,com.google.gson.internal.LinkedTreeMap.Node<K,V>,com.google.gson.internal.LinkedTreeMap.Node<K,V>)	this	com.google.gson.internal.LinkedTreeMap$Node	SOURCE
com.google.gson.internal.LinkedTreeMap$Node	Node(com.google.gson.internal.LinkedTreeMap.Node<K,V>,K,com.google.gson.internal.LinkedTreeMap.Node<K,V>,com.google.gson.internal.LinkedTreeMap.Node<K,V>)	prev	com.google.gson.internal.LinkedTreeMap$Node	SOURCE
com.google.gson.internal.LinkedTreeMap$Node	Node(com.google.gson.internal.LinkedTreeMap.Node<K,V>,K,com.google.gson.internal.LinkedTreeMap.Node<K,V>,com.google.gson.internal.LinkedTreeMap.Node<K,V>)	this	com.google.gson.internal.LinkedTreeMap$Node	SOURCE
com.google.gson.internal.LinkedTreeMap$Node	getKey()	key	com.google.gson.internal.LinkedTreeMap$Node	SOURCE
com.google.gson.internal.LinkedTreeMap$Node	getValue()	value	com.google.gson.internal.LinkedTreeMap$Node	SOURCE
com.google.gson.internal.LinkedTreeMap$Node	setValue(V)	value	com.google.gson.internal.LinkedTreeMap$Node	SOURCE
com.google.gson.internal.LinkedTreeMap$Node	setValue(V)	value	com.google.gson.internal.LinkedTreeMap$Node	SOURCE
com.google.gson.internal.LinkedTreeMap$Node	setValue(V)	this	com.google.gson.internal.LinkedTreeMap$Node	SOURCE
com.google.gson.internal.LinkedTreeMap$Node	setValue(V)	value	com.google.gson.internal.LinkedTreeMap$Node	SOURCE
com.google.gson.internal.LinkedTreeMap$Node	setValue(V)	this	com.google.gson.internal.LinkedTreeMap$Node	SOURCE
com.google.gson.internal.LinkedTreeMap$Node	equals(java.lang.Object)	key	com.google.gson.internal.LinkedTreeMap$Node	SOURCE
com.google.gson.internal.LinkedTreeMap$Node	equals(java.lang.Object)	key	com.google.gson.internal.LinkedTreeMap$Node	SOURCE
com.google.gson.internal.LinkedTreeMap$Node	equals(java.lang.Object)	value	com.google.gson.internal.LinkedTreeMap$Node	SOURCE
com.google.gson.internal.LinkedTreeMap$Node	equals(java.lang.Object)	value	com.google.gson.internal.LinkedTreeMap$Node	SOURCE
com.google.gson.internal.LinkedTreeMap$Node	hashCode()	key	com.google.gson.internal.LinkedTreeMap$Node	SOURCE
com.google.gson.internal.LinkedTreeMap$Node	hashCode()	key	com.google.gson.internal.LinkedTreeMap$Node	SOURCE
com.google.gson.internal.LinkedTreeMap$Node	hashCode()	value	com.google.gson.internal.LinkedTreeMap$Node	SOURCE
com.google.gson.internal.LinkedTreeMap$Node	hashCode()	value	com.google.gson.internal.LinkedTreeMap$Node	SOURCE
com.google.gson.internal.LinkedTreeMap$Node	toString()	key	com.google.gson.internal.LinkedTreeMap$Node	SOURCE
com.google.gson.internal.LinkedTreeMap$Node	toString()	value	com.google.gson.internal.LinkedTreeMap$Node	SOURCE
com.google.gson.internal.LinkedTreeMap$Node	first()	this	com.google.gson.internal.LinkedTreeMap$Node	SOURCE
com.google.gson.internal.LinkedTreeMap$Node	first()	this	com.google.gson.internal.LinkedTreeMap$Node	SOURCE
com.google.gson.internal.LinkedTreeMap$Node	first()	left	com.google.gson.internal.LinkedTreeMap$Node	SOURCE
com.google.gson.internal.LinkedTreeMap$Node	first()	left	com.google.gson.internal.LinkedTreeMap$Node	SOURCE
com.google.gson.internal.LinkedTreeMap$Node	first()	left	com.google.gson.internal.LinkedTreeMap$Node	SOURCE
com.google.gson.internal.LinkedTreeMap$Node	last()	this	com.google.gson.internal.LinkedTreeMap$Node	SOURCE
com.google.gson.internal.LinkedTreeMap$Node	last()	this	com.google.gson.internal.LinkedTreeMap$Node	SOURCE
com.google.gson.internal.LinkedTreeMap$Node	last()	right	com.google.gson.internal.LinkedTreeMap$Node	SOURCE
com.google.gson.internal.LinkedTreeMap$Node	last()	right	com.google.gson.internal.LinkedTreeMap$Node	SOURCE
com.google.gson.internal.LinkedTreeMap$Node	last()	right	com.google.gson.internal.LinkedTreeMap$Node	SOURCE
com.google.gson.internal.LinkedTreeMap$LinkedTreeMapIterator	next	next	com.google.gson.internal.LinkedTreeMap$Node	SOURCE
com.google.gson.internal.LinkedTreeMap$LinkedTreeMapIterator	next	next	com.google.gson.internal.LinkedTreeMap$Node	SOURCE
com.google.gson.internal.LinkedTreeMap$LinkedTreeMapIterator	next	header	com.google.gson.internal.LinkedTreeMap	SOURCE
com.google.gson.internal.LinkedTreeMap$LinkedTreeMapIterator	expectedModCount	modCount	com.google.gson.internal.LinkedTreeMap	SOURCE
com.google.gson.internal.LinkedTreeMap$LinkedTreeMapIterator	expectedModCount	modCount	com.google.gson.internal.LinkedTreeMap	SOURCE
com.google.gson.internal.LinkedTreeMap$LinkedTreeMapIterator	hasNext()	next	com.google.gson.internal.LinkedTreeMap$LinkedTreeMapIterator	SOURCE
com.google.gson.internal.LinkedTreeMap$LinkedTreeMapIterator	hasNext()	header	com.google.gson.internal.LinkedTreeMap	SOURCE
com.google.gson.internal.LinkedTreeMap$LinkedTreeMapIterator	nextNode()	next	com.google.gson.internal.LinkedTreeMap$LinkedTreeMapIterator	SOURCE
com.google.gson.internal.LinkedTreeMap$LinkedTreeMapIterator	nextNode()	next	com.google.gson.internal.LinkedTreeMap$LinkedTreeMapIterator	SOURCE
com.google.gson.internal.LinkedTreeMap$LinkedTreeMapIterator	nextNode()	header	com.google.gson.internal.LinkedTreeMap	SOURCE
com.google.gson.internal.LinkedTreeMap$LinkedTreeMapIterator	nextNode()	modCount	com.google.gson.internal.LinkedTreeMap	SOURCE
com.google.gson.internal.LinkedTreeMap$LinkedTreeMapIterator	nextNode()	expectedModCount	com.google.gson.internal.LinkedTreeMap$LinkedTreeMapIterator	SOURCE
com.google.gson.internal.LinkedTreeMap$LinkedTreeMapIterator	nextNode()	next	com.google.gson.internal.LinkedTreeMap$LinkedTreeMapIterator	SOURCE
com.google.gson.internal.LinkedTreeMap$LinkedTreeMapIterator	nextNode()	next	com.google.gson.internal.LinkedTreeMap$Node	SOURCE
com.google.gson.internal.LinkedTreeMap$LinkedTreeMapIterator	nextNode()	lastReturned	com.google.gson.internal.LinkedTreeMap$LinkedTreeMapIterator	SOURCE
com.google.gson.internal.LinkedTreeMap$LinkedTreeMapIterator	remove()	lastReturned	com.google.gson.internal.LinkedTreeMap$LinkedTreeMapIterator	SOURCE
com.google.gson.internal.LinkedTreeMap$LinkedTreeMapIterator	remove()	lastReturned	com.google.gson.internal.LinkedTreeMap$LinkedTreeMapIterator	SOURCE
com.google.gson.internal.LinkedTreeMap$LinkedTreeMapIterator	remove()	lastReturned	com.google.gson.internal.LinkedTreeMap$LinkedTreeMapIterator	SOURCE
com.google.gson.internal.LinkedTreeMap$LinkedTreeMapIterator	remove()	expectedModCount	com.google.gson.internal.LinkedTreeMap$LinkedTreeMapIterator	SOURCE
com.google.gson.internal.LinkedTreeMap$LinkedTreeMapIterator	remove()	modCount	com.google.gson.internal.LinkedTreeMap	SOURCE
com.google.gson.internal.LinkedTreeMap$EntrySet	size()	size	com.google.gson.internal.LinkedTreeMap	SOURCE
com.google.gson.internal.LinkedTreeMap$EntrySet	clear()	this	com.google.gson.internal.LinkedTreeMap	SOURCE
com.google.gson.internal.LinkedTreeMap$KeySet	size()	size	com.google.gson.internal.LinkedTreeMap	SOURCE
com.google.gson.internal.LinkedTreeMap$KeySet$1	next()	key	com.google.gson.internal.LinkedTreeMap$Node	SOURCE
com.google.gson.internal.LinkedTreeMap$KeySet	clear()	this	com.google.gson.internal.LinkedTreeMap	SOURCE
com.google.gson.internal.LinkedTreeMap	writeReplace()	this	com.google.gson.internal.LinkedTreeMap	SOURCE
com.google.gson.FieldAttributes	FieldAttributes(java.lang.reflect.Field)	field	com.google.gson.FieldAttributes	SOURCE
com.google.gson.FieldAttributes	FieldAttributes(java.lang.reflect.Field)	this	com.google.gson.FieldAttributes	SOURCE
com.google.gson.FieldAttributes	getDeclaringClass()	field	com.google.gson.FieldAttributes	SOURCE
com.google.gson.FieldAttributes	getName()	field	com.google.gson.FieldAttributes	SOURCE
com.google.gson.FieldAttributes	getDeclaredType()	field	com.google.gson.FieldAttributes	SOURCE
com.google.gson.FieldAttributes	getDeclaredClass()	field	com.google.gson.FieldAttributes	SOURCE
com.google.gson.FieldAttributes	<T>getAnnotation(java.lang.Class<T>)	field	com.google.gson.FieldAttributes	SOURCE
com.google.gson.FieldAttributes	getAnnotations()	field	com.google.gson.FieldAttributes	SOURCE
com.google.gson.FieldAttributes	hasModifier(int)	field	com.google.gson.FieldAttributes	SOURCE
com.google.gson.FieldAttributes	get(java.lang.Object)	field	com.google.gson.FieldAttributes	SOURCE
com.google.gson.FieldAttributes	isSynthetic()	field	com.google.gson.FieldAttributes	SOURCE
com.google.gson.reflect.TypeToken	TypeToken()	type	com.google.gson.reflect.TypeToken	SOURCE
com.google.gson.reflect.TypeToken	TypeToken()	this	com.google.gson.reflect.TypeToken	SOURCE
com.google.gson.reflect.TypeToken	TypeToken()	rawType	com.google.gson.reflect.TypeToken	SOURCE
com.google.gson.reflect.TypeToken	TypeToken()	this	com.google.gson.reflect.TypeToken	SOURCE
com.google.gson.reflect.TypeToken	TypeToken()	type	com.google.gson.reflect.TypeToken	SOURCE
com.google.gson.reflect.TypeToken	TypeToken()	hashCode	com.google.gson.reflect.TypeToken	SOURCE
com.google.gson.reflect.TypeToken	TypeToken()	this	com.google.gson.reflect.TypeToken	SOURCE
com.google.gson.reflect.TypeToken	TypeToken()	type	com.google.gson.reflect.TypeToken	SOURCE
com.google.gson.reflect.TypeToken	TypeToken(java.lang.reflect.Type)	type	com.google.gson.reflect.TypeToken	SOURCE
com.google.gson.reflect.TypeToken	TypeToken(java.lang.reflect.Type)	this	com.google.gson.reflect.TypeToken	SOURCE
com.google.gson.reflect.TypeToken	TypeToken(java.lang.reflect.Type)	rawType	com.google.gson.reflect.TypeToken	SOURCE
com.google.gson.reflect.TypeToken	TypeToken(java.lang.reflect.Type)	this	com.google.gson.reflect.TypeToken	SOURCE
com.google.gson.reflect.TypeToken	TypeToken(java.lang.reflect.Type)	type	com.google.gson.reflect.TypeToken	SOURCE
com.google.gson.reflect.TypeToken	TypeToken(java.lang.reflect.Type)	this	com.google.gson.reflect.TypeToken	SOURCE
com.google.gson.reflect.TypeToken	TypeToken(java.lang.reflect.Type)	hashCode	com.google.gson.reflect.TypeToken	SOURCE
com.google.gson.reflect.TypeToken	TypeToken(java.lang.reflect.Type)	this	com.google.gson.reflect.TypeToken	SOURCE
com.google.gson.reflect.TypeToken	TypeToken(java.lang.reflect.Type)	type	com.google.gson.reflect.TypeToken	SOURCE
com.google.gson.reflect.TypeToken	TypeToken(java.lang.reflect.Type)	this	com.google.gson.reflect.TypeToken	SOURCE
com.google.gson.reflect.TypeToken	getRawType()	rawType	com.google.gson.reflect.TypeToken	SOURCE
com.google.gson.reflect.TypeToken	getType()	type	com.google.gson.reflect.TypeToken	SOURCE
com.google.gson.reflect.TypeToken	isAssignableFrom(java.lang.reflect.Type)	type	com.google.gson.reflect.TypeToken	SOURCE
com.google.gson.reflect.TypeToken	isAssignableFrom(java.lang.reflect.Type)	type	com.google.gson.reflect.TypeToken	SOURCE
com.google.gson.reflect.TypeToken	isAssignableFrom(java.lang.reflect.Type)	rawType	com.google.gson.reflect.TypeToken	SOURCE
com.google.gson.reflect.TypeToken	isAssignableFrom(java.lang.reflect.Type)	type	com.google.gson.reflect.TypeToken	SOURCE
com.google.gson.reflect.TypeToken	isAssignableFrom(java.lang.reflect.Type)	type	com.google.gson.reflect.TypeToken	SOURCE
com.google.gson.reflect.TypeToken	isAssignableFrom(java.lang.reflect.Type)	type	com.google.gson.reflect.TypeToken	SOURCE
com.google.gson.reflect.TypeToken	isAssignableFrom(java.lang.reflect.Type)	rawType	com.google.gson.reflect.TypeToken	SOURCE
com.google.gson.reflect.TypeToken	isAssignableFrom(java.lang.reflect.Type)	type	com.google.gson.reflect.TypeToken	SOURCE
com.google.gson.reflect.TypeToken	isAssignableFrom(java.lang.reflect.Type)	type	com.google.gson.reflect.TypeToken	SOURCE
com.google.gson.reflect.TypeToken	isAssignableFrom(java.lang.reflect.Type)	class	java.lang.Class	SOURCE
com.google.gson.reflect.TypeToken	isAssignableFrom(java.lang.reflect.Type)	class	java.lang.reflect.ParameterizedType	SOURCE
com.google.gson.reflect.TypeToken	isAssignableFrom(java.lang.reflect.Type)	class	java.lang.reflect.GenericArrayType	SOURCE
com.google.gson.reflect.TypeToken	isAssignableFrom(java.lang.reflect.Type,java.lang.reflect.ParameterizedType,java.util.Map<java.lang.String,java.lang.reflect.Type>)	length	Array	SOURCE
com.google.gson.reflect.TypeToken	typeEquals(java.lang.reflect.ParameterizedType,java.lang.reflect.ParameterizedType,java.util.Map<java.lang.String,java.lang.reflect.Type>)	length	Array	SOURCE
com.google.gson.reflect.TypeToken	hashCode()	hashCode	com.google.gson.reflect.TypeToken	SOURCE
com.google.gson.reflect.TypeToken	hashCode()	this	com.google.gson.reflect.TypeToken	SOURCE
com.google.gson.reflect.TypeToken	equals(java.lang.Object)	type	com.google.gson.reflect.TypeToken	SOURCE
com.google.gson.reflect.TypeToken	equals(java.lang.Object)	type	com.google.gson.reflect.TypeToken	SOURCE
com.google.gson.reflect.TypeToken	toString()	type	com.google.gson.reflect.TypeToken	SOURCE
com.google.gson.FieldNamingPolicy$4	translateName(java.lang.reflect.Field)	ENGLISH	java.util.Locale	SOURCE
com.google.gson.FieldNamingPolicy$5	translateName(java.lang.reflect.Field)	ENGLISH	java.util.Locale	SOURCE
com.google.gson.FieldNamingPolicy$6	translateName(java.lang.reflect.Field)	ENGLISH	java.util.Locale	SOURCE
com.google.gson.internal.Primitives	isWrapperType(java.lang.reflect.Type)	class	java.lang.Integer	SOURCE
com.google.gson.internal.Primitives	isWrapperType(java.lang.reflect.Type)	class	java.lang.Float	SOURCE
com.google.gson.internal.Primitives	isWrapperType(java.lang.reflect.Type)	class	java.lang.Byte	SOURCE
com.google.gson.internal.Primitives	isWrapperType(java.lang.reflect.Type)	class	java.lang.Double	SOURCE
com.google.gson.internal.Primitives	isWrapperType(java.lang.reflect.Type)	class	java.lang.Long	SOURCE
com.google.gson.internal.Primitives	isWrapperType(java.lang.reflect.Type)	class	java.lang.Character	SOURCE
com.google.gson.internal.Primitives	isWrapperType(java.lang.reflect.Type)	class	java.lang.Boolean	SOURCE
com.google.gson.internal.Primitives	isWrapperType(java.lang.reflect.Type)	class	java.lang.Short	SOURCE
com.google.gson.internal.Primitives	isWrapperType(java.lang.reflect.Type)	class	java.lang.Void	SOURCE
com.google.gson.internal.Primitives	<T>wrap(java.lang.Class<T>)	class	null	SOURCE
com.google.gson.internal.Primitives	<T>wrap(java.lang.Class<T>)	class	java.lang.Integer	SOURCE
com.google.gson.internal.Primitives	<T>wrap(java.lang.Class<T>)	class	null	SOURCE
com.google.gson.internal.Primitives	<T>wrap(java.lang.Class<T>)	class	java.lang.Float	SOURCE
com.google.gson.internal.Primitives	<T>wrap(java.lang.Class<T>)	class	null	SOURCE
com.google.gson.internal.Primitives	<T>wrap(java.lang.Class<T>)	class	java.lang.Byte	SOURCE
com.google.gson.internal.Primitives	<T>wrap(java.lang.Class<T>)	class	null	SOURCE
com.google.gson.internal.Primitives	<T>wrap(java.lang.Class<T>)	class	java.lang.Double	SOURCE
com.google.gson.internal.Primitives	<T>wrap(java.lang.Class<T>)	class	null	SOURCE
com.google.gson.internal.Primitives	<T>wrap(java.lang.Class<T>)	class	java.lang.Long	SOURCE
com.google.gson.internal.Primitives	<T>wrap(java.lang.Class<T>)	class	null	SOURCE
com.google.gson.internal.Primitives	<T>wrap(java.lang.Class<T>)	class	java.lang.Character	SOURCE
com.google.gson.internal.Primitives	<T>wrap(java.lang.Class<T>)	class	null	SOURCE
com.google.gson.internal.Primitives	<T>wrap(java.lang.Class<T>)	class	java.lang.Boolean	SOURCE
com.google.gson.internal.Primitives	<T>wrap(java.lang.Class<T>)	class	null	SOURCE
com.google.gson.internal.Primitives	<T>wrap(java.lang.Class<T>)	class	java.lang.Short	SOURCE
com.google.gson.internal.Primitives	<T>wrap(java.lang.Class<T>)	class	null	SOURCE
com.google.gson.internal.Primitives	<T>wrap(java.lang.Class<T>)	class	java.lang.Void	SOURCE
com.google.gson.internal.Primitives	<T>unwrap(java.lang.Class<T>)	class	java.lang.Integer	SOURCE
com.google.gson.internal.Primitives	<T>unwrap(java.lang.Class<T>)	class	null	SOURCE
com.google.gson.internal.Primitives	<T>unwrap(java.lang.Class<T>)	class	java.lang.Float	SOURCE
com.google.gson.internal.Primitives	<T>unwrap(java.lang.Class<T>)	class	null	SOURCE
com.google.gson.internal.Primitives	<T>unwrap(java.lang.Class<T>)	class	java.lang.Byte	SOURCE
com.google.gson.internal.Primitives	<T>unwrap(java.lang.Class<T>)	class	null	SOURCE
com.google.gson.internal.Primitives	<T>unwrap(java.lang.Class<T>)	class	java.lang.Double	SOURCE
com.google.gson.internal.Primitives	<T>unwrap(java.lang.Class<T>)	class	null	SOURCE
com.google.gson.internal.Primitives	<T>unwrap(java.lang.Class<T>)	class	java.lang.Long	SOURCE
com.google.gson.internal.Primitives	<T>unwrap(java.lang.Class<T>)	class	null	SOURCE
com.google.gson.internal.Primitives	<T>unwrap(java.lang.Class<T>)	class	java.lang.Character	SOURCE
com.google.gson.internal.Primitives	<T>unwrap(java.lang.Class<T>)	class	null	SOURCE
com.google.gson.internal.Primitives	<T>unwrap(java.lang.Class<T>)	class	java.lang.Boolean	SOURCE
com.google.gson.internal.Primitives	<T>unwrap(java.lang.Class<T>)	class	null	SOURCE
com.google.gson.internal.Primitives	<T>unwrap(java.lang.Class<T>)	class	java.lang.Short	SOURCE
com.google.gson.internal.Primitives	<T>unwrap(java.lang.Class<T>)	class	null	SOURCE
com.google.gson.internal.Primitives	<T>unwrap(java.lang.Class<T>)	class	java.lang.Void	SOURCE
com.google.gson.internal.Primitives	<T>unwrap(java.lang.Class<T>)	class	null	SOURCE
com.google.gson.internal.PreJava9DateFormatProvider	getUSDateFormat(int)	US	java.util.Locale	SOURCE
com.google.gson.internal.PreJava9DateFormatProvider	getUSDateTimeFormat(int,int)	US	java.util.Locale	SOURCE
com.google.gson.internal.PreJava9DateFormatProvider	getDateFormatPattern(int)	SHORT	java.text.DateFormat	SOURCE
com.google.gson.internal.PreJava9DateFormatProvider	getDateFormatPattern(int)	MEDIUM	java.text.DateFormat	SOURCE
com.google.gson.internal.PreJava9DateFormatProvider	getDateFormatPattern(int)	LONG	java.text.DateFormat	SOURCE
com.google.gson.internal.PreJava9DateFormatProvider	getDateFormatPattern(int)	FULL	java.text.DateFormat	SOURCE
com.google.gson.internal.PreJava9DateFormatProvider	getDatePartOfDateTimePattern(int)	SHORT	java.text.DateFormat	SOURCE
com.google.gson.internal.PreJava9DateFormatProvider	getDatePartOfDateTimePattern(int)	MEDIUM	java.text.DateFormat	SOURCE
com.google.gson.internal.PreJava9DateFormatProvider	getDatePartOfDateTimePattern(int)	LONG	java.text.DateFormat	SOURCE
com.google.gson.internal.PreJava9DateFormatProvider	getDatePartOfDateTimePattern(int)	FULL	java.text.DateFormat	SOURCE
com.google.gson.internal.PreJava9DateFormatProvider	getTimePartOfDateTimePattern(int)	SHORT	java.text.DateFormat	SOURCE
com.google.gson.internal.PreJava9DateFormatProvider	getTimePartOfDateTimePattern(int)	MEDIUM	java.text.DateFormat	SOURCE
com.google.gson.internal.PreJava9DateFormatProvider	getTimePartOfDateTimePattern(int)	FULL	java.text.DateFormat	SOURCE
com.google.gson.internal.PreJava9DateFormatProvider	getTimePartOfDateTimePattern(int)	LONG	java.text.DateFormat	SOURCE
com.google.gson.internal.reflect.ReflectionAccessor	getInstance()	instance	com.google.gson.internal.reflect.ReflectionAccessor	SOURCE
com.google.gson.internal.reflect.UnsafeReflectionAccessor	makeAccessibleWithUnsafe(java.lang.reflect.AccessibleObject)	theUnsafe	com.google.gson.internal.reflect.UnsafeReflectionAccessor	SOURCE
com.google.gson.internal.reflect.UnsafeReflectionAccessor	makeAccessibleWithUnsafe(java.lang.reflect.AccessibleObject)	overrideField	com.google.gson.internal.reflect.UnsafeReflectionAccessor	SOURCE
com.google.gson.internal.reflect.UnsafeReflectionAccessor	makeAccessibleWithUnsafe(java.lang.reflect.AccessibleObject)	unsafeClass	com.google.gson.internal.reflect.UnsafeReflectionAccessor	SOURCE
com.google.gson.internal.reflect.UnsafeReflectionAccessor	makeAccessibleWithUnsafe(java.lang.reflect.AccessibleObject)	class	java.lang.reflect.Field	SOURCE
com.google.gson.internal.reflect.UnsafeReflectionAccessor	makeAccessibleWithUnsafe(java.lang.reflect.AccessibleObject)	theUnsafe	com.google.gson.internal.reflect.UnsafeReflectionAccessor	SOURCE
com.google.gson.internal.reflect.UnsafeReflectionAccessor	makeAccessibleWithUnsafe(java.lang.reflect.AccessibleObject)	overrideField	com.google.gson.internal.reflect.UnsafeReflectionAccessor	SOURCE
com.google.gson.internal.reflect.UnsafeReflectionAccessor	makeAccessibleWithUnsafe(java.lang.reflect.AccessibleObject)	unsafeClass	com.google.gson.internal.reflect.UnsafeReflectionAccessor	SOURCE
com.google.gson.internal.reflect.UnsafeReflectionAccessor	makeAccessibleWithUnsafe(java.lang.reflect.AccessibleObject)	class	java.lang.Object	SOURCE
com.google.gson.internal.reflect.UnsafeReflectionAccessor	makeAccessibleWithUnsafe(java.lang.reflect.AccessibleObject)	class	null	SOURCE
com.google.gson.internal.reflect.UnsafeReflectionAccessor	makeAccessibleWithUnsafe(java.lang.reflect.AccessibleObject)	class	null	SOURCE
com.google.gson.internal.reflect.UnsafeReflectionAccessor	makeAccessibleWithUnsafe(java.lang.reflect.AccessibleObject)	theUnsafe	com.google.gson.internal.reflect.UnsafeReflectionAccessor	SOURCE
com.google.gson.internal.reflect.UnsafeReflectionAccessor	getUnsafeInstance()	unsafeClass	com.google.gson.internal.reflect.UnsafeReflectionAccessor	SOURCE
com.google.gson.internal.reflect.UnsafeReflectionAccessor	getUnsafeInstance()	unsafeClass	com.google.gson.internal.reflect.UnsafeReflectionAccessor	SOURCE
com.google.gson.internal.reflect.UnsafeReflectionAccessor	getOverrideField()	class	java.lang.reflect.AccessibleObject	SOURCE
com.google.gson.internal.bind.ReflectiveTypeAdapterFactory	ReflectiveTypeAdapterFactory(com.google.gson.internal.ConstructorConstructor,com.google.gson.FieldNamingStrategy,com.google.gson.internal.Excluder,com.google.gson.internal.bind.JsonAdapterAnnotationTypeAdapterFactory)	constructorConstructor	com.google.gson.internal.bind.ReflectiveTypeAdapterFactory	SOURCE
com.google.gson.internal.bind.ReflectiveTypeAdapterFactory	ReflectiveTypeAdapterFactory(com.google.gson.internal.ConstructorConstructor,com.google.gson.FieldNamingStrategy,com.google.gson.internal.Excluder,com.google.gson.internal.bind.JsonAdapterAnnotationTypeAdapterFactory)	this	com.google.gson.internal.bind.ReflectiveTypeAdapterFactory	SOURCE
com.google.gson.internal.bind.ReflectiveTypeAdapterFactory	ReflectiveTypeAdapterFactory(com.google.gson.internal.ConstructorConstructor,com.google.gson.FieldNamingStrategy,com.google.gson.internal.Excluder,com.google.gson.internal.bind.JsonAdapterAnnotationTypeAdapterFactory)	fieldNamingPolicy	com.google.gson.internal.bind.ReflectiveTypeAdapterFactory	SOURCE
com.google.gson.internal.bind.ReflectiveTypeAdapterFactory	ReflectiveTypeAdapterFactory(com.google.gson.internal.ConstructorConstructor,com.google.gson.FieldNamingStrategy,com.google.gson.internal.Excluder,com.google.gson.internal.bind.JsonAdapterAnnotationTypeAdapterFactory)	this	com.google.gson.internal.bind.ReflectiveTypeAdapterFactory	SOURCE
com.google.gson.internal.bind.ReflectiveTypeAdapterFactory	ReflectiveTypeAdapterFactory(com.google.gson.internal.ConstructorConstructor,com.google.gson.FieldNamingStrategy,com.google.gson.internal.Excluder,com.google.gson.internal.bind.JsonAdapterAnnotationTypeAdapterFactory)	excluder	com.google.gson.internal.bind.ReflectiveTypeAdapterFactory	SOURCE
com.google.gson.internal.bind.ReflectiveTypeAdapterFactory	ReflectiveTypeAdapterFactory(com.google.gson.internal.ConstructorConstructor,com.google.gson.FieldNamingStrategy,com.google.gson.internal.Excluder,com.google.gson.internal.bind.JsonAdapterAnnotationTypeAdapterFactory)	this	com.google.gson.internal.bind.ReflectiveTypeAdapterFactory	SOURCE
com.google.gson.internal.bind.ReflectiveTypeAdapterFactory	ReflectiveTypeAdapterFactory(com.google.gson.internal.ConstructorConstructor,com.google.gson.FieldNamingStrategy,com.google.gson.internal.Excluder,com.google.gson.internal.bind.JsonAdapterAnnotationTypeAdapterFactory)	jsonAdapterFactory	com.google.gson.internal.bind.ReflectiveTypeAdapterFactory	SOURCE
com.google.gson.internal.bind.ReflectiveTypeAdapterFactory	ReflectiveTypeAdapterFactory(com.google.gson.internal.ConstructorConstructor,com.google.gson.FieldNamingStrategy,com.google.gson.internal.Excluder,com.google.gson.internal.bind.JsonAdapterAnnotationTypeAdapterFactory)	this	com.google.gson.internal.bind.ReflectiveTypeAdapterFactory	SOURCE
com.google.gson.internal.bind.ReflectiveTypeAdapterFactory	excludeField(java.lang.reflect.Field,boolean)	excluder	com.google.gson.internal.bind.ReflectiveTypeAdapterFactory	SOURCE
com.google.gson.internal.bind.ReflectiveTypeAdapterFactory	getFieldNames(java.lang.reflect.Field)	class	com.google.gson.annotations.SerializedName	SOURCE
com.google.gson.internal.bind.ReflectiveTypeAdapterFactory	getFieldNames(java.lang.reflect.Field)	fieldNamingPolicy	com.google.gson.internal.bind.ReflectiveTypeAdapterFactory	SOURCE
com.google.gson.internal.bind.ReflectiveTypeAdapterFactory	getFieldNames(java.lang.reflect.Field)	length	Array	SOURCE
com.google.gson.internal.bind.ReflectiveTypeAdapterFactory	getFieldNames(java.lang.reflect.Field)	length	Array	SOURCE
com.google.gson.internal.bind.ReflectiveTypeAdapterFactory	<T>create(com.google.gson.Gson,com.google.gson.reflect.TypeToken<T>)	class	java.lang.Object	SOURCE
com.google.gson.internal.bind.ReflectiveTypeAdapterFactory	<T>create(com.google.gson.Gson,com.google.gson.reflect.TypeToken<T>)	constructorConstructor	com.google.gson.internal.bind.ReflectiveTypeAdapterFactory	SOURCE
com.google.gson.internal.bind.ReflectiveTypeAdapterFactory	createBoundField(com.google.gson.Gson,java.lang.reflect.Field,java.lang.String,com.google.gson.reflect.TypeToken<?>,boolean,boolean)	class	com.google.gson.annotations.JsonAdapter	SOURCE
com.google.gson.internal.bind.ReflectiveTypeAdapterFactory	createBoundField(com.google.gson.Gson,java.lang.reflect.Field,java.lang.String,com.google.gson.reflect.TypeToken<?>,boolean,boolean)	jsonAdapterFactory	com.google.gson.internal.bind.ReflectiveTypeAdapterFactory	SOURCE
com.google.gson.internal.bind.ReflectiveTypeAdapterFactory	createBoundField(com.google.gson.Gson,java.lang.reflect.Field,java.lang.String,com.google.gson.reflect.TypeToken<?>,boolean,boolean)	constructorConstructor	com.google.gson.internal.bind.ReflectiveTypeAdapterFactory	SOURCE
com.google.gson.internal.bind.ReflectiveTypeAdapterFactory$1	writeField(java.lang.Object)	serialized	com.google.gson.internal.bind.ReflectiveTypeAdapterFactory$BoundField	SOURCE
com.google.gson.internal.bind.ReflectiveTypeAdapterFactory	getBoundFields(com.google.gson.Gson,com.google.gson.reflect.TypeToken<?>,java.lang.Class<?>)	class	java.lang.Object	SOURCE
com.google.gson.internal.bind.ReflectiveTypeAdapterFactory	getBoundFields(com.google.gson.Gson,com.google.gson.reflect.TypeToken<?>,java.lang.Class<?>)	accessor	com.google.gson.internal.bind.ReflectiveTypeAdapterFactory	SOURCE
com.google.gson.internal.bind.ReflectiveTypeAdapterFactory	getBoundFields(com.google.gson.Gson,com.google.gson.reflect.TypeToken<?>,java.lang.Class<?>)	name	com.google.gson.internal.bind.ReflectiveTypeAdapterFactory$BoundField	SOURCE
com.google.gson.internal.bind.ReflectiveTypeAdapterFactory$BoundField	BoundField(java.lang.String,boolean,boolean)	name	com.google.gson.internal.bind.ReflectiveTypeAdapterFactory$BoundField	SOURCE
com.google.gson.internal.bind.ReflectiveTypeAdapterFactory$BoundField	BoundField(java.lang.String,boolean,boolean)	this	com.google.gson.internal.bind.ReflectiveTypeAdapterFactory$BoundField	SOURCE
com.google.gson.internal.bind.ReflectiveTypeAdapterFactory$BoundField	BoundField(java.lang.String,boolean,boolean)	serialized	com.google.gson.internal.bind.ReflectiveTypeAdapterFactory$BoundField	SOURCE
com.google.gson.internal.bind.ReflectiveTypeAdapterFactory$BoundField	BoundField(java.lang.String,boolean,boolean)	this	com.google.gson.internal.bind.ReflectiveTypeAdapterFactory$BoundField	SOURCE
com.google.gson.internal.bind.ReflectiveTypeAdapterFactory$BoundField	BoundField(java.lang.String,boolean,boolean)	deserialized	com.google.gson.internal.bind.ReflectiveTypeAdapterFactory$BoundField	SOURCE
com.google.gson.internal.bind.ReflectiveTypeAdapterFactory$BoundField	BoundField(java.lang.String,boolean,boolean)	this	com.google.gson.internal.bind.ReflectiveTypeAdapterFactory$BoundField	SOURCE
com.google.gson.internal.bind.ReflectiveTypeAdapterFactory$Adapter	Adapter(com.google.gson.internal.ObjectConstructor<T>,java.util.Map<java.lang.String,com.google.gson.internal.bind.ReflectiveTypeAdapterFactory.BoundField>)	constructor	com.google.gson.internal.bind.ReflectiveTypeAdapterFactory$Adapter	SOURCE
com.google.gson.internal.bind.ReflectiveTypeAdapterFactory$Adapter	Adapter(com.google.gson.internal.ObjectConstructor<T>,java.util.Map<java.lang.String,com.google.gson.internal.bind.ReflectiveTypeAdapterFactory.BoundField>)	this	com.google.gson.internal.bind.ReflectiveTypeAdapterFactory$Adapter	SOURCE
com.google.gson.internal.bind.ReflectiveTypeAdapterFactory$Adapter	Adapter(com.google.gson.internal.ObjectConstructor<T>,java.util.Map<java.lang.String,com.google.gson.internal.bind.ReflectiveTypeAdapterFactory.BoundField>)	boundFields	com.google.gson.internal.bind.ReflectiveTypeAdapterFactory$Adapter	SOURCE
com.google.gson.internal.bind.ReflectiveTypeAdapterFactory$Adapter	Adapter(com.google.gson.internal.ObjectConstructor<T>,java.util.Map<java.lang.String,com.google.gson.internal.bind.ReflectiveTypeAdapterFactory.BoundField>)	this	com.google.gson.internal.bind.ReflectiveTypeAdapterFactory$Adapter	SOURCE
com.google.gson.internal.bind.ReflectiveTypeAdapterFactory$Adapter	read(com.google.gson.stream.JsonReader)	constructor	com.google.gson.internal.bind.ReflectiveTypeAdapterFactory$Adapter	SOURCE
com.google.gson.internal.bind.ReflectiveTypeAdapterFactory$Adapter	read(com.google.gson.stream.JsonReader)	boundFields	com.google.gson.internal.bind.ReflectiveTypeAdapterFactory$Adapter	SOURCE
com.google.gson.internal.bind.ReflectiveTypeAdapterFactory$Adapter	read(com.google.gson.stream.JsonReader)	deserialized	com.google.gson.internal.bind.ReflectiveTypeAdapterFactory$BoundField	SOURCE
com.google.gson.internal.bind.ReflectiveTypeAdapterFactory$Adapter	write(com.google.gson.stream.JsonWriter,T)	boundFields	com.google.gson.internal.bind.ReflectiveTypeAdapterFactory$Adapter	SOURCE
com.google.gson.internal.bind.ReflectiveTypeAdapterFactory$Adapter	write(com.google.gson.stream.JsonWriter,T)	name	com.google.gson.internal.bind.ReflectiveTypeAdapterFactory$BoundField	SOURCE
com.google.gson.internal.ConstructorConstructor	ConstructorConstructor(java.util.Map<java.lang.reflect.Type,com.google.gson.InstanceCreator<?>>)	instanceCreators	com.google.gson.internal.ConstructorConstructor	SOURCE
com.google.gson.internal.ConstructorConstructor	ConstructorConstructor(java.util.Map<java.lang.reflect.Type,com.google.gson.InstanceCreator<?>>)	this	com.google.gson.internal.ConstructorConstructor	SOURCE
com.google.gson.internal.ConstructorConstructor	<T>get(com.google.gson.reflect.TypeToken<T>)	instanceCreators	com.google.gson.internal.ConstructorConstructor	SOURCE
com.google.gson.internal.ConstructorConstructor	<T>get(com.google.gson.reflect.TypeToken<T>)	instanceCreators	com.google.gson.internal.ConstructorConstructor	SOURCE
com.google.gson.internal.ConstructorConstructor	<T>newDefaultConstructor(java.lang.Class<? super T>)	accessor	com.google.gson.internal.ConstructorConstructor	SOURCE
com.google.gson.internal.ConstructorConstructor	<T>newDefaultImplementationConstructor(java.lang.reflect.Type,java.lang.Class<? super T>)	class	java.util.Collection	SOURCE
com.google.gson.internal.ConstructorConstructor	<T>newDefaultImplementationConstructor(java.lang.reflect.Type,java.lang.Class<? super T>)	class	java.util.SortedSet	SOURCE
com.google.gson.internal.ConstructorConstructor	<T>newDefaultImplementationConstructor(java.lang.reflect.Type,java.lang.Class<? super T>)	class	java.util.EnumSet	SOURCE
com.google.gson.internal.ConstructorConstructor	<T>newDefaultImplementationConstructor(java.lang.reflect.Type,java.lang.Class<? super T>)	class	java.util.Set	SOURCE
com.google.gson.internal.ConstructorConstructor	<T>newDefaultImplementationConstructor(java.lang.reflect.Type,java.lang.Class<? super T>)	class	java.util.Queue	SOURCE
com.google.gson.internal.ConstructorConstructor	<T>newDefaultImplementationConstructor(java.lang.reflect.Type,java.lang.Class<? super T>)	class	java.util.Map	SOURCE
com.google.gson.internal.ConstructorConstructor	<T>newDefaultImplementationConstructor(java.lang.reflect.Type,java.lang.Class<? super T>)	class	java.util.concurrent.ConcurrentNavigableMap	SOURCE
com.google.gson.internal.ConstructorConstructor	<T>newDefaultImplementationConstructor(java.lang.reflect.Type,java.lang.Class<? super T>)	class	java.util.concurrent.ConcurrentMap	SOURCE
com.google.gson.internal.ConstructorConstructor	<T>newDefaultImplementationConstructor(java.lang.reflect.Type,java.lang.Class<? super T>)	class	java.util.SortedMap	SOURCE
com.google.gson.internal.ConstructorConstructor	<T>newDefaultImplementationConstructor(java.lang.reflect.Type,java.lang.Class<? super T>)	class	java.lang.String	SOURCE
com.google.gson.internal.ConstructorConstructor$14	construct()	unsafeAllocator	com.google.gson.internal.ConstructorConstructor$14	SOURCE
com.google.gson.internal.ConstructorConstructor	toString()	instanceCreators	com.google.gson.internal.ConstructorConstructor	SOURCE
com.google.gson.internal.Excluder	version	IGNORE_VERSIONS	com.google.gson.internal.Excluder	SOURCE
com.google.gson.internal.Excluder	IGNORE_VERSIONS	IGNORE_VERSIONS	com.google.gson.internal.Excluder	SOURCE
com.google.gson.internal.Excluder	modifiers	TRANSIENT	java.lang.reflect.Modifier	SOURCE
com.google.gson.internal.Excluder	modifiers	STATIC	java.lang.reflect.Modifier	SOURCE
com.google.gson.internal.Excluder	clone()	super	com.google.gson.internal.Excluder	SOURCE
com.google.gson.internal.Excluder	withVersion(double)	version	com.google.gson.internal.Excluder	SOURCE
com.google.gson.internal.Excluder	withModifiers(int...)	modifiers	com.google.gson.internal.Excluder	SOURCE
com.google.gson.internal.Excluder	withModifiers(int...)	modifiers	com.google.gson.internal.Excluder	SOURCE
com.google.gson.internal.Excluder	disableInnerClassSerialization()	serializeInnerClasses	com.google.gson.internal.Excluder	SOURCE
com.google.gson.internal.Excluder	excludeFieldsWithoutExposeAnnotation()	requireExpose	com.google.gson.internal.Excluder	SOURCE
com.google.gson.internal.Excluder	withExclusionStrategy(com.google.gson.ExclusionStrategy,boolean,boolean)	serializationStrategies	com.google.gson.internal.Excluder	SOURCE
com.google.gson.internal.Excluder	withExclusionStrategy(com.google.gson.ExclusionStrategy,boolean,boolean)	serializationStrategies	com.google.gson.internal.Excluder	SOURCE
com.google.gson.internal.Excluder	withExclusionStrategy(com.google.gson.ExclusionStrategy,boolean,boolean)	serializationStrategies	com.google.gson.internal.Excluder	SOURCE
com.google.gson.internal.Excluder	withExclusionStrategy(com.google.gson.ExclusionStrategy,boolean,boolean)	deserializationStrategies	com.google.gson.internal.Excluder	SOURCE
com.google.gson.internal.Excluder	withExclusionStrategy(com.google.gson.ExclusionStrategy,boolean,boolean)	deserializationStrategies	com.google.gson.internal.Excluder	SOURCE
com.google.gson.internal.Excluder	withExclusionStrategy(com.google.gson.ExclusionStrategy,boolean,boolean)	deserializationStrategies	com.google.gson.internal.Excluder	SOURCE
com.google.gson.internal.Excluder$1	delegate()	delegate	com.google.gson.internal.Excluder$1	SOURCE
com.google.gson.internal.Excluder$1	delegate()	delegate	com.google.gson.internal.Excluder$1	SOURCE
com.google.gson.internal.Excluder$1	delegate()	delegate	com.google.gson.internal.Excluder$1	SOURCE
com.google.gson.internal.Excluder$1	delegate()	this	com.google.gson.internal.Excluder	SOURCE
com.google.gson.internal.Excluder	excludeField(java.lang.reflect.Field,boolean)	modifiers	com.google.gson.internal.Excluder	SOURCE
com.google.gson.internal.Excluder	excludeField(java.lang.reflect.Field,boolean)	version	com.google.gson.internal.Excluder	SOURCE
com.google.gson.internal.Excluder	excludeField(java.lang.reflect.Field,boolean)	IGNORE_VERSIONS	com.google.gson.internal.Excluder	SOURCE
com.google.gson.internal.Excluder	excludeField(java.lang.reflect.Field,boolean)	class	com.google.gson.annotations.Since	SOURCE
com.google.gson.internal.Excluder	excludeField(java.lang.reflect.Field,boolean)	class	com.google.gson.annotations.Until	SOURCE
com.google.gson.internal.Excluder	excludeField(java.lang.reflect.Field,boolean)	requireExpose	com.google.gson.internal.Excluder	SOURCE
com.google.gson.internal.Excluder	excludeField(java.lang.reflect.Field,boolean)	class	com.google.gson.annotations.Expose	SOURCE
com.google.gson.internal.Excluder	excludeField(java.lang.reflect.Field,boolean)	serializeInnerClasses	com.google.gson.internal.Excluder	SOURCE
com.google.gson.internal.Excluder	excludeField(java.lang.reflect.Field,boolean)	serializationStrategies	com.google.gson.internal.Excluder	SOURCE
com.google.gson.internal.Excluder	excludeField(java.lang.reflect.Field,boolean)	deserializationStrategies	com.google.gson.internal.Excluder	SOURCE
com.google.gson.internal.Excluder	excludeClassChecks(java.lang.Class<?>)	version	com.google.gson.internal.Excluder	SOURCE
com.google.gson.internal.Excluder	excludeClassChecks(java.lang.Class<?>)	IGNORE_VERSIONS	com.google.gson.internal.Excluder	SOURCE
com.google.gson.internal.Excluder	excludeClassChecks(java.lang.Class<?>)	class	com.google.gson.annotations.Since	SOURCE
com.google.gson.internal.Excluder	excludeClassChecks(java.lang.Class<?>)	class	com.google.gson.annotations.Until	SOURCE
com.google.gson.internal.Excluder	excludeClassChecks(java.lang.Class<?>)	serializeInnerClasses	com.google.gson.internal.Excluder	SOURCE
com.google.gson.internal.Excluder	excludeClassInStrategy(java.lang.Class<?>,boolean)	serializationStrategies	com.google.gson.internal.Excluder	SOURCE
com.google.gson.internal.Excluder	excludeClassInStrategy(java.lang.Class<?>,boolean)	deserializationStrategies	com.google.gson.internal.Excluder	SOURCE
com.google.gson.internal.Excluder	isAnonymousOrLocal(java.lang.Class<?>)	class	java.lang.Enum	SOURCE
com.google.gson.internal.Excluder	isStatic(java.lang.Class<?>)	STATIC	java.lang.reflect.Modifier	SOURCE
com.google.gson.internal.Excluder	isValidSince(com.google.gson.annotations.Since)	version	com.google.gson.internal.Excluder	SOURCE
com.google.gson.internal.Excluder	isValidUntil(com.google.gson.annotations.Until)	version	com.google.gson.internal.Excluder	SOURCE
com.google.gson.internal.bind.JsonAdapterAnnotationTypeAdapterFactory	JsonAdapterAnnotationTypeAdapterFactory(com.google.gson.internal.ConstructorConstructor)	constructorConstructor	com.google.gson.internal.bind.JsonAdapterAnnotationTypeAdapterFactory	SOURCE
com.google.gson.internal.bind.JsonAdapterAnnotationTypeAdapterFactory	JsonAdapterAnnotationTypeAdapterFactory(com.google.gson.internal.ConstructorConstructor)	this	com.google.gson.internal.bind.JsonAdapterAnnotationTypeAdapterFactory	SOURCE
com.google.gson.internal.bind.JsonAdapterAnnotationTypeAdapterFactory	<T>create(com.google.gson.Gson,com.google.gson.reflect.TypeToken<T>)	class	com.google.gson.annotations.JsonAdapter	SOURCE
com.google.gson.internal.bind.JsonAdapterAnnotationTypeAdapterFactory	<T>create(com.google.gson.Gson,com.google.gson.reflect.TypeToken<T>)	constructorConstructor	com.google.gson.internal.bind.JsonAdapterAnnotationTypeAdapterFactory	SOURCE
com.google.gson.Gson	NULL_KEY_SURROGATE	class	java.lang.Object	SOURCE
com.google.gson.Gson	Gson()	DEFAULT	com.google.gson.internal.Excluder	SOURCE
com.google.gson.Gson	Gson()	DEFAULT_SERIALIZE_NULLS	com.google.gson.Gson	SOURCE
com.google.gson.Gson	Gson()	DEFAULT_COMPLEX_MAP_KEYS	com.google.gson.Gson	SOURCE
com.google.gson.Gson	Gson()	DEFAULT_JSON_NON_EXECUTABLE	com.google.gson.Gson	SOURCE
com.google.gson.Gson	Gson()	DEFAULT_ESCAPE_HTML	com.google.gson.Gson	SOURCE
com.google.gson.Gson	Gson()	DEFAULT_PRETTY_PRINT	com.google.gson.Gson	SOURCE
com.google.gson.Gson	Gson()	DEFAULT_LENIENT	com.google.gson.Gson	SOURCE
com.google.gson.Gson	Gson()	DEFAULT_SPECIALIZE_FLOAT_VALUES	com.google.gson.Gson	SOURCE
com.google.gson.Gson	Gson()	DEFAULT	java.text.DateFormat	SOURCE
com.google.gson.Gson	Gson()	DEFAULT	java.text.DateFormat	SOURCE
com.google.gson.Gson	Gson(com.google.gson.internal.Excluder,com.google.gson.FieldNamingStrategy,java.util.Map<java.lang.reflect.Type,com.google.gson.InstanceCreator<?>>,boolean,boolean,boolean,boolean,boolean,boolean,boolean,com.google.gson.LongSerializationPolicy,java.lang.String,int,int,java.util.List<com.google.gson.TypeAdapterFactory>,java.util.List<com.google.gson.TypeAdapterFactory>,java.util.List<com.google.gson.TypeAdapterFactory>)	excluder	com.google.gson.Gson	SOURCE
com.google.gson.Gson	Gson(com.google.gson.internal.Excluder,com.google.gson.FieldNamingStrategy,java.util.Map<java.lang.reflect.Type,com.google.gson.InstanceCreator<?>>,boolean,boolean,boolean,boolean,boolean,boolean,boolean,com.google.gson.LongSerializationPolicy,java.lang.String,int,int,java.util.List<com.google.gson.TypeAdapterFactory>,java.util.List<com.google.gson.TypeAdapterFactory>,java.util.List<com.google.gson.TypeAdapterFactory>)	this	com.google.gson.Gson	SOURCE
com.google.gson.Gson	Gson(com.google.gson.internal.Excluder,com.google.gson.FieldNamingStrategy,java.util.Map<java.lang.reflect.Type,com.google.gson.InstanceCreator<?>>,boolean,boolean,boolean,boolean,boolean,boolean,boolean,com.google.gson.LongSerializationPolicy,java.lang.String,int,int,java.util.List<com.google.gson.TypeAdapterFactory>,java.util.List<com.google.gson.TypeAdapterFactory>,java.util.List<com.google.gson.TypeAdapterFactory>)	fieldNamingStrategy	com.google.gson.Gson	SOURCE
com.google.gson.Gson	Gson(com.google.gson.internal.Excluder,com.google.gson.FieldNamingStrategy,java.util.Map<java.lang.reflect.Type,com.google.gson.InstanceCreator<?>>,boolean,boolean,boolean,boolean,boolean,boolean,boolean,com.google.gson.LongSerializationPolicy,java.lang.String,int,int,java.util.List<com.google.gson.TypeAdapterFactory>,java.util.List<com.google.gson.TypeAdapterFactory>,java.util.List<com.google.gson.TypeAdapterFactory>)	this	com.google.gson.Gson	SOURCE
com.google.gson.Gson	Gson(com.google.gson.internal.Excluder,com.google.gson.FieldNamingStrategy,java.util.Map<java.lang.reflect.Type,com.google.gson.InstanceCreator<?>>,boolean,boolean,boolean,boolean,boolean,boolean,boolean,com.google.gson.LongSerializationPolicy,java.lang.String,int,int,java.util.List<com.google.gson.TypeAdapterFactory>,java.util.List<com.google.gson.TypeAdapterFactory>,java.util.List<com.google.gson.TypeAdapterFactory>)	instanceCreators	com.google.gson.Gson	SOURCE
com.google.gson.Gson	Gson(com.google.gson.internal.Excluder,com.google.gson.FieldNamingStrategy,java.util.Map<java.lang.reflect.Type,com.google.gson.InstanceCreator<?>>,boolean,boolean,boolean,boolean,boolean,boolean,boolean,com.google.gson.LongSerializationPolicy,java.lang.String,int,int,java.util.List<com.google.gson.TypeAdapterFactory>,java.util.List<com.google.gson.TypeAdapterFactory>,java.util.List<com.google.gson.TypeAdapterFactory>)	this	com.google.gson.Gson	SOURCE
com.google.gson.Gson	Gson(com.google.gson.internal.Excluder,com.google.gson.FieldNamingStrategy,java.util.Map<java.lang.reflect.Type,com.google.gson.InstanceCreator<?>>,boolean,boolean,boolean,boolean,boolean,boolean,boolean,com.google.gson.LongSerializationPolicy,java.lang.String,int,int,java.util.List<com.google.gson.TypeAdapterFactory>,java.util.List<com.google.gson.TypeAdapterFactory>,java.util.List<com.google.gson.TypeAdapterFactory>)	constructorConstructor	com.google.gson.Gson	SOURCE
com.google.gson.Gson	Gson(com.google.gson.internal.Excluder,com.google.gson.FieldNamingStrategy,java.util.Map<java.lang.reflect.Type,com.google.gson.InstanceCreator<?>>,boolean,boolean,boolean,boolean,boolean,boolean,boolean,com.google.gson.LongSerializationPolicy,java.lang.String,int,int,java.util.List<com.google.gson.TypeAdapterFactory>,java.util.List<com.google.gson.TypeAdapterFactory>,java.util.List<com.google.gson.TypeAdapterFactory>)	this	com.google.gson.Gson	SOURCE
com.google.gson.Gson	Gson(com.google.gson.internal.Excluder,com.google.gson.FieldNamingStrategy,java.util.Map<java.lang.reflect.Type,com.google.gson.InstanceCreator<?>>,boolean,boolean,boolean,boolean,boolean,boolean,boolean,com.google.gson.LongSerializationPolicy,java.lang.String,int,int,java.util.List<com.google.gson.TypeAdapterFactory>,java.util.List<com.google.gson.TypeAdapterFactory>,java.util.List<com.google.gson.TypeAdapterFactory>)	serializeNulls	com.google.gson.Gson	SOURCE
com.google.gson.Gson	Gson(com.google.gson.internal.Excluder,com.google.gson.FieldNamingStrategy,java.util.Map<java.lang.reflect.Type,com.google.gson.InstanceCreator<?>>,boolean,boolean,boolean,boolean,boolean,boolean,boolean,com.google.gson.LongSerializationPolicy,java.lang.String,int,int,java.util.List<com.google.gson.TypeAdapterFactory>,java.util.List<com.google.gson.TypeAdapterFactory>,java.util.List<com.google.gson.TypeAdapterFactory>)	this	com.google.gson.Gson	SOURCE
com.google.gson.Gson	Gson(com.google.gson.internal.Excluder,com.google.gson.FieldNamingStrategy,java.util.Map<java.lang.reflect.Type,com.google.gson.InstanceCreator<?>>,boolean,boolean,boolean,boolean,boolean,boolean,boolean,com.google.gson.LongSerializationPolicy,java.lang.String,int,int,java.util.List<com.google.gson.TypeAdapterFactory>,java.util.List<com.google.gson.TypeAdapterFactory>,java.util.List<com.google.gson.TypeAdapterFactory>)	complexMapKeySerialization	com.google.gson.Gson	SOURCE
com.google.gson.Gson	Gson(com.google.gson.internal.Excluder,com.google.gson.FieldNamingStrategy,java.util.Map<java.lang.reflect.Type,com.google.gson.InstanceCreator<?>>,boolean,boolean,boolean,boolean,boolean,boolean,boolean,com.google.gson.LongSerializationPolicy,java.lang.String,int,int,java.util.List<com.google.gson.TypeAdapterFactory>,java.util.List<com.google.gson.TypeAdapterFactory>,java.util.List<com.google.gson.TypeAdapterFactory>)	this	com.google.gson.Gson	SOURCE
com.google.gson.Gson	Gson(com.google.gson.internal.Excluder,com.google.gson.FieldNamingStrategy,java.util.Map<java.lang.reflect.Type,com.google.gson.InstanceCreator<?>>,boolean,boolean,boolean,boolean,boolean,boolean,boolean,com.google.gson.LongSerializationPolicy,java.lang.String,int,int,java.util.List<com.google.gson.TypeAdapterFactory>,java.util.List<com.google.gson.TypeAdapterFactory>,java.util.List<com.google.gson.TypeAdapterFactory>)	generateNonExecutableJson	com.google.gson.Gson	SOURCE
com.google.gson.Gson	Gson(com.google.gson.internal.Excluder,com.google.gson.FieldNamingStrategy,java.util.Map<java.lang.reflect.Type,com.google.gson.InstanceCreator<?>>,boolean,boolean,boolean,boolean,boolean,boolean,boolean,com.google.gson.LongSerializationPolicy,java.lang.String,int,int,java.util.List<com.google.gson.TypeAdapterFactory>,java.util.List<com.google.gson.TypeAdapterFactory>,java.util.List<com.google.gson.TypeAdapterFactory>)	this	com.google.gson.Gson	SOURCE
com.google.gson.Gson	Gson(com.google.gson.internal.Excluder,com.google.gson.FieldNamingStrategy,java.util.Map<java.lang.reflect.Type,com.google.gson.InstanceCreator<?>>,boolean,boolean,boolean,boolean,boolean,boolean,boolean,com.google.gson.LongSerializationPolicy,java.lang.String,int,int,java.util.List<com.google.gson.TypeAdapterFactory>,java.util.List<com.google.gson.TypeAdapterFactory>,java.util.List<com.google.gson.TypeAdapterFactory>)	htmlSafe	com.google.gson.Gson	SOURCE
com.google.gson.Gson	Gson(com.google.gson.internal.Excluder,com.google.gson.FieldNamingStrategy,java.util.Map<java.lang.reflect.Type,com.google.gson.InstanceCreator<?>>,boolean,boolean,boolean,boolean,boolean,boolean,boolean,com.google.gson.LongSerializationPolicy,java.lang.String,int,int,java.util.List<com.google.gson.TypeAdapterFactory>,java.util.List<com.google.gson.TypeAdapterFactory>,java.util.List<com.google.gson.TypeAdapterFactory>)	this	com.google.gson.Gson	SOURCE
com.google.gson.Gson	Gson(com.google.gson.internal.Excluder,com.google.gson.FieldNamingStrategy,java.util.Map<java.lang.reflect.Type,com.google.gson.InstanceCreator<?>>,boolean,boolean,boolean,boolean,boolean,boolean,boolean,com.google.gson.LongSerializationPolicy,java.lang.String,int,int,java.util.List<com.google.gson.TypeAdapterFactory>,java.util.List<com.google.gson.TypeAdapterFactory>,java.util.List<com.google.gson.TypeAdapterFactory>)	prettyPrinting	com.google.gson.Gson	SOURCE
com.google.gson.Gson	Gson(com.google.gson.internal.Excluder,com.google.gson.FieldNamingStrategy,java.util.Map<java.lang.reflect.Type,com.google.gson.InstanceCreator<?>>,boolean,boolean,boolean,boolean,boolean,boolean,boolean,com.google.gson.LongSerializationPolicy,java.lang.String,int,int,java.util.List<com.google.gson.TypeAdapterFactory>,java.util.List<com.google.gson.TypeAdapterFactory>,java.util.List<com.google.gson.TypeAdapterFactory>)	this	com.google.gson.Gson	SOURCE
com.google.gson.Gson	Gson(com.google.gson.internal.Excluder,com.google.gson.FieldNamingStrategy,java.util.Map<java.lang.reflect.Type,com.google.gson.InstanceCreator<?>>,boolean,boolean,boolean,boolean,boolean,boolean,boolean,com.google.gson.LongSerializationPolicy,java.lang.String,int,int,java.util.List<com.google.gson.TypeAdapterFactory>,java.util.List<com.google.gson.TypeAdapterFactory>,java.util.List<com.google.gson.TypeAdapterFactory>)	lenient	com.google.gson.Gson	SOURCE
com.google.gson.Gson	Gson(com.google.gson.internal.Excluder,com.google.gson.FieldNamingStrategy,java.util.Map<java.lang.reflect.Type,com.google.gson.InstanceCreator<?>>,boolean,boolean,boolean,boolean,boolean,boolean,boolean,com.google.gson.LongSerializationPolicy,java.lang.String,int,int,java.util.List<com.google.gson.TypeAdapterFactory>,java.util.List<com.google.gson.TypeAdapterFactory>,java.util.List<com.google.gson.TypeAdapterFactory>)	this	com.google.gson.Gson	SOURCE
com.google.gson.Gson	Gson(com.google.gson.internal.Excluder,com.google.gson.FieldNamingStrategy,java.util.Map<java.lang.reflect.Type,com.google.gson.InstanceCreator<?>>,boolean,boolean,boolean,boolean,boolean,boolean,boolean,com.google.gson.LongSerializationPolicy,java.lang.String,int,int,java.util.List<com.google.gson.TypeAdapterFactory>,java.util.List<com.google.gson.TypeAdapterFactory>,java.util.List<com.google.gson.TypeAdapterFactory>)	serializeSpecialFloatingPointValues	com.google.gson.Gson	SOURCE
com.google.gson.Gson	Gson(com.google.gson.internal.Excluder,com.google.gson.FieldNamingStrategy,java.util.Map<java.lang.reflect.Type,com.google.gson.InstanceCreator<?>>,boolean,boolean,boolean,boolean,boolean,boolean,boolean,com.google.gson.LongSerializationPolicy,java.lang.String,int,int,java.util.List<com.google.gson.TypeAdapterFactory>,java.util.List<com.google.gson.TypeAdapterFactory>,java.util.List<com.google.gson.TypeAdapterFactory>)	this	com.google.gson.Gson	SOURCE
com.google.gson.Gson	Gson(com.google.gson.internal.Excluder,com.google.gson.FieldNamingStrategy,java.util.Map<java.lang.reflect.Type,com.google.gson.InstanceCreator<?>>,boolean,boolean,boolean,boolean,boolean,boolean,boolean,com.google.gson.LongSerializationPolicy,java.lang.String,int,int,java.util.List<com.google.gson.TypeAdapterFactory>,java.util.List<com.google.gson.TypeAdapterFactory>,java.util.List<com.google.gson.TypeAdapterFactory>)	longSerializationPolicy	com.google.gson.Gson	SOURCE
com.google.gson.Gson	Gson(com.google.gson.internal.Excluder,com.google.gson.FieldNamingStrategy,java.util.Map<java.lang.reflect.Type,com.google.gson.InstanceCreator<?>>,boolean,boolean,boolean,boolean,boolean,boolean,boolean,com.google.gson.LongSerializationPolicy,java.lang.String,int,int,java.util.List<com.google.gson.TypeAdapterFactory>,java.util.List<com.google.gson.TypeAdapterFactory>,java.util.List<com.google.gson.TypeAdapterFactory>)	this	com.google.gson.Gson	SOURCE
com.google.gson.Gson	Gson(com.google.gson.internal.Excluder,com.google.gson.FieldNamingStrategy,java.util.Map<java.lang.reflect.Type,com.google.gson.InstanceCreator<?>>,boolean,boolean,boolean,boolean,boolean,boolean,boolean,com.google.gson.LongSerializationPolicy,java.lang.String,int,int,java.util.List<com.google.gson.TypeAdapterFactory>,java.util.List<com.google.gson.TypeAdapterFactory>,java.util.List<com.google.gson.TypeAdapterFactory>)	datePattern	com.google.gson.Gson	SOURCE
com.google.gson.Gson	Gson(com.google.gson.internal.Excluder,com.google.gson.FieldNamingStrategy,java.util.Map<java.lang.reflect.Type,com.google.gson.InstanceCreator<?>>,boolean,boolean,boolean,boolean,boolean,boolean,boolean,com.google.gson.LongSerializationPolicy,java.lang.String,int,int,java.util.List<com.google.gson.TypeAdapterFactory>,java.util.List<com.google.gson.TypeAdapterFactory>,java.util.List<com.google.gson.TypeAdapterFactory>)	this	com.google.gson.Gson	SOURCE
com.google.gson.Gson	Gson(com.google.gson.internal.Excluder,com.google.gson.FieldNamingStrategy,java.util.Map<java.lang.reflect.Type,com.google.gson.InstanceCreator<?>>,boolean,boolean,boolean,boolean,boolean,boolean,boolean,com.google.gson.LongSerializationPolicy,java.lang.String,int,int,java.util.List<com.google.gson.TypeAdapterFactory>,java.util.List<com.google.gson.TypeAdapterFactory>,java.util.List<com.google.gson.TypeAdapterFactory>)	dateStyle	com.google.gson.Gson	SOURCE
com.google.gson.Gson	Gson(com.google.gson.internal.Excluder,com.google.gson.FieldNamingStrategy,java.util.Map<java.lang.reflect.Type,com.google.gson.InstanceCreator<?>>,boolean,boolean,boolean,boolean,boolean,boolean,boolean,com.google.gson.LongSerializationPolicy,java.lang.String,int,int,java.util.List<com.google.gson.TypeAdapterFactory>,java.util.List<com.google.gson.TypeAdapterFactory>,java.util.List<com.google.gson.TypeAdapterFactory>)	this	com.google.gson.Gson	SOURCE
com.google.gson.Gson	Gson(com.google.gson.internal.Excluder,com.google.gson.FieldNamingStrategy,java.util.Map<java.lang.reflect.Type,com.google.gson.InstanceCreator<?>>,boolean,boolean,boolean,boolean,boolean,boolean,boolean,com.google.gson.LongSerializationPolicy,java.lang.String,int,int,java.util.List<com.google.gson.TypeAdapterFactory>,java.util.List<com.google.gson.TypeAdapterFactory>,java.util.List<com.google.gson.TypeAdapterFactory>)	timeStyle	com.google.gson.Gson	SOURCE
com.google.gson.Gson	Gson(com.google.gson.internal.Excluder,com.google.gson.FieldNamingStrategy,java.util.Map<java.lang.reflect.Type,com.google.gson.InstanceCreator<?>>,boolean,boolean,boolean,boolean,boolean,boolean,boolean,com.google.gson.LongSerializationPolicy,java.lang.String,int,int,java.util.List<com.google.gson.TypeAdapterFactory>,java.util.List<com.google.gson.TypeAdapterFactory>,java.util.List<com.google.gson.TypeAdapterFactory>)	this	com.google.gson.Gson	SOURCE
com.google.gson.Gson	Gson(com.google.gson.internal.Excluder,com.google.gson.FieldNamingStrategy,java.util.Map<java.lang.reflect.Type,com.google.gson.InstanceCreator<?>>,boolean,boolean,boolean,boolean,boolean,boolean,boolean,com.google.gson.LongSerializationPolicy,java.lang.String,int,int,java.util.List<com.google.gson.TypeAdapterFactory>,java.util.List<com.google.gson.TypeAdapterFactory>,java.util.List<com.google.gson.TypeAdapterFactory>)	builderFactories	com.google.gson.Gson	SOURCE
com.google.gson.Gson	Gson(com.google.gson.internal.Excluder,com.google.gson.FieldNamingStrategy,java.util.Map<java.lang.reflect.Type,com.google.gson.InstanceCreator<?>>,boolean,boolean,boolean,boolean,boolean,boolean,boolean,com.google.gson.LongSerializationPolicy,java.lang.String,int,int,java.util.List<com.google.gson.TypeAdapterFactory>,java.util.List<com.google.gson.TypeAdapterFactory>,java.util.List<com.google.gson.TypeAdapterFactory>)	this	com.google.gson.Gson	SOURCE
com.google.gson.Gson	Gson(com.google.gson.internal.Excluder,com.google.gson.FieldNamingStrategy,java.util.Map<java.lang.reflect.Type,com.google.gson.InstanceCreator<?>>,boolean,boolean,boolean,boolean,boolean,boolean,boolean,com.google.gson.LongSerializationPolicy,java.lang.String,int,int,java.util.List<com.google.gson.TypeAdapterFactory>,java.util.List<com.google.gson.TypeAdapterFactory>,java.util.List<com.google.gson.TypeAdapterFactory>)	builderHierarchyFactories	com.google.gson.Gson	SOURCE
com.google.gson.Gson	Gson(com.google.gson.internal.Excluder,com.google.gson.FieldNamingStrategy,java.util.Map<java.lang.reflect.Type,com.google.gson.InstanceCreator<?>>,boolean,boolean,boolean,boolean,boolean,boolean,boolean,com.google.gson.LongSerializationPolicy,java.lang.String,int,int,java.util.List<com.google.gson.TypeAdapterFactory>,java.util.List<com.google.gson.TypeAdapterFactory>,java.util.List<com.google.gson.TypeAdapterFactory>)	this	com.google.gson.Gson	SOURCE
com.google.gson.Gson	Gson(com.google.gson.internal.Excluder,com.google.gson.FieldNamingStrategy,java.util.Map<java.lang.reflect.Type,com.google.gson.InstanceCreator<?>>,boolean,boolean,boolean,boolean,boolean,boolean,boolean,com.google.gson.LongSerializationPolicy,java.lang.String,int,int,java.util.List<com.google.gson.TypeAdapterFactory>,java.util.List<com.google.gson.TypeAdapterFactory>,java.util.List<com.google.gson.TypeAdapterFactory>)	JSON_ELEMENT_FACTORY	com.google.gson.internal.bind.TypeAdapters	SOURCE
com.google.gson.Gson	Gson(com.google.gson.internal.Excluder,com.google.gson.FieldNamingStrategy,java.util.Map<java.lang.reflect.Type,com.google.gson.InstanceCreator<?>>,boolean,boolean,boolean,boolean,boolean,boolean,boolean,com.google.gson.LongSerializationPolicy,java.lang.String,int,int,java.util.List<com.google.gson.TypeAdapterFactory>,java.util.List<com.google.gson.TypeAdapterFactory>,java.util.List<com.google.gson.TypeAdapterFactory>)	FACTORY	com.google.gson.internal.bind.ObjectTypeAdapter	SOURCE
com.google.gson.Gson	Gson(com.google.gson.internal.Excluder,com.google.gson.FieldNamingStrategy,java.util.Map<java.lang.reflect.Type,com.google.gson.InstanceCreator<?>>,boolean,boolean,boolean,boolean,boolean,boolean,boolean,com.google.gson.LongSerializationPolicy,java.lang.String,int,int,java.util.List<com.google.gson.TypeAdapterFactory>,java.util.List<com.google.gson.TypeAdapterFactory>,java.util.List<com.google.gson.TypeAdapterFactory>)	STRING_FACTORY	com.google.gson.internal.bind.TypeAdapters	SOURCE
com.google.gson.Gson	Gson(com.google.gson.internal.Excluder,com.google.gson.FieldNamingStrategy,java.util.Map<java.lang.reflect.Type,com.google.gson.InstanceCreator<?>>,boolean,boolean,boolean,boolean,boolean,boolean,boolean,com.google.gson.LongSerializationPolicy,java.lang.String,int,int,java.util.List<com.google.gson.TypeAdapterFactory>,java.util.List<com.google.gson.TypeAdapterFactory>,java.util.List<com.google.gson.TypeAdapterFactory>)	INTEGER_FACTORY	com.google.gson.internal.bind.TypeAdapters	SOURCE
com.google.gson.Gson	Gson(com.google.gson.internal.Excluder,com.google.gson.FieldNamingStrategy,java.util.Map<java.lang.reflect.Type,com.google.gson.InstanceCreator<?>>,boolean,boolean,boolean,boolean,boolean,boolean,boolean,com.google.gson.LongSerializationPolicy,java.lang.String,int,int,java.util.List<com.google.gson.TypeAdapterFactory>,java.util.List<com.google.gson.TypeAdapterFactory>,java.util.List<com.google.gson.TypeAdapterFactory>)	BOOLEAN_FACTORY	com.google.gson.internal.bind.TypeAdapters	SOURCE
com.google.gson.Gson	Gson(com.google.gson.internal.Excluder,com.google.gson.FieldNamingStrategy,java.util.Map<java.lang.reflect.Type,com.google.gson.InstanceCreator<?>>,boolean,boolean,boolean,boolean,boolean,boolean,boolean,com.google.gson.LongSerializationPolicy,java.lang.String,int,int,java.util.List<com.google.gson.TypeAdapterFactory>,java.util.List<com.google.gson.TypeAdapterFactory>,java.util.List<com.google.gson.TypeAdapterFactory>)	BYTE_FACTORY	com.google.gson.internal.bind.TypeAdapters	SOURCE
com.google.gson.Gson	Gson(com.google.gson.internal.Excluder,com.google.gson.FieldNamingStrategy,java.util.Map<java.lang.reflect.Type,com.google.gson.InstanceCreator<?>>,boolean,boolean,boolean,boolean,boolean,boolean,boolean,com.google.gson.LongSerializationPolicy,java.lang.String,int,int,java.util.List<com.google.gson.TypeAdapterFactory>,java.util.List<com.google.gson.TypeAdapterFactory>,java.util.List<com.google.gson.TypeAdapterFactory>)	SHORT_FACTORY	com.google.gson.internal.bind.TypeAdapters	SOURCE
com.google.gson.Gson	Gson(com.google.gson.internal.Excluder,com.google.gson.FieldNamingStrategy,java.util.Map<java.lang.reflect.Type,com.google.gson.InstanceCreator<?>>,boolean,boolean,boolean,boolean,boolean,boolean,boolean,com.google.gson.LongSerializationPolicy,java.lang.String,int,int,java.util.List<com.google.gson.TypeAdapterFactory>,java.util.List<com.google.gson.TypeAdapterFactory>,java.util.List<com.google.gson.TypeAdapterFactory>)	class	null	SOURCE
com.google.gson.Gson	Gson(com.google.gson.internal.Excluder,com.google.gson.FieldNamingStrategy,java.util.Map<java.lang.reflect.Type,com.google.gson.InstanceCreator<?>>,boolean,boolean,boolean,boolean,boolean,boolean,boolean,com.google.gson.LongSerializationPolicy,java.lang.String,int,int,java.util.List<com.google.gson.TypeAdapterFactory>,java.util.List<com.google.gson.TypeAdapterFactory>,java.util.List<com.google.gson.TypeAdapterFactory>)	class	java.lang.Long	SOURCE
com.google.gson.Gson	Gson(com.google.gson.internal.Excluder,com.google.gson.FieldNamingStrategy,java.util.Map<java.lang.reflect.Type,com.google.gson.InstanceCreator<?>>,boolean,boolean,boolean,boolean,boolean,boolean,boolean,com.google.gson.LongSerializationPolicy,java.lang.String,int,int,java.util.List<com.google.gson.TypeAdapterFactory>,java.util.List<com.google.gson.TypeAdapterFactory>,java.util.List<com.google.gson.TypeAdapterFactory>)	class	null	SOURCE
com.google.gson.Gson	Gson(com.google.gson.internal.Excluder,com.google.gson.FieldNamingStrategy,java.util.Map<java.lang.reflect.Type,com.google.gson.InstanceCreator<?>>,boolean,boolean,boolean,boolean,boolean,boolean,boolean,com.google.gson.LongSerializationPolicy,java.lang.String,int,int,java.util.List<com.google.gson.TypeAdapterFactory>,java.util.List<com.google.gson.TypeAdapterFactory>,java.util.List<com.google.gson.TypeAdapterFactory>)	class	java.lang.Double	SOURCE
com.google.gson.Gson	Gson(com.google.gson.internal.Excluder,com.google.gson.FieldNamingStrategy,java.util.Map<java.lang.reflect.Type,com.google.gson.InstanceCreator<?>>,boolean,boolean,boolean,boolean,boolean,boolean,boolean,com.google.gson.LongSerializationPolicy,java.lang.String,int,int,java.util.List<com.google.gson.TypeAdapterFactory>,java.util.List<com.google.gson.TypeAdapterFactory>,java.util.List<com.google.gson.TypeAdapterFactory>)	class	null	SOURCE
com.google.gson.Gson	Gson(com.google.gson.internal.Excluder,com.google.gson.FieldNamingStrategy,java.util.Map<java.lang.reflect.Type,com.google.gson.InstanceCreator<?>>,boolean,boolean,boolean,boolean,boolean,boolean,boolean,com.google.gson.LongSerializationPolicy,java.lang.String,int,int,java.util.List<com.google.gson.TypeAdapterFactory>,java.util.List<com.google.gson.TypeAdapterFactory>,java.util.List<com.google.gson.TypeAdapterFactory>)	class	java.lang.Float	SOURCE
com.google.gson.Gson	Gson(com.google.gson.internal.Excluder,com.google.gson.FieldNamingStrategy,java.util.Map<java.lang.reflect.Type,com.google.gson.InstanceCreator<?>>,boolean,boolean,boolean,boolean,boolean,boolean,boolean,com.google.gson.LongSerializationPolicy,java.lang.String,int,int,java.util.List<com.google.gson.TypeAdapterFactory>,java.util.List<com.google.gson.TypeAdapterFactory>,java.util.List<com.google.gson.TypeAdapterFactory>)	NUMBER_FACTORY	com.google.gson.internal.bind.TypeAdapters	SOURCE
com.google.gson.Gson	Gson(com.google.gson.internal.Excluder,com.google.gson.FieldNamingStrategy,java.util.Map<java.lang.reflect.Type,com.google.gson.InstanceCreator<?>>,boolean,boolean,boolean,boolean,boolean,boolean,boolean,com.google.gson.LongSerializationPolicy,java.lang.String,int,int,java.util.List<com.google.gson.TypeAdapterFactory>,java.util.List<com.google.gson.TypeAdapterFactory>,java.util.List<com.google.gson.TypeAdapterFactory>)	ATOMIC_INTEGER_FACTORY	com.google.gson.internal.bind.TypeAdapters	SOURCE
com.google.gson.Gson	Gson(com.google.gson.internal.Excluder,com.google.gson.FieldNamingStrategy,java.util.Map<java.lang.reflect.Type,com.google.gson.InstanceCreator<?>>,boolean,boolean,boolean,boolean,boolean,boolean,boolean,com.google.gson.LongSerializationPolicy,java.lang.String,int,int,java.util.List<com.google.gson.TypeAdapterFactory>,java.util.List<com.google.gson.TypeAdapterFactory>,java.util.List<com.google.gson.TypeAdapterFactory>)	ATOMIC_BOOLEAN_FACTORY	com.google.gson.internal.bind.TypeAdapters	SOURCE
com.google.gson.Gson	Gson(com.google.gson.internal.Excluder,com.google.gson.FieldNamingStrategy,java.util.Map<java.lang.reflect.Type,com.google.gson.InstanceCreator<?>>,boolean,boolean,boolean,boolean,boolean,boolean,boolean,com.google.gson.LongSerializationPolicy,java.lang.String,int,int,java.util.List<com.google.gson.TypeAdapterFactory>,java.util.List<com.google.gson.TypeAdapterFactory>,java.util.List<com.google.gson.TypeAdapterFactory>)	class	java.util.concurrent.atomic.AtomicLong	SOURCE
com.google.gson.Gson	Gson(com.google.gson.internal.Excluder,com.google.gson.FieldNamingStrategy,java.util.Map<java.lang.reflect.Type,com.google.gson.InstanceCreator<?>>,boolean,boolean,boolean,boolean,boolean,boolean,boolean,com.google.gson.LongSerializationPolicy,java.lang.String,int,int,java.util.List<com.google.gson.TypeAdapterFactory>,java.util.List<com.google.gson.TypeAdapterFactory>,java.util.List<com.google.gson.TypeAdapterFactory>)	class	java.util.concurrent.atomic.AtomicLongArray	SOURCE
com.google.gson.Gson	Gson(com.google.gson.internal.Excluder,com.google.gson.FieldNamingStrategy,java.util.Map<java.lang.reflect.Type,com.google.gson.InstanceCreator<?>>,boolean,boolean,boolean,boolean,boolean,boolean,boolean,com.google.gson.LongSerializationPolicy,java.lang.String,int,int,java.util.List<com.google.gson.TypeAdapterFactory>,java.util.List<com.google.gson.TypeAdapterFactory>,java.util.List<com.google.gson.TypeAdapterFactory>)	ATOMIC_INTEGER_ARRAY_FACTORY	com.google.gson.internal.bind.TypeAdapters	SOURCE
com.google.gson.Gson	Gson(com.google.gson.internal.Excluder,com.google.gson.FieldNamingStrategy,java.util.Map<java.lang.reflect.Type,com.google.gson.InstanceCreator<?>>,boolean,boolean,boolean,boolean,boolean,boolean,boolean,com.google.gson.LongSerializationPolicy,java.lang.String,int,int,java.util.List<com.google.gson.TypeAdapterFactory>,java.util.List<com.google.gson.TypeAdapterFactory>,java.util.List<com.google.gson.TypeAdapterFactory>)	CHARACTER_FACTORY	com.google.gson.internal.bind.TypeAdapters	SOURCE
com.google.gson.Gson	Gson(com.google.gson.internal.Excluder,com.google.gson.FieldNamingStrategy,java.util.Map<java.lang.reflect.Type,com.google.gson.InstanceCreator<?>>,boolean,boolean,boolean,boolean,boolean,boolean,boolean,com.google.gson.LongSerializationPolicy,java.lang.String,int,int,java.util.List<com.google.gson.TypeAdapterFactory>,java.util.List<com.google.gson.TypeAdapterFactory>,java.util.List<com.google.gson.TypeAdapterFactory>)	STRING_BUILDER_FACTORY	com.google.gson.internal.bind.TypeAdapters	SOURCE
com.google.gson.Gson	Gson(com.google.gson.internal.Excluder,com.google.gson.FieldNamingStrategy,java.util.Map<java.lang.reflect.Type,com.google.gson.InstanceCreator<?>>,boolean,boolean,boolean,boolean,boolean,boolean,boolean,com.google.gson.LongSerializationPolicy,java.lang.String,int,int,java.util.List<com.google.gson.TypeAdapterFactory>,java.util.List<com.google.gson.TypeAdapterFactory>,java.util.List<com.google.gson.TypeAdapterFactory>)	STRING_BUFFER_FACTORY	com.google.gson.internal.bind.TypeAdapters	SOURCE
com.google.gson.Gson	Gson(com.google.gson.internal.Excluder,com.google.gson.FieldNamingStrategy,java.util.Map<java.lang.reflect.Type,com.google.gson.InstanceCreator<?>>,boolean,boolean,boolean,boolean,boolean,boolean,boolean,com.google.gson.LongSerializationPolicy,java.lang.String,int,int,java.util.List<com.google.gson.TypeAdapterFactory>,java.util.List<com.google.gson.TypeAdapterFactory>,java.util.List<com.google.gson.TypeAdapterFactory>)	class	java.math.BigDecimal	SOURCE
com.google.gson.Gson	Gson(com.google.gson.internal.Excluder,com.google.gson.FieldNamingStrategy,java.util.Map<java.lang.reflect.Type,com.google.gson.InstanceCreator<?>>,boolean,boolean,boolean,boolean,boolean,boolean,boolean,com.google.gson.LongSerializationPolicy,java.lang.String,int,int,java.util.List<com.google.gson.TypeAdapterFactory>,java.util.List<com.google.gson.TypeAdapterFactory>,java.util.List<com.google.gson.TypeAdapterFactory>)	BIG_DECIMAL	com.google.gson.internal.bind.TypeAdapters	SOURCE
com.google.gson.Gson	Gson(com.google.gson.internal.Excluder,com.google.gson.FieldNamingStrategy,java.util.Map<java.lang.reflect.Type,com.google.gson.InstanceCreator<?>>,boolean,boolean,boolean,boolean,boolean,boolean,boolean,com.google.gson.LongSerializationPolicy,java.lang.String,int,int,java.util.List<com.google.gson.TypeAdapterFactory>,java.util.List<com.google.gson.TypeAdapterFactory>,java.util.List<com.google.gson.TypeAdapterFactory>)	class	java.math.BigInteger	SOURCE
com.google.gson.Gson	Gson(com.google.gson.internal.Excluder,com.google.gson.FieldNamingStrategy,java.util.Map<java.lang.reflect.Type,com.google.gson.InstanceCreator<?>>,boolean,boolean,boolean,boolean,boolean,boolean,boolean,com.google.gson.LongSerializationPolicy,java.lang.String,int,int,java.util.List<com.google.gson.TypeAdapterFactory>,java.util.List<com.google.gson.TypeAdapterFactory>,java.util.List<com.google.gson.TypeAdapterFactory>)	BIG_INTEGER	com.google.gson.internal.bind.TypeAdapters	SOURCE
com.google.gson.Gson	Gson(com.google.gson.internal.Excluder,com.google.gson.FieldNamingStrategy,java.util.Map<java.lang.reflect.Type,com.google.gson.InstanceCreator<?>>,boolean,boolean,boolean,boolean,boolean,boolean,boolean,com.google.gson.LongSerializationPolicy,java.lang.String,int,int,java.util.List<com.google.gson.TypeAdapterFactory>,java.util.List<com.google.gson.TypeAdapterFactory>,java.util.List<com.google.gson.TypeAdapterFactory>)	URL_FACTORY	com.google.gson.internal.bind.TypeAdapters	SOURCE
com.google.gson.Gson	Gson(com.google.gson.internal.Excluder,com.google.gson.FieldNamingStrategy,java.util.Map<java.lang.reflect.Type,com.google.gson.InstanceCreator<?>>,boolean,boolean,boolean,boolean,boolean,boolean,boolean,com.google.gson.LongSerializationPolicy,java.lang.String,int,int,java.util.List<com.google.gson.TypeAdapterFactory>,java.util.List<com.google.gson.TypeAdapterFactory>,java.util.List<com.google.gson.TypeAdapterFactory>)	URI_FACTORY	com.google.gson.internal.bind.TypeAdapters	SOURCE
com.google.gson.Gson	Gson(com.google.gson.internal.Excluder,com.google.gson.FieldNamingStrategy,java.util.Map<java.lang.reflect.Type,com.google.gson.InstanceCreator<?>>,boolean,boolean,boolean,boolean,boolean,boolean,boolean,com.google.gson.LongSerializationPolicy,java.lang.String,int,int,java.util.List<com.google.gson.TypeAdapterFactory>,java.util.List<com.google.gson.TypeAdapterFactory>,java.util.List<com.google.gson.TypeAdapterFactory>)	UUID_FACTORY	com.google.gson.internal.bind.TypeAdapters	SOURCE
com.google.gson.Gson	Gson(com.google.gson.internal.Excluder,com.google.gson.FieldNamingStrategy,java.util.Map<java.lang.reflect.Type,com.google.gson.InstanceCreator<?>>,boolean,boolean,boolean,boolean,boolean,boolean,boolean,com.google.gson.LongSerializationPolicy,java.lang.String,int,int,java.util.List<com.google.gson.TypeAdapterFactory>,java.util.List<com.google.gson.TypeAdapterFactory>,java.util.List<com.google.gson.TypeAdapterFactory>)	CURRENCY_FACTORY	com.google.gson.internal.bind.TypeAdapters	SOURCE
com.google.gson.Gson	Gson(com.google.gson.internal.Excluder,com.google.gson.FieldNamingStrategy,java.util.Map<java.lang.reflect.Type,com.google.gson.InstanceCreator<?>>,boolean,boolean,boolean,boolean,boolean,boolean,boolean,com.google.gson.LongSerializationPolicy,java.lang.String,int,int,java.util.List<com.google.gson.TypeAdapterFactory>,java.util.List<com.google.gson.TypeAdapterFactory>,java.util.List<com.google.gson.TypeAdapterFactory>)	LOCALE_FACTORY	com.google.gson.internal.bind.TypeAdapters	SOURCE
com.google.gson.Gson	Gson(com.google.gson.internal.Excluder,com.google.gson.FieldNamingStrategy,java.util.Map<java.lang.reflect.Type,com.google.gson.InstanceCreator<?>>,boolean,boolean,boolean,boolean,boolean,boolean,boolean,com.google.gson.LongSerializationPolicy,java.lang.String,int,int,java.util.List<com.google.gson.TypeAdapterFactory>,java.util.List<com.google.gson.TypeAdapterFactory>,java.util.List<com.google.gson.TypeAdapterFactory>)	INET_ADDRESS_FACTORY	com.google.gson.internal.bind.TypeAdapters	SOURCE
com.google.gson.Gson	Gson(com.google.gson.internal.Excluder,com.google.gson.FieldNamingStrategy,java.util.Map<java.lang.reflect.Type,com.google.gson.InstanceCreator<?>>,boolean,boolean,boolean,boolean,boolean,boolean,boolean,com.google.gson.LongSerializationPolicy,java.lang.String,int,int,java.util.List<com.google.gson.TypeAdapterFactory>,java.util.List<com.google.gson.TypeAdapterFactory>,java.util.List<com.google.gson.TypeAdapterFactory>)	BIT_SET_FACTORY	com.google.gson.internal.bind.TypeAdapters	SOURCE
com.google.gson.Gson	Gson(com.google.gson.internal.Excluder,com.google.gson.FieldNamingStrategy,java.util.Map<java.lang.reflect.Type,com.google.gson.InstanceCreator<?>>,boolean,boolean,boolean,boolean,boolean,boolean,boolean,com.google.gson.LongSerializationPolicy,java.lang.String,int,int,java.util.List<com.google.gson.TypeAdapterFactory>,java.util.List<com.google.gson.TypeAdapterFactory>,java.util.List<com.google.gson.TypeAdapterFactory>)	FACTORY	com.google.gson.internal.bind.DateTypeAdapter	SOURCE
com.google.gson.Gson	Gson(com.google.gson.internal.Excluder,com.google.gson.FieldNamingStrategy,java.util.Map<java.lang.reflect.Type,com.google.gson.InstanceCreator<?>>,boolean,boolean,boolean,boolean,boolean,boolean,boolean,com.google.gson.LongSerializationPolicy,java.lang.String,int,int,java.util.List<com.google.gson.TypeAdapterFactory>,java.util.List<com.google.gson.TypeAdapterFactory>,java.util.List<com.google.gson.TypeAdapterFactory>)	CALENDAR_FACTORY	com.google.gson.internal.bind.TypeAdapters	SOURCE
com.google.gson.Gson	Gson(com.google.gson.internal.Excluder,com.google.gson.FieldNamingStrategy,java.util.Map<java.lang.reflect.Type,com.google.gson.InstanceCreator<?>>,boolean,boolean,boolean,boolean,boolean,boolean,boolean,com.google.gson.LongSerializationPolicy,java.lang.String,int,int,java.util.List<com.google.gson.TypeAdapterFactory>,java.util.List<com.google.gson.TypeAdapterFactory>,java.util.List<com.google.gson.TypeAdapterFactory>)	FACTORY	com.google.gson.internal.bind.TimeTypeAdapter	SOURCE
com.google.gson.Gson	Gson(com.google.gson.internal.Excluder,com.google.gson.FieldNamingStrategy,java.util.Map<java.lang.reflect.Type,com.google.gson.InstanceCreator<?>>,boolean,boolean,boolean,boolean,boolean,boolean,boolean,com.google.gson.LongSerializationPolicy,java.lang.String,int,int,java.util.List<com.google.gson.TypeAdapterFactory>,java.util.List<com.google.gson.TypeAdapterFactory>,java.util.List<com.google.gson.TypeAdapterFactory>)	FACTORY	com.google.gson.internal.bind.SqlDateTypeAdapter	SOURCE
com.google.gson.Gson	Gson(com.google.gson.internal.Excluder,com.google.gson.FieldNamingStrategy,java.util.Map<java.lang.reflect.Type,com.google.gson.InstanceCreator<?>>,boolean,boolean,boolean,boolean,boolean,boolean,boolean,com.google.gson.LongSerializationPolicy,java.lang.String,int,int,java.util.List<com.google.gson.TypeAdapterFactory>,java.util.List<com.google.gson.TypeAdapterFactory>,java.util.List<com.google.gson.TypeAdapterFactory>)	TIMESTAMP_FACTORY	com.google.gson.internal.bind.TypeAdapters	SOURCE
com.google.gson.Gson	Gson(com.google.gson.internal.Excluder,com.google.gson.FieldNamingStrategy,java.util.Map<java.lang.reflect.Type,com.google.gson.InstanceCreator<?>>,boolean,boolean,boolean,boolean,boolean,boolean,boolean,com.google.gson.LongSerializationPolicy,java.lang.String,int,int,java.util.List<com.google.gson.TypeAdapterFactory>,java.util.List<com.google.gson.TypeAdapterFactory>,java.util.List<com.google.gson.TypeAdapterFactory>)	FACTORY	com.google.gson.internal.bind.ArrayTypeAdapter	SOURCE
com.google.gson.Gson	Gson(com.google.gson.internal.Excluder,com.google.gson.FieldNamingStrategy,java.util.Map<java.lang.reflect.Type,com.google.gson.InstanceCreator<?>>,boolean,boolean,boolean,boolean,boolean,boolean,boolean,com.google.gson.LongSerializationPolicy,java.lang.String,int,int,java.util.List<com.google.gson.TypeAdapterFactory>,java.util.List<com.google.gson.TypeAdapterFactory>,java.util.List<com.google.gson.TypeAdapterFactory>)	CLASS_FACTORY	com.google.gson.internal.bind.TypeAdapters	SOURCE
com.google.gson.Gson	Gson(com.google.gson.internal.Excluder,com.google.gson.FieldNamingStrategy,java.util.Map<java.lang.reflect.Type,com.google.gson.InstanceCreator<?>>,boolean,boolean,boolean,boolean,boolean,boolean,boolean,com.google.gson.LongSerializationPolicy,java.lang.String,int,int,java.util.List<com.google.gson.TypeAdapterFactory>,java.util.List<com.google.gson.TypeAdapterFactory>,java.util.List<com.google.gson.TypeAdapterFactory>)	constructorConstructor	com.google.gson.Gson	SOURCE
com.google.gson.Gson	Gson(com.google.gson.internal.Excluder,com.google.gson.FieldNamingStrategy,java.util.Map<java.lang.reflect.Type,com.google.gson.InstanceCreator<?>>,boolean,boolean,boolean,boolean,boolean,boolean,boolean,com.google.gson.LongSerializationPolicy,java.lang.String,int,int,java.util.List<com.google.gson.TypeAdapterFactory>,java.util.List<com.google.gson.TypeAdapterFactory>,java.util.List<com.google.gson.TypeAdapterFactory>)	constructorConstructor	com.google.gson.Gson	SOURCE
com.google.gson.Gson	Gson(com.google.gson.internal.Excluder,com.google.gson.FieldNamingStrategy,java.util.Map<java.lang.reflect.Type,com.google.gson.InstanceCreator<?>>,boolean,boolean,boolean,boolean,boolean,boolean,boolean,com.google.gson.LongSerializationPolicy,java.lang.String,int,int,java.util.List<com.google.gson.TypeAdapterFactory>,java.util.List<com.google.gson.TypeAdapterFactory>,java.util.List<com.google.gson.TypeAdapterFactory>)	jsonAdapterFactory	com.google.gson.Gson	SOURCE
com.google.gson.Gson	Gson(com.google.gson.internal.Excluder,com.google.gson.FieldNamingStrategy,java.util.Map<java.lang.reflect.Type,com.google.gson.InstanceCreator<?>>,boolean,boolean,boolean,boolean,boolean,boolean,boolean,com.google.gson.LongSerializationPolicy,java.lang.String,int,int,java.util.List<com.google.gson.TypeAdapterFactory>,java.util.List<com.google.gson.TypeAdapterFactory>,java.util.List<com.google.gson.TypeAdapterFactory>)	this	com.google.gson.Gson	SOURCE
com.google.gson.Gson	Gson(com.google.gson.internal.Excluder,com.google.gson.FieldNamingStrategy,java.util.Map<java.lang.reflect.Type,com.google.gson.InstanceCreator<?>>,boolean,boolean,boolean,boolean,boolean,boolean,boolean,com.google.gson.LongSerializationPolicy,java.lang.String,int,int,java.util.List<com.google.gson.TypeAdapterFactory>,java.util.List<com.google.gson.TypeAdapterFactory>,java.util.List<com.google.gson.TypeAdapterFactory>)	constructorConstructor	com.google.gson.Gson	SOURCE
com.google.gson.Gson	Gson(com.google.gson.internal.Excluder,com.google.gson.FieldNamingStrategy,java.util.Map<java.lang.reflect.Type,com.google.gson.InstanceCreator<?>>,boolean,boolean,boolean,boolean,boolean,boolean,boolean,com.google.gson.LongSerializationPolicy,java.lang.String,int,int,java.util.List<com.google.gson.TypeAdapterFactory>,java.util.List<com.google.gson.TypeAdapterFactory>,java.util.List<com.google.gson.TypeAdapterFactory>)	jsonAdapterFactory	com.google.gson.Gson	SOURCE
com.google.gson.Gson	Gson(com.google.gson.internal.Excluder,com.google.gson.FieldNamingStrategy,java.util.Map<java.lang.reflect.Type,com.google.gson.InstanceCreator<?>>,boolean,boolean,boolean,boolean,boolean,boolean,boolean,com.google.gson.LongSerializationPolicy,java.lang.String,int,int,java.util.List<com.google.gson.TypeAdapterFactory>,java.util.List<com.google.gson.TypeAdapterFactory>,java.util.List<com.google.gson.TypeAdapterFactory>)	ENUM_FACTORY	com.google.gson.internal.bind.TypeAdapters	SOURCE
com.google.gson.Gson	Gson(com.google.gson.internal.Excluder,com.google.gson.FieldNamingStrategy,java.util.Map<java.lang.reflect.Type,com.google.gson.InstanceCreator<?>>,boolean,boolean,boolean,boolean,boolean,boolean,boolean,com.google.gson.LongSerializationPolicy,java.lang.String,int,int,java.util.List<com.google.gson.TypeAdapterFactory>,java.util.List<com.google.gson.TypeAdapterFactory>,java.util.List<com.google.gson.TypeAdapterFactory>)	constructorConstructor	com.google.gson.Gson	SOURCE
com.google.gson.Gson	Gson(com.google.gson.internal.Excluder,com.google.gson.FieldNamingStrategy,java.util.Map<java.lang.reflect.Type,com.google.gson.InstanceCreator<?>>,boolean,boolean,boolean,boolean,boolean,boolean,boolean,com.google.gson.LongSerializationPolicy,java.lang.String,int,int,java.util.List<com.google.gson.TypeAdapterFactory>,java.util.List<com.google.gson.TypeAdapterFactory>,java.util.List<com.google.gson.TypeAdapterFactory>)	jsonAdapterFactory	com.google.gson.Gson	SOURCE
com.google.gson.Gson	Gson(com.google.gson.internal.Excluder,com.google.gson.FieldNamingStrategy,java.util.Map<java.lang.reflect.Type,com.google.gson.InstanceCreator<?>>,boolean,boolean,boolean,boolean,boolean,boolean,boolean,com.google.gson.LongSerializationPolicy,java.lang.String,int,int,java.util.List<com.google.gson.TypeAdapterFactory>,java.util.List<com.google.gson.TypeAdapterFactory>,java.util.List<com.google.gson.TypeAdapterFactory>)	factories	com.google.gson.Gson	SOURCE
com.google.gson.Gson	Gson(com.google.gson.internal.Excluder,com.google.gson.FieldNamingStrategy,java.util.Map<java.lang.reflect.Type,com.google.gson.InstanceCreator<?>>,boolean,boolean,boolean,boolean,boolean,boolean,boolean,com.google.gson.LongSerializationPolicy,java.lang.String,int,int,java.util.List<com.google.gson.TypeAdapterFactory>,java.util.List<com.google.gson.TypeAdapterFactory>,java.util.List<com.google.gson.TypeAdapterFactory>)	this	com.google.gson.Gson	SOURCE
com.google.gson.Gson	newBuilder()	this	com.google.gson.Gson	SOURCE
com.google.gson.Gson	excluder()	excluder	com.google.gson.Gson	SOURCE
com.google.gson.Gson	fieldNamingStrategy()	fieldNamingStrategy	com.google.gson.Gson	SOURCE
com.google.gson.Gson	serializeNulls()	serializeNulls	com.google.gson.Gson	SOURCE
com.google.gson.Gson	htmlSafe()	htmlSafe	com.google.gson.Gson	SOURCE
com.google.gson.Gson	doubleAdapter(boolean)	DOUBLE	com.google.gson.internal.bind.TypeAdapters	SOURCE
com.google.gson.Gson	floatAdapter(boolean)	FLOAT	com.google.gson.internal.bind.TypeAdapters	SOURCE
com.google.gson.Gson	longAdapter(com.google.gson.LongSerializationPolicy)	LONG	com.google.gson.internal.bind.TypeAdapters	SOURCE
com.google.gson.Gson	<T>getAdapter(com.google.gson.reflect.TypeToken<T>)	typeTokenCache	com.google.gson.Gson	SOURCE
com.google.gson.Gson	<T>getAdapter(com.google.gson.reflect.TypeToken<T>)	NULL_KEY_SURROGATE	com.google.gson.Gson	SOURCE
com.google.gson.Gson	<T>getAdapter(com.google.gson.reflect.TypeToken<T>)	calls	com.google.gson.Gson	SOURCE
com.google.gson.Gson	<T>getAdapter(com.google.gson.reflect.TypeToken<T>)	calls	com.google.gson.Gson	SOURCE
com.google.gson.Gson	<T>getAdapter(com.google.gson.reflect.TypeToken<T>)	factories	com.google.gson.Gson	SOURCE
com.google.gson.Gson	<T>getAdapter(com.google.gson.reflect.TypeToken<T>)	this	com.google.gson.Gson	SOURCE
com.google.gson.Gson	<T>getAdapter(com.google.gson.reflect.TypeToken<T>)	typeTokenCache	com.google.gson.Gson	SOURCE
com.google.gson.Gson	<T>getAdapter(com.google.gson.reflect.TypeToken<T>)	calls	com.google.gson.Gson	SOURCE
com.google.gson.Gson	<T>getDelegateAdapter(com.google.gson.TypeAdapterFactory,com.google.gson.reflect.TypeToken<T>)	factories	com.google.gson.Gson	SOURCE
com.google.gson.Gson	<T>getDelegateAdapter(com.google.gson.TypeAdapterFactory,com.google.gson.reflect.TypeToken<T>)	jsonAdapterFactory	com.google.gson.Gson	SOURCE
com.google.gson.Gson	<T>getDelegateAdapter(com.google.gson.TypeAdapterFactory,com.google.gson.reflect.TypeToken<T>)	factories	com.google.gson.Gson	SOURCE
com.google.gson.Gson	<T>getDelegateAdapter(com.google.gson.TypeAdapterFactory,com.google.gson.reflect.TypeToken<T>)	this	com.google.gson.Gson	SOURCE
com.google.gson.Gson	toJsonTree(java.lang.Object)	INSTANCE	com.google.gson.JsonNull	SOURCE
com.google.gson.Gson	toJson(java.lang.Object)	INSTANCE	com.google.gson.JsonNull	SOURCE
com.google.gson.Gson	toJson(java.lang.Object,java.lang.Appendable)	INSTANCE	com.google.gson.JsonNull	SOURCE
com.google.gson.Gson	toJson(java.lang.Object,java.lang.reflect.Type,com.google.gson.stream.JsonWriter)	htmlSafe	com.google.gson.Gson	SOURCE
com.google.gson.Gson	toJson(java.lang.Object,java.lang.reflect.Type,com.google.gson.stream.JsonWriter)	serializeNulls	com.google.gson.Gson	SOURCE
com.google.gson.Gson	newJsonWriter(java.io.Writer)	generateNonExecutableJson	com.google.gson.Gson	SOURCE
com.google.gson.Gson	newJsonWriter(java.io.Writer)	JSON_NON_EXECUTABLE_PREFIX	com.google.gson.Gson	SOURCE
com.google.gson.Gson	newJsonWriter(java.io.Writer)	prettyPrinting	com.google.gson.Gson	SOURCE
com.google.gson.Gson	newJsonWriter(java.io.Writer)	serializeNulls	com.google.gson.Gson	SOURCE
com.google.gson.Gson	newJsonReader(java.io.Reader)	lenient	com.google.gson.Gson	SOURCE
com.google.gson.Gson	toJson(com.google.gson.JsonElement,com.google.gson.stream.JsonWriter)	htmlSafe	com.google.gson.Gson	SOURCE
com.google.gson.Gson	toJson(com.google.gson.JsonElement,com.google.gson.stream.JsonWriter)	serializeNulls	com.google.gson.Gson	SOURCE
com.google.gson.Gson$FutureTypeAdapter	setDelegate(com.google.gson.TypeAdapter<T>)	delegate	com.google.gson.Gson$FutureTypeAdapter	SOURCE
com.google.gson.Gson$FutureTypeAdapter	setDelegate(com.google.gson.TypeAdapter<T>)	delegate	com.google.gson.Gson$FutureTypeAdapter	SOURCE
com.google.gson.Gson$FutureTypeAdapter	read(com.google.gson.stream.JsonReader)	delegate	com.google.gson.Gson$FutureTypeAdapter	SOURCE
com.google.gson.Gson$FutureTypeAdapter	read(com.google.gson.stream.JsonReader)	delegate	com.google.gson.Gson$FutureTypeAdapter	SOURCE
com.google.gson.Gson$FutureTypeAdapter	write(com.google.gson.stream.JsonWriter,T)	delegate	com.google.gson.Gson$FutureTypeAdapter	SOURCE
com.google.gson.Gson$FutureTypeAdapter	write(com.google.gson.stream.JsonWriter,T)	delegate	com.google.gson.Gson$FutureTypeAdapter	SOURCE
com.google.gson.Gson	toString()	serializeNulls	com.google.gson.Gson	SOURCE
com.google.gson.Gson	toString()	factories	com.google.gson.Gson	SOURCE
com.google.gson.Gson	toString()	constructorConstructor	com.google.gson.Gson	SOURCE
com.google.gson.TypeAdapter$1	write(com.google.gson.stream.JsonWriter,T)	this	com.google.gson.TypeAdapter	SOURCE
com.google.gson.TypeAdapter$1	read(com.google.gson.stream.JsonReader)	this	com.google.gson.TypeAdapter	SOURCE
com.google.gson.stream.JsonWriter	REPLACEMENT_CHARS	REPLACEMENT_CHARS	com.google.gson.stream.JsonWriter	SOURCE
com.google.gson.stream.JsonWriter	REPLACEMENT_CHARS	REPLACEMENT_CHARS	com.google.gson.stream.JsonWriter	SOURCE
com.google.gson.stream.JsonWriter	REPLACEMENT_CHARS	REPLACEMENT_CHARS	com.google.gson.stream.JsonWriter	SOURCE
com.google.gson.stream.JsonWriter	REPLACEMENT_CHARS	REPLACEMENT_CHARS	com.google.gson.stream.JsonWriter	SOURCE
com.google.gson.stream.JsonWriter	REPLACEMENT_CHARS	REPLACEMENT_CHARS	com.google.gson.stream.JsonWriter	SOURCE
com.google.gson.stream.JsonWriter	REPLACEMENT_CHARS	REPLACEMENT_CHARS	com.google.gson.stream.JsonWriter	SOURCE
com.google.gson.stream.JsonWriter	REPLACEMENT_CHARS	REPLACEMENT_CHARS	com.google.gson.stream.JsonWriter	SOURCE
com.google.gson.stream.JsonWriter	REPLACEMENT_CHARS	REPLACEMENT_CHARS	com.google.gson.stream.JsonWriter	SOURCE
com.google.gson.stream.JsonWriter	REPLACEMENT_CHARS	REPLACEMENT_CHARS	com.google.gson.stream.JsonWriter	SOURCE
com.google.gson.stream.JsonWriter	HTML_SAFE_REPLACEMENT_CHARS	HTML_SAFE_REPLACEMENT_CHARS	com.google.gson.stream.JsonWriter	SOURCE
com.google.gson.stream.JsonWriter	REPLACEMENT_CHARS	REPLACEMENT_CHARS	com.google.gson.stream.JsonWriter	SOURCE
com.google.gson.stream.JsonWriter	HTML_SAFE_REPLACEMENT_CHARS	HTML_SAFE_REPLACEMENT_CHARS	com.google.gson.stream.JsonWriter	SOURCE
com.google.gson.stream.JsonWriter	HTML_SAFE_REPLACEMENT_CHARS	HTML_SAFE_REPLACEMENT_CHARS	com.google.gson.stream.JsonWriter	SOURCE
com.google.gson.stream.JsonWriter	HTML_SAFE_REPLACEMENT_CHARS	HTML_SAFE_REPLACEMENT_CHARS	com.google.gson.stream.JsonWriter	SOURCE
com.google.gson.stream.JsonWriter	HTML_SAFE_REPLACEMENT_CHARS	HTML_SAFE_REPLACEMENT_CHARS	com.google.gson.stream.JsonWriter	SOURCE
com.google.gson.stream.JsonWriter	HTML_SAFE_REPLACEMENT_CHARS	HTML_SAFE_REPLACEMENT_CHARS	com.google.gson.stream.JsonWriter	SOURCE
com.google.gson.stream.JsonWriter	null	EMPTY_DOCUMENT	com.google.gson.stream.JsonScope	SOURCE
com.google.gson.stream.JsonWriter	JsonWriter(java.io.Writer)	out	com.google.gson.stream.JsonWriter	SOURCE
com.google.gson.stream.JsonWriter	JsonWriter(java.io.Writer)	this	com.google.gson.stream.JsonWriter	SOURCE
com.google.gson.stream.JsonWriter	setIndent(java.lang.String)	indent	com.google.gson.stream.JsonWriter	SOURCE
com.google.gson.stream.JsonWriter	setIndent(java.lang.String)	this	com.google.gson.stream.JsonWriter	SOURCE
com.google.gson.stream.JsonWriter	setIndent(java.lang.String)	separator	com.google.gson.stream.JsonWriter	SOURCE
com.google.gson.stream.JsonWriter	setIndent(java.lang.String)	this	com.google.gson.stream.JsonWriter	SOURCE
com.google.gson.stream.JsonWriter	setIndent(java.lang.String)	indent	com.google.gson.stream.JsonWriter	SOURCE
com.google.gson.stream.JsonWriter	setIndent(java.lang.String)	this	com.google.gson.stream.JsonWriter	SOURCE
com.google.gson.stream.JsonWriter	setIndent(java.lang.String)	separator	com.google.gson.stream.JsonWriter	SOURCE
com.google.gson.stream.JsonWriter	setIndent(java.lang.String)	this	com.google.gson.stream.JsonWriter	SOURCE
com.google.gson.stream.JsonWriter	setLenient(boolean)	lenient	com.google.gson.stream.JsonWriter	SOURCE
com.google.gson.stream.JsonWriter	setLenient(boolean)	this	com.google.gson.stream.JsonWriter	SOURCE
com.google.gson.stream.JsonWriter	isLenient()	lenient	com.google.gson.stream.JsonWriter	SOURCE
com.google.gson.stream.JsonWriter	setHtmlSafe(boolean)	htmlSafe	com.google.gson.stream.JsonWriter	SOURCE
com.google.gson.stream.JsonWriter	setHtmlSafe(boolean)	this	com.google.gson.stream.JsonWriter	SOURCE
com.google.gson.stream.JsonWriter	isHtmlSafe()	htmlSafe	com.google.gson.stream.JsonWriter	SOURCE
com.google.gson.stream.JsonWriter	setSerializeNulls(boolean)	serializeNulls	com.google.gson.stream.JsonWriter	SOURCE
com.google.gson.stream.JsonWriter	setSerializeNulls(boolean)	this	com.google.gson.stream.JsonWriter	SOURCE
com.google.gson.stream.JsonWriter	getSerializeNulls()	serializeNulls	com.google.gson.stream.JsonWriter	SOURCE
com.google.gson.stream.JsonWriter	beginArray()	EMPTY_ARRAY	com.google.gson.stream.JsonScope	SOURCE
com.google.gson.stream.JsonWriter	endArray()	EMPTY_ARRAY	com.google.gson.stream.JsonScope	SOURCE
com.google.gson.stream.JsonWriter	endArray()	NONEMPTY_ARRAY	com.google.gson.stream.JsonScope	SOURCE
com.google.gson.stream.JsonWriter	beginObject()	EMPTY_OBJECT	com.google.gson.stream.JsonScope	SOURCE
com.google.gson.stream.JsonWriter	endObject()	EMPTY_OBJECT	com.google.gson.stream.JsonScope	SOURCE
com.google.gson.stream.JsonWriter	endObject()	NONEMPTY_OBJECT	com.google.gson.stream.JsonScope	SOURCE
com.google.gson.stream.JsonWriter	open(int,char)	out	com.google.gson.stream.JsonWriter	SOURCE
com.google.gson.stream.JsonWriter	open(int,char)	this	com.google.gson.stream.JsonWriter	SOURCE
com.google.gson.stream.JsonWriter	close(int,int,char)	deferredName	com.google.gson.stream.JsonWriter	SOURCE
com.google.gson.stream.JsonWriter	close(int,int,char)	deferredName	com.google.gson.stream.JsonWriter	SOURCE
com.google.gson.stream.JsonWriter	close(int,int,char)	stackSize	com.google.gson.stream.JsonWriter	SOURCE
com.google.gson.stream.JsonWriter	close(int,int,char)	out	com.google.gson.stream.JsonWriter	SOURCE
com.google.gson.stream.JsonWriter	close(int,int,char)	this	com.google.gson.stream.JsonWriter	SOURCE
com.google.gson.stream.JsonWriter	push(int)	stackSize	com.google.gson.stream.JsonWriter	SOURCE
com.google.gson.stream.JsonWriter	push(int)	length	Array	SOURCE
com.google.gson.stream.JsonWriter	push(int)	stack	com.google.gson.stream.JsonWriter	SOURCE
com.google.gson.stream.JsonWriter	push(int)	stack	com.google.gson.stream.JsonWriter	SOURCE
com.google.gson.stream.JsonWriter	push(int)	stack	com.google.gson.stream.JsonWriter	SOURCE
com.google.gson.stream.JsonWriter	push(int)	stackSize	com.google.gson.stream.JsonWriter	SOURCE
com.google.gson.stream.JsonWriter	push(int)	stack	com.google.gson.stream.JsonWriter	SOURCE
com.google.gson.stream.JsonWriter	push(int)	stackSize	com.google.gson.stream.JsonWriter	SOURCE
com.google.gson.stream.JsonWriter	peek()	stackSize	com.google.gson.stream.JsonWriter	SOURCE
com.google.gson.stream.JsonWriter	peek()	stack	com.google.gson.stream.JsonWriter	SOURCE
com.google.gson.stream.JsonWriter	peek()	stackSize	com.google.gson.stream.JsonWriter	SOURCE
com.google.gson.stream.JsonWriter	replaceTop(int)	stack	com.google.gson.stream.JsonWriter	SOURCE
com.google.gson.stream.JsonWriter	replaceTop(int)	stackSize	com.google.gson.stream.JsonWriter	SOURCE
com.google.gson.stream.JsonWriter	name(java.lang.String)	deferredName	com.google.gson.stream.JsonWriter	SOURCE
com.google.gson.stream.JsonWriter	name(java.lang.String)	stackSize	com.google.gson.stream.JsonWriter	SOURCE
com.google.gson.stream.JsonWriter	name(java.lang.String)	deferredName	com.google.gson.stream.JsonWriter	SOURCE
com.google.gson.stream.JsonWriter	name(java.lang.String)	this	com.google.gson.stream.JsonWriter	SOURCE
com.google.gson.stream.JsonWriter	writeDeferredName()	deferredName	com.google.gson.stream.JsonWriter	SOURCE
com.google.gson.stream.JsonWriter	writeDeferredName()	deferredName	com.google.gson.stream.JsonWriter	SOURCE
com.google.gson.stream.JsonWriter	writeDeferredName()	deferredName	com.google.gson.stream.JsonWriter	SOURCE
com.google.gson.stream.JsonWriter	value(java.lang.String)	this	com.google.gson.stream.JsonWriter	SOURCE
com.google.gson.stream.JsonWriter	jsonValue(java.lang.String)	out	com.google.gson.stream.JsonWriter	SOURCE
com.google.gson.stream.JsonWriter	jsonValue(java.lang.String)	this	com.google.gson.stream.JsonWriter	SOURCE
com.google.gson.stream.JsonWriter	nullValue()	deferredName	com.google.gson.stream.JsonWriter	SOURCE
com.google.gson.stream.JsonWriter	nullValue()	serializeNulls	com.google.gson.stream.JsonWriter	SOURCE
com.google.gson.stream.JsonWriter	nullValue()	deferredName	com.google.gson.stream.JsonWriter	SOURCE
com.google.gson.stream.JsonWriter	nullValue()	this	com.google.gson.stream.JsonWriter	SOURCE
com.google.gson.stream.JsonWriter	nullValue()	out	com.google.gson.stream.JsonWriter	SOURCE
com.google.gson.stream.JsonWriter	nullValue()	this	com.google.gson.stream.JsonWriter	SOURCE
com.google.gson.stream.JsonWriter	value(boolean)	out	com.google.gson.stream.JsonWriter	SOURCE
com.google.gson.stream.JsonWriter	value(boolean)	this	com.google.gson.stream.JsonWriter	SOURCE
com.google.gson.stream.JsonWriter	value(java.lang.Boolean)	out	com.google.gson.stream.JsonWriter	SOURCE
com.google.gson.stream.JsonWriter	value(java.lang.Boolean)	this	com.google.gson.stream.JsonWriter	SOURCE
com.google.gson.stream.JsonWriter	value(double)	lenient	com.google.gson.stream.JsonWriter	SOURCE
com.google.gson.stream.JsonWriter	value(double)	out	com.google.gson.stream.JsonWriter	SOURCE
com.google.gson.stream.JsonWriter	value(double)	this	com.google.gson.stream.JsonWriter	SOURCE
com.google.gson.stream.JsonWriter	value(long)	out	com.google.gson.stream.JsonWriter	SOURCE
com.google.gson.stream.JsonWriter	value(long)	this	com.google.gson.stream.JsonWriter	SOURCE
com.google.gson.stream.JsonWriter	value(java.lang.Number)	lenient	com.google.gson.stream.JsonWriter	SOURCE
com.google.gson.stream.JsonWriter	value(java.lang.Number)	out	com.google.gson.stream.JsonWriter	SOURCE
com.google.gson.stream.JsonWriter	value(java.lang.Number)	this	com.google.gson.stream.JsonWriter	SOURCE
com.google.gson.stream.JsonWriter	flush()	stackSize	com.google.gson.stream.JsonWriter	SOURCE
com.google.gson.stream.JsonWriter	flush()	out	com.google.gson.stream.JsonWriter	SOURCE
com.google.gson.stream.JsonWriter	close()	out	com.google.gson.stream.JsonWriter	SOURCE
com.google.gson.stream.JsonWriter	close()	stackSize	com.google.gson.stream.JsonWriter	SOURCE
com.google.gson.stream.JsonWriter	close()	stackSize	com.google.gson.stream.JsonWriter	SOURCE
com.google.gson.stream.JsonWriter	close()	stack	com.google.gson.stream.JsonWriter	SOURCE
com.google.gson.stream.JsonWriter	close()	NONEMPTY_DOCUMENT	com.google.gson.stream.JsonScope	SOURCE
com.google.gson.stream.JsonWriter	close()	stackSize	com.google.gson.stream.JsonWriter	SOURCE
com.google.gson.stream.JsonWriter	string(java.lang.String)	htmlSafe	com.google.gson.stream.JsonWriter	SOURCE
com.google.gson.stream.JsonWriter	string(java.lang.String)	HTML_SAFE_REPLACEMENT_CHARS	com.google.gson.stream.JsonWriter	SOURCE
com.google.gson.stream.JsonWriter	string(java.lang.String)	REPLACEMENT_CHARS	com.google.gson.stream.JsonWriter	SOURCE
com.google.gson.stream.JsonWriter	string(java.lang.String)	out	com.google.gson.stream.JsonWriter	SOURCE
com.google.gson.stream.JsonWriter	string(java.lang.String)	out	com.google.gson.stream.JsonWriter	SOURCE
com.google.gson.stream.JsonWriter	string(java.lang.String)	out	com.google.gson.stream.JsonWriter	SOURCE
com.google.gson.stream.JsonWriter	string(java.lang.String)	out	com.google.gson.stream.JsonWriter	SOURCE
com.google.gson.stream.JsonWriter	string(java.lang.String)	out	com.google.gson.stream.JsonWriter	SOURCE
com.google.gson.stream.JsonWriter	newline()	indent	com.google.gson.stream.JsonWriter	SOURCE
com.google.gson.stream.JsonWriter	newline()	out	com.google.gson.stream.JsonWriter	SOURCE
com.google.gson.stream.JsonWriter	newline()	stackSize	com.google.gson.stream.JsonWriter	SOURCE
com.google.gson.stream.JsonWriter	newline()	stackSize	com.google.gson.stream.JsonWriter	SOURCE
com.google.gson.stream.JsonWriter	newline()	out	com.google.gson.stream.JsonWriter	SOURCE
com.google.gson.stream.JsonWriter	newline()	indent	com.google.gson.stream.JsonWriter	SOURCE
com.google.gson.stream.JsonWriter	beforeName()	NONEMPTY_OBJECT	com.google.gson.stream.JsonScope	SOURCE
com.google.gson.stream.JsonWriter	beforeName()	out	com.google.gson.stream.JsonWriter	SOURCE
com.google.gson.stream.JsonWriter	beforeName()	EMPTY_OBJECT	com.google.gson.stream.JsonScope	SOURCE
com.google.gson.stream.JsonWriter	beforeName()	DANGLING_NAME	com.google.gson.stream.JsonScope	SOURCE
com.google.gson.stream.JsonWriter	beforeValue()	NONEMPTY_DOCUMENT	com.google.gson.stream.JsonScope	SOURCE
com.google.gson.stream.JsonWriter	beforeValue()	lenient	com.google.gson.stream.JsonWriter	SOURCE
com.google.gson.stream.JsonWriter	beforeValue()	EMPTY_DOCUMENT	com.google.gson.stream.JsonScope	SOURCE
com.google.gson.stream.JsonWriter	beforeValue()	NONEMPTY_DOCUMENT	com.google.gson.stream.JsonScope	SOURCE
com.google.gson.stream.JsonWriter	beforeValue()	EMPTY_ARRAY	com.google.gson.stream.JsonScope	SOURCE
com.google.gson.stream.JsonWriter	beforeValue()	NONEMPTY_ARRAY	com.google.gson.stream.JsonScope	SOURCE
com.google.gson.stream.JsonWriter	beforeValue()	NONEMPTY_ARRAY	com.google.gson.stream.JsonScope	SOURCE
com.google.gson.stream.JsonWriter	beforeValue()	out	com.google.gson.stream.JsonWriter	SOURCE
com.google.gson.stream.JsonWriter	beforeValue()	DANGLING_NAME	com.google.gson.stream.JsonScope	SOURCE
com.google.gson.stream.JsonWriter	beforeValue()	out	com.google.gson.stream.JsonWriter	SOURCE
com.google.gson.stream.JsonWriter	beforeValue()	separator	com.google.gson.stream.JsonWriter	SOURCE
com.google.gson.stream.JsonWriter	beforeValue()	NONEMPTY_OBJECT	com.google.gson.stream.JsonScope	SOURCE
com.google.gson.stream.JsonReader	MIN_INCOMPLETE_INTEGER	MIN_VALUE	java.lang.Long	SOURCE
com.google.gson.stream.JsonReader	peeked	PEEKED_NONE	com.google.gson.stream.JsonReader	SOURCE
com.google.gson.stream.JsonReader	PEEKED_NONE	PEEKED_NONE	com.google.gson.stream.JsonReader	SOURCE
com.google.gson.stream.JsonReader	stack	stack	com.google.gson.stream.JsonReader	SOURCE
com.google.gson.stream.JsonReader	stackSize	stackSize	com.google.gson.stream.JsonReader	SOURCE
com.google.gson.stream.JsonReader	null	EMPTY_DOCUMENT	com.google.gson.stream.JsonScope	SOURCE
com.google.gson.stream.JsonReader	JsonReader(java.io.Reader)	in	com.google.gson.stream.JsonReader	SOURCE
com.google.gson.stream.JsonReader	JsonReader(java.io.Reader)	this	com.google.gson.stream.JsonReader	SOURCE
com.google.gson.stream.JsonReader	setLenient(boolean)	lenient	com.google.gson.stream.JsonReader	SOURCE
com.google.gson.stream.JsonReader	setLenient(boolean)	this	com.google.gson.stream.JsonReader	SOURCE
com.google.gson.stream.JsonReader	isLenient()	lenient	com.google.gson.stream.JsonReader	SOURCE
com.google.gson.stream.JsonReader	beginArray()	peeked	com.google.gson.stream.JsonReader	SOURCE
com.google.gson.stream.JsonReader	beginArray()	peeked	com.google.gson.stream.JsonReader	SOURCE
com.google.gson.stream.JsonReader	beginArray()	PEEKED_NONE	com.google.gson.stream.JsonReader	SOURCE
com.google.gson.stream.JsonReader	beginArray()	PEEKED_BEGIN_ARRAY	com.google.gson.stream.JsonReader	SOURCE
com.google.gson.stream.JsonReader	beginArray()	EMPTY_ARRAY	com.google.gson.stream.JsonScope	SOURCE
com.google.gson.stream.JsonReader	beginArray()	pathIndices	com.google.gson.stream.JsonReader	SOURCE
com.google.gson.stream.JsonReader	beginArray()	stackSize	com.google.gson.stream.JsonReader	SOURCE
com.google.gson.stream.JsonReader	beginArray()	peeked	com.google.gson.stream.JsonReader	SOURCE
com.google.gson.stream.JsonReader	beginArray()	PEEKED_NONE	com.google.gson.stream.JsonReader	SOURCE
com.google.gson.stream.JsonReader	endArray()	peeked	com.google.gson.stream.JsonReader	SOURCE
com.google.gson.stream.JsonReader	endArray()	peeked	com.google.gson.stream.JsonReader	SOURCE
com.google.gson.stream.JsonReader	endArray()	PEEKED_NONE	com.google.gson.stream.JsonReader	SOURCE
com.google.gson.stream.JsonReader	endArray()	PEEKED_END_ARRAY	com.google.gson.stream.JsonReader	SOURCE
com.google.gson.stream.JsonReader	endArray()	stackSize	com.google.gson.stream.JsonReader	SOURCE
com.google.gson.stream.JsonReader	endArray()	pathIndices	com.google.gson.stream.JsonReader	SOURCE
com.google.gson.stream.JsonReader	endArray()	stackSize	com.google.gson.stream.JsonReader	SOURCE
com.google.gson.stream.JsonReader	endArray()	peeked	com.google.gson.stream.JsonReader	SOURCE
com.google.gson.stream.JsonReader	endArray()	PEEKED_NONE	com.google.gson.stream.JsonReader	SOURCE
com.google.gson.stream.JsonReader	beginObject()	peeked	com.google.gson.stream.JsonReader	SOURCE
com.google.gson.stream.JsonReader	beginObject()	peeked	com.google.gson.stream.JsonReader	SOURCE
com.google.gson.stream.JsonReader	beginObject()	PEEKED_NONE	com.google.gson.stream.JsonReader	SOURCE
com.google.gson.stream.JsonReader	beginObject()	PEEKED_BEGIN_OBJECT	com.google.gson.stream.JsonReader	SOURCE
com.google.gson.stream.JsonReader	beginObject()	EMPTY_OBJECT	com.google.gson.stream.JsonScope	SOURCE
com.google.gson.stream.JsonReader	beginObject()	peeked	com.google.gson.stream.JsonReader	SOURCE
com.google.gson.stream.JsonReader	beginObject()	PEEKED_NONE	com.google.gson.stream.JsonReader	SOURCE
com.google.gson.stream.JsonReader	endObject()	peeked	com.google.gson.stream.JsonReader	SOURCE
com.google.gson.stream.JsonReader	endObject()	peeked	com.google.gson.stream.JsonReader	SOURCE
com.google.gson.stream.JsonReader	endObject()	PEEKED_NONE	com.google.gson.stream.JsonReader	SOURCE
com.google.gson.stream.JsonReader	endObject()	PEEKED_END_OBJECT	com.google.gson.stream.JsonReader	SOURCE
com.google.gson.stream.JsonReader	endObject()	stackSize	com.google.gson.stream.JsonReader	SOURCE
com.google.gson.stream.JsonReader	endObject()	pathNames	com.google.gson.stream.JsonReader	SOURCE
com.google.gson.stream.JsonReader	endObject()	stackSize	com.google.gson.stream.JsonReader	SOURCE
com.google.gson.stream.JsonReader	endObject()	pathIndices	com.google.gson.stream.JsonReader	SOURCE
com.google.gson.stream.JsonReader	endObject()	stackSize	com.google.gson.stream.JsonReader	SOURCE
com.google.gson.stream.JsonReader	endObject()	peeked	com.google.gson.stream.JsonReader	SOURCE
com.google.gson.stream.JsonReader	endObject()	PEEKED_NONE	com.google.gson.stream.JsonReader	SOURCE
com.google.gson.stream.JsonReader	hasNext()	peeked	com.google.gson.stream.JsonReader	SOURCE
com.google.gson.stream.JsonReader	hasNext()	peeked	com.google.gson.stream.JsonReader	SOURCE
com.google.gson.stream.JsonReader	hasNext()	PEEKED_NONE	com.google.gson.stream.JsonReader	SOURCE
com.google.gson.stream.JsonReader	hasNext()	PEEKED_END_OBJECT	com.google.gson.stream.JsonReader	SOURCE
com.google.gson.stream.JsonReader	hasNext()	PEEKED_END_ARRAY	com.google.gson.stream.JsonReader	SOURCE
com.google.gson.stream.JsonReader	peek()	peeked	com.google.gson.stream.JsonReader	SOURCE
com.google.gson.stream.JsonReader	peek()	peeked	com.google.gson.stream.JsonReader	SOURCE
com.google.gson.stream.JsonReader	peek()	PEEKED_NONE	com.google.gson.stream.JsonReader	SOURCE
com.google.gson.stream.JsonReader	peek()	PEEKED_BEGIN_OBJECT	com.google.gson.stream.JsonReader	SOURCE
com.google.gson.stream.JsonReader	peek()	PEEKED_END_OBJECT	com.google.gson.stream.JsonReader	SOURCE
com.google.gson.stream.JsonReader	peek()	PEEKED_BEGIN_ARRAY	com.google.gson.stream.JsonReader	SOURCE
com.google.gson.stream.JsonReader	peek()	PEEKED_END_ARRAY	com.google.gson.stream.JsonReader	SOURCE
com.google.gson.stream.JsonReader	peek()	PEEKED_SINGLE_QUOTED_NAME	com.google.gson.stream.JsonReader	SOURCE
com.google.gson.stream.JsonReader	peek()	PEEKED_DOUBLE_QUOTED_NAME	com.google.gson.stream.JsonReader	SOURCE
com.google.gson.stream.JsonReader	peek()	PEEKED_UNQUOTED_NAME	com.google.gson.stream.JsonReader	SOURCE
com.google.gson.stream.JsonReader	peek()	PEEKED_TRUE	com.google.gson.stream.JsonReader	SOURCE
com.google.gson.stream.JsonReader	peek()	PEEKED_FALSE	com.google.gson.stream.JsonReader	SOURCE
com.google.gson.stream.JsonReader	peek()	PEEKED_NULL	com.google.gson.stream.JsonReader	SOURCE
com.google.gson.stream.JsonReader	peek()	PEEKED_SINGLE_QUOTED	com.google.gson.stream.JsonReader	SOURCE
com.google.gson.stream.JsonReader	peek()	PEEKED_DOUBLE_QUOTED	com.google.gson.stream.JsonReader	SOURCE
com.google.gson.stream.JsonReader	peek()	PEEKED_UNQUOTED	com.google.gson.stream.JsonReader	SOURCE
com.google.gson.stream.JsonReader	peek()	PEEKED_BUFFERED	com.google.gson.stream.JsonReader	SOURCE
com.google.gson.stream.JsonReader	peek()	PEEKED_LONG	com.google.gson.stream.JsonReader	SOURCE
com.google.gson.stream.JsonReader	peek()	PEEKED_NUMBER	com.google.gson.stream.JsonReader	SOURCE
com.google.gson.stream.JsonReader	peek()	PEEKED_EOF	com.google.gson.stream.JsonReader	SOURCE
com.google.gson.stream.JsonReader	doPeek()	stack	com.google.gson.stream.JsonReader	SOURCE
com.google.gson.stream.JsonReader	doPeek()	stackSize	com.google.gson.stream.JsonReader	SOURCE
com.google.gson.stream.JsonReader	doPeek()	EMPTY_ARRAY	com.google.gson.stream.JsonScope	SOURCE
com.google.gson.stream.JsonReader	doPeek()	stack	com.google.gson.stream.JsonReader	SOURCE
com.google.gson.stream.JsonReader	doPeek()	stackSize	com.google.gson.stream.JsonReader	SOURCE
com.google.gson.stream.JsonReader	doPeek()	NONEMPTY_ARRAY	com.google.gson.stream.JsonScope	SOURCE
com.google.gson.stream.JsonReader	doPeek()	NONEMPTY_ARRAY	com.google.gson.stream.JsonScope	SOURCE
com.google.gson.stream.JsonReader	doPeek()	peeked	com.google.gson.stream.JsonReader	SOURCE
com.google.gson.stream.JsonReader	doPeek()	PEEKED_END_ARRAY	com.google.gson.stream.JsonReader	SOURCE
com.google.gson.stream.JsonReader	doPeek()	EMPTY_OBJECT	com.google.gson.stream.JsonScope	SOURCE
com.google.gson.stream.JsonReader	doPeek()	NONEMPTY_OBJECT	com.google.gson.stream.JsonScope	SOURCE
com.google.gson.stream.JsonReader	doPeek()	stack	com.google.gson.stream.JsonReader	SOURCE
com.google.gson.stream.JsonReader	doPeek()	stackSize	com.google.gson.stream.JsonReader	SOURCE
com.google.gson.stream.JsonReader	doPeek()	DANGLING_NAME	com.google.gson.stream.JsonScope	SOURCE
com.google.gson.stream.JsonReader	doPeek()	NONEMPTY_OBJECT	com.google.gson.stream.JsonScope	SOURCE
com.google.gson.stream.JsonReader	doPeek()	peeked	com.google.gson.stream.JsonReader	SOURCE
com.google.gson.stream.JsonReader	doPeek()	PEEKED_END_OBJECT	com.google.gson.stream.JsonReader	SOURCE
com.google.gson.stream.JsonReader	doPeek()	peeked	com.google.gson.stream.JsonReader	SOURCE
com.google.gson.stream.JsonReader	doPeek()	PEEKED_DOUBLE_QUOTED_NAME	com.google.gson.stream.JsonReader	SOURCE
com.google.gson.stream.JsonReader	doPeek()	peeked	com.google.gson.stream.JsonReader	SOURCE
com.google.gson.stream.JsonReader	doPeek()	PEEKED_SINGLE_QUOTED_NAME	com.google.gson.stream.JsonReader	SOURCE
com.google.gson.stream.JsonReader	doPeek()	NONEMPTY_OBJECT	com.google.gson.stream.JsonScope	SOURCE
com.google.gson.stream.JsonReader	doPeek()	peeked	com.google.gson.stream.JsonReader	SOURCE
com.google.gson.stream.JsonReader	doPeek()	PEEKED_END_OBJECT	com.google.gson.stream.JsonReader	SOURCE
com.google.gson.stream.JsonReader	doPeek()	pos	com.google.gson.stream.JsonReader	SOURCE
com.google.gson.stream.JsonReader	doPeek()	peeked	com.google.gson.stream.JsonReader	SOURCE
com.google.gson.stream.JsonReader	doPeek()	PEEKED_UNQUOTED_NAME	com.google.gson.stream.JsonReader	SOURCE
com.google.gson.stream.JsonReader	doPeek()	DANGLING_NAME	com.google.gson.stream.JsonScope	SOURCE
com.google.gson.stream.JsonReader	doPeek()	stack	com.google.gson.stream.JsonReader	SOURCE
com.google.gson.stream.JsonReader	doPeek()	stackSize	com.google.gson.stream.JsonReader	SOURCE
com.google.gson.stream.JsonReader	doPeek()	NONEMPTY_OBJECT	com.google.gson.stream.JsonScope	SOURCE
com.google.gson.stream.JsonReader	doPeek()	pos	com.google.gson.stream.JsonReader	SOURCE
com.google.gson.stream.JsonReader	doPeek()	limit	com.google.gson.stream.JsonReader	SOURCE
com.google.gson.stream.JsonReader	doPeek()	buffer	com.google.gson.stream.JsonReader	SOURCE
com.google.gson.stream.JsonReader	doPeek()	pos	com.google.gson.stream.JsonReader	SOURCE
com.google.gson.stream.JsonReader	doPeek()	pos	com.google.gson.stream.JsonReader	SOURCE
com.google.gson.stream.JsonReader	doPeek()	EMPTY_DOCUMENT	com.google.gson.stream.JsonScope	SOURCE
com.google.gson.stream.JsonReader	doPeek()	lenient	com.google.gson.stream.JsonReader	SOURCE
com.google.gson.stream.JsonReader	doPeek()	stack	com.google.gson.stream.JsonReader	SOURCE
com.google.gson.stream.JsonReader	doPeek()	stackSize	com.google.gson.stream.JsonReader	SOURCE
com.google.gson.stream.JsonReader	doPeek()	NONEMPTY_DOCUMENT	com.google.gson.stream.JsonScope	SOURCE
com.google.gson.stream.JsonReader	doPeek()	NONEMPTY_DOCUMENT	com.google.gson.stream.JsonScope	SOURCE
com.google.gson.stream.JsonReader	doPeek()	peeked	com.google.gson.stream.JsonReader	SOURCE
com.google.gson.stream.JsonReader	doPeek()	PEEKED_EOF	com.google.gson.stream.JsonReader	SOURCE
com.google.gson.stream.JsonReader	doPeek()	pos	com.google.gson.stream.JsonReader	SOURCE
com.google.gson.stream.JsonReader	doPeek()	CLOSED	com.google.gson.stream.JsonScope	SOURCE
com.google.gson.stream.JsonReader	doPeek()	EMPTY_ARRAY	com.google.gson.stream.JsonScope	SOURCE
com.google.gson.stream.JsonReader	doPeek()	peeked	com.google.gson.stream.JsonReader	SOURCE
com.google.gson.stream.JsonReader	doPeek()	PEEKED_END_ARRAY	com.google.gson.stream.JsonReader	SOURCE
com.google.gson.stream.JsonReader	doPeek()	EMPTY_ARRAY	com.google.gson.stream.JsonScope	SOURCE
com.google.gson.stream.JsonReader	doPeek()	NONEMPTY_ARRAY	com.google.gson.stream.JsonScope	SOURCE
com.google.gson.stream.JsonReader	doPeek()	pos	com.google.gson.stream.JsonReader	SOURCE
com.google.gson.stream.JsonReader	doPeek()	peeked	com.google.gson.stream.JsonReader	SOURCE
com.google.gson.stream.JsonReader	doPeek()	PEEKED_NULL	com.google.gson.stream.JsonReader	SOURCE
com.google.gson.stream.JsonReader	doPeek()	peeked	com.google.gson.stream.JsonReader	SOURCE
com.google.gson.stream.JsonReader	doPeek()	PEEKED_SINGLE_QUOTED	com.google.gson.stream.JsonReader	SOURCE
com.google.gson.stream.JsonReader	doPeek()	peeked	com.google.gson.stream.JsonReader	SOURCE
com.google.gson.stream.JsonReader	doPeek()	PEEKED_DOUBLE_QUOTED	com.google.gson.stream.JsonReader	SOURCE
com.google.gson.stream.JsonReader	doPeek()	peeked	com.google.gson.stream.JsonReader	SOURCE
com.google.gson.stream.JsonReader	doPeek()	PEEKED_BEGIN_ARRAY	com.google.gson.stream.JsonReader	SOURCE
com.google.gson.stream.JsonReader	doPeek()	peeked	com.google.gson.stream.JsonReader	SOURCE
com.google.gson.stream.JsonReader	doPeek()	PEEKED_BEGIN_OBJECT	com.google.gson.stream.JsonReader	SOURCE
com.google.gson.stream.JsonReader	doPeek()	pos	com.google.gson.stream.JsonReader	SOURCE
com.google.gson.stream.JsonReader	doPeek()	PEEKED_NONE	com.google.gson.stream.JsonReader	SOURCE
com.google.gson.stream.JsonReader	doPeek()	PEEKED_NONE	com.google.gson.stream.JsonReader	SOURCE
com.google.gson.stream.JsonReader	doPeek()	buffer	com.google.gson.stream.JsonReader	SOURCE
com.google.gson.stream.JsonReader	doPeek()	pos	com.google.gson.stream.JsonReader	SOURCE
com.google.gson.stream.JsonReader	doPeek()	peeked	com.google.gson.stream.JsonReader	SOURCE
com.google.gson.stream.JsonReader	doPeek()	PEEKED_UNQUOTED	com.google.gson.stream.JsonReader	SOURCE
com.google.gson.stream.JsonReader	peekKeyword()	buffer	com.google.gson.stream.JsonReader	SOURCE
com.google.gson.stream.JsonReader	peekKeyword()	pos	com.google.gson.stream.JsonReader	SOURCE
com.google.gson.stream.JsonReader	peekKeyword()	PEEKED_TRUE	com.google.gson.stream.JsonReader	SOURCE
com.google.gson.stream.JsonReader	peekKeyword()	PEEKED_FALSE	com.google.gson.stream.JsonReader	SOURCE
com.google.gson.stream.JsonReader	peekKeyword()	PEEKED_NULL	com.google.gson.stream.JsonReader	SOURCE
com.google.gson.stream.JsonReader	peekKeyword()	PEEKED_NONE	com.google.gson.stream.JsonReader	SOURCE
com.google.gson.stream.JsonReader	peekKeyword()	pos	com.google.gson.stream.JsonReader	SOURCE
com.google.gson.stream.JsonReader	peekKeyword()	limit	com.google.gson.stream.JsonReader	SOURCE
com.google.gson.stream.JsonReader	peekKeyword()	PEEKED_NONE	com.google.gson.stream.JsonReader	SOURCE
com.google.gson.stream.JsonReader	peekKeyword()	buffer	com.google.gson.stream.JsonReader	SOURCE
com.google.gson.stream.JsonReader	peekKeyword()	pos	com.google.gson.stream.JsonReader	SOURCE
com.google.gson.stream.JsonReader	peekKeyword()	PEEKED_NONE	com.google.gson.stream.JsonReader	SOURCE
com.google.gson.stream.JsonReader	peekKeyword()	pos	com.google.gson.stream.JsonReader	SOURCE
com.google.gson.stream.JsonReader	peekKeyword()	limit	com.google.gson.stream.JsonReader	SOURCE
com.google.gson.stream.JsonReader	peekKeyword()	buffer	com.google.gson.stream.JsonReader	SOURCE
com.google.gson.stream.JsonReader	peekKeyword()	pos	com.google.gson.stream.JsonReader	SOURCE
com.google.gson.stream.JsonReader	peekKeyword()	PEEKED_NONE	com.google.gson.stream.JsonReader	SOURCE
com.google.gson.stream.JsonReader	peekKeyword()	pos	com.google.gson.stream.JsonReader	SOURCE
com.google.gson.stream.JsonReader	peekKeyword()	peeked	com.google.gson.stream.JsonReader	SOURCE
com.google.gson.stream.JsonReader	peekNumber()	buffer	com.google.gson.stream.JsonReader	SOURCE
com.google.gson.stream.JsonReader	peekNumber()	buffer	com.google.gson.stream.JsonReader	SOURCE
com.google.gson.stream.JsonReader	peekNumber()	this	com.google.gson.stream.JsonReader	SOURCE
com.google.gson.stream.JsonReader	peekNumber()	pos	com.google.gson.stream.JsonReader	SOURCE
com.google.gson.stream.JsonReader	peekNumber()	pos	com.google.gson.stream.JsonReader	SOURCE
com.google.gson.stream.JsonReader	peekNumber()	limit	com.google.gson.stream.JsonReader	SOURCE
com.google.gson.stream.JsonReader	peekNumber()	limit	com.google.gson.stream.JsonReader	SOURCE
com.google.gson.stream.JsonReader	peekNumber()	NUMBER_CHAR_NONE	com.google.gson.stream.JsonReader	SOURCE
com.google.gson.stream.JsonReader	peekNumber()	NUMBER_CHAR_NONE	com.google.gson.stream.JsonReader	SOURCE
com.google.gson.stream.JsonReader	peekNumber()	length	Array	SOURCE
com.google.gson.stream.JsonReader	peekNumber()	PEEKED_NONE	com.google.gson.stream.JsonReader	SOURCE
com.google.gson.stream.JsonReader	peekNumber()	pos	com.google.gson.stream.JsonReader	SOURCE
com.google.gson.stream.JsonReader	peekNumber()	limit	com.google.gson.stream.JsonReader	SOURCE
com.google.gson.stream.JsonReader	peekNumber()	NUMBER_CHAR_NONE	com.google.gson.stream.JsonReader	SOURCE
com.google.gson.stream.JsonReader	peekNumber()	NUMBER_CHAR_SIGN	com.google.gson.stream.JsonReader	SOURCE
com.google.gson.stream.JsonReader	peekNumber()	NUMBER_CHAR_EXP_E	com.google.gson.stream.JsonReader	SOURCE
com.google.gson.stream.JsonReader	peekNumber()	NUMBER_CHAR_EXP_SIGN	com.google.gson.stream.JsonReader	SOURCE
com.google.gson.stream.JsonReader	peekNumber()	PEEKED_NONE	com.google.gson.stream.JsonReader	SOURCE
com.google.gson.stream.JsonReader	peekNumber()	NUMBER_CHAR_EXP_E	com.google.gson.stream.JsonReader	SOURCE
com.google.gson.stream.JsonReader	peekNumber()	NUMBER_CHAR_EXP_SIGN	com.google.gson.stream.JsonReader	SOURCE
com.google.gson.stream.JsonReader	peekNumber()	PEEKED_NONE	com.google.gson.stream.JsonReader	SOURCE
com.google.gson.stream.JsonReader	peekNumber()	NUMBER_CHAR_DIGIT	com.google.gson.stream.JsonReader	SOURCE
com.google.gson.stream.JsonReader	peekNumber()	NUMBER_CHAR_FRACTION_DIGIT	com.google.gson.stream.JsonReader	SOURCE
com.google.gson.stream.JsonReader	peekNumber()	NUMBER_CHAR_EXP_E	com.google.gson.stream.JsonReader	SOURCE
com.google.gson.stream.JsonReader	peekNumber()	PEEKED_NONE	com.google.gson.stream.JsonReader	SOURCE
com.google.gson.stream.JsonReader	peekNumber()	NUMBER_CHAR_DIGIT	com.google.gson.stream.JsonReader	SOURCE
com.google.gson.stream.JsonReader	peekNumber()	NUMBER_CHAR_DECIMAL	com.google.gson.stream.JsonReader	SOURCE
com.google.gson.stream.JsonReader	peekNumber()	PEEKED_NONE	com.google.gson.stream.JsonReader	SOURCE
com.google.gson.stream.JsonReader	peekNumber()	PEEKED_NONE	com.google.gson.stream.JsonReader	SOURCE
com.google.gson.stream.JsonReader	peekNumber()	NUMBER_CHAR_SIGN	com.google.gson.stream.JsonReader	SOURCE
com.google.gson.stream.JsonReader	peekNumber()	NUMBER_CHAR_NONE	com.google.gson.stream.JsonReader	SOURCE
com.google.gson.stream.JsonReader	peekNumber()	NUMBER_CHAR_DIGIT	com.google.gson.stream.JsonReader	SOURCE
com.google.gson.stream.JsonReader	peekNumber()	NUMBER_CHAR_DIGIT	com.google.gson.stream.JsonReader	SOURCE
com.google.gson.stream.JsonReader	peekNumber()	PEEKED_NONE	com.google.gson.stream.JsonReader	SOURCE
com.google.gson.stream.JsonReader	peekNumber()	MIN_INCOMPLETE_INTEGER	com.google.gson.stream.JsonReader	SOURCE
com.google.gson.stream.JsonReader	peekNumber()	MIN_INCOMPLETE_INTEGER	com.google.gson.stream.JsonReader	SOURCE
com.google.gson.stream.JsonReader	peekNumber()	NUMBER_CHAR_DECIMAL	com.google.gson.stream.JsonReader	SOURCE
com.google.gson.stream.JsonReader	peekNumber()	NUMBER_CHAR_FRACTION_DIGIT	com.google.gson.stream.JsonReader	SOURCE
com.google.gson.stream.JsonReader	peekNumber()	NUMBER_CHAR_EXP_E	com.google.gson.stream.JsonReader	SOURCE
com.google.gson.stream.JsonReader	peekNumber()	NUMBER_CHAR_EXP_SIGN	com.google.gson.stream.JsonReader	SOURCE
com.google.gson.stream.JsonReader	peekNumber()	NUMBER_CHAR_EXP_DIGIT	com.google.gson.stream.JsonReader	SOURCE
com.google.gson.stream.JsonReader	peekNumber()	NUMBER_CHAR_DIGIT	com.google.gson.stream.JsonReader	SOURCE
com.google.gson.stream.JsonReader	peekNumber()	MIN_VALUE	java.lang.Long	SOURCE
com.google.gson.stream.JsonReader	peekNumber()	peekedLong	com.google.gson.stream.JsonReader	SOURCE
com.google.gson.stream.JsonReader	peekNumber()	pos	com.google.gson.stream.JsonReader	SOURCE
com.google.gson.stream.JsonReader	peekNumber()	peeked	com.google.gson.stream.JsonReader	SOURCE
com.google.gson.stream.JsonReader	peekNumber()	PEEKED_LONG	com.google.gson.stream.JsonReader	SOURCE
com.google.gson.stream.JsonReader	peekNumber()	NUMBER_CHAR_DIGIT	com.google.gson.stream.JsonReader	SOURCE
com.google.gson.stream.JsonReader	peekNumber()	NUMBER_CHAR_FRACTION_DIGIT	com.google.gson.stream.JsonReader	SOURCE
com.google.gson.stream.JsonReader	peekNumber()	NUMBER_CHAR_EXP_DIGIT	com.google.gson.stream.JsonReader	SOURCE
com.google.gson.stream.JsonReader	peekNumber()	peekedNumberLength	com.google.gson.stream.JsonReader	SOURCE
com.google.gson.stream.JsonReader	peekNumber()	peeked	com.google.gson.stream.JsonReader	SOURCE
com.google.gson.stream.JsonReader	peekNumber()	PEEKED_NUMBER	com.google.gson.stream.JsonReader	SOURCE
com.google.gson.stream.JsonReader	peekNumber()	PEEKED_NONE	com.google.gson.stream.JsonReader	SOURCE
com.google.gson.stream.JsonReader	nextName()	peeked	com.google.gson.stream.JsonReader	SOURCE
com.google.gson.stream.JsonReader	nextName()	peeked	com.google.gson.stream.JsonReader	SOURCE
com.google.gson.stream.JsonReader	nextName()	PEEKED_NONE	com.google.gson.stream.JsonReader	SOURCE
com.google.gson.stream.JsonReader	nextName()	PEEKED_UNQUOTED_NAME	com.google.gson.stream.JsonReader	SOURCE
com.google.gson.stream.JsonReader	nextName()	PEEKED_SINGLE_QUOTED_NAME	com.google.gson.stream.JsonReader	SOURCE
com.google.gson.stream.JsonReader	nextName()	PEEKED_DOUBLE_QUOTED_NAME	com.google.gson.stream.JsonReader	SOURCE
com.google.gson.stream.JsonReader	nextName()	peeked	com.google.gson.stream.JsonReader	SOURCE
com.google.gson.stream.JsonReader	nextName()	PEEKED_NONE	com.google.gson.stream.JsonReader	SOURCE
com.google.gson.stream.JsonReader	nextName()	pathNames	com.google.gson.stream.JsonReader	SOURCE
com.google.gson.stream.JsonReader	nextName()	stackSize	com.google.gson.stream.JsonReader	SOURCE
com.google.gson.stream.JsonReader	nextString()	peeked	com.google.gson.stream.JsonReader	SOURCE
com.google.gson.stream.JsonReader	nextString()	peeked	com.google.gson.stream.JsonReader	SOURCE
com.google.gson.stream.JsonReader	nextString()	PEEKED_NONE	com.google.gson.stream.JsonReader	SOURCE
com.google.gson.stream.JsonReader	nextString()	PEEKED_UNQUOTED	com.google.gson.stream.JsonReader	SOURCE
com.google.gson.stream.JsonReader	nextString()	PEEKED_SINGLE_QUOTED	com.google.gson.stream.JsonReader	SOURCE
com.google.gson.stream.JsonReader	nextString()	PEEKED_DOUBLE_QUOTED	com.google.gson.stream.JsonReader	SOURCE
com.google.gson.stream.JsonReader	nextString()	PEEKED_BUFFERED	com.google.gson.stream.JsonReader	SOURCE
com.google.gson.stream.JsonReader	nextString()	peekedString	com.google.gson.stream.JsonReader	SOURCE
com.google.gson.stream.JsonReader	nextString()	peekedString	com.google.gson.stream.JsonReader	SOURCE
com.google.gson.stream.JsonReader	nextString()	PEEKED_LONG	com.google.gson.stream.JsonReader	SOURCE
com.google.gson.stream.JsonReader	nextString()	peekedLong	com.google.gson.stream.JsonReader	SOURCE
com.google.gson.stream.JsonReader	nextString()	PEEKED_NUMBER	com.google.gson.stream.JsonReader	SOURCE
com.google.gson.stream.JsonReader	nextString()	buffer	com.google.gson.stream.JsonReader	SOURCE
com.google.gson.stream.JsonReader	nextString()	pos	com.google.gson.stream.JsonReader	SOURCE
com.google.gson.stream.JsonReader	nextString()	peekedNumberLength	com.google.gson.stream.JsonReader	SOURCE
com.google.gson.stream.JsonReader	nextString()	pos	com.google.gson.stream.JsonReader	SOURCE
com.google.gson.stream.JsonReader	nextString()	peekedNumberLength	com.google.gson.stream.JsonReader	SOURCE
com.google.gson.stream.JsonReader	nextString()	peeked	com.google.gson.stream.JsonReader	SOURCE
com.google.gson.stream.JsonReader	nextString()	PEEKED_NONE	com.google.gson.stream.JsonReader	SOURCE
com.google.gson.stream.JsonReader	nextString()	pathIndices	com.google.gson.stream.JsonReader	SOURCE
com.google.gson.stream.JsonReader	nextString()	stackSize	com.google.gson.stream.JsonReader	SOURCE
com.google.gson.stream.JsonReader	nextBoolean()	peeked	com.google.gson.stream.JsonReader	SOURCE
com.google.gson.stream.JsonReader	nextBoolean()	peeked	com.google.gson.stream.JsonReader	SOURCE
com.google.gson.stream.JsonReader	nextBoolean()	PEEKED_NONE	com.google.gson.stream.JsonReader	SOURCE
com.google.gson.stream.JsonReader	nextBoolean()	PEEKED_TRUE	com.google.gson.stream.JsonReader	SOURCE
com.google.gson.stream.JsonReader	nextBoolean()	peeked	com.google.gson.stream.JsonReader	SOURCE
com.google.gson.stream.JsonReader	nextBoolean()	PEEKED_NONE	com.google.gson.stream.JsonReader	SOURCE
com.google.gson.stream.JsonReader	nextBoolean()	pathIndices	com.google.gson.stream.JsonReader	SOURCE
com.google.gson.stream.JsonReader	nextBoolean()	stackSize	com.google.gson.stream.JsonReader	SOURCE
com.google.gson.stream.JsonReader	nextBoolean()	PEEKED_FALSE	com.google.gson.stream.JsonReader	SOURCE
com.google.gson.stream.JsonReader	nextBoolean()	peeked	com.google.gson.stream.JsonReader	SOURCE
com.google.gson.stream.JsonReader	nextBoolean()	PEEKED_NONE	com.google.gson.stream.JsonReader	SOURCE
com.google.gson.stream.JsonReader	nextBoolean()	pathIndices	com.google.gson.stream.JsonReader	SOURCE
com.google.gson.stream.JsonReader	nextBoolean()	stackSize	com.google.gson.stream.JsonReader	SOURCE
com.google.gson.stream.JsonReader	nextNull()	peeked	com.google.gson.stream.JsonReader	SOURCE
com.google.gson.stream.JsonReader	nextNull()	peeked	com.google.gson.stream.JsonReader	SOURCE
com.google.gson.stream.JsonReader	nextNull()	PEEKED_NONE	com.google.gson.stream.JsonReader	SOURCE
com.google.gson.stream.JsonReader	nextNull()	PEEKED_NULL	com.google.gson.stream.JsonReader	SOURCE
com.google.gson.stream.JsonReader	nextNull()	peeked	com.google.gson.stream.JsonReader	SOURCE
com.google.gson.stream.JsonReader	nextNull()	PEEKED_NONE	com.google.gson.stream.JsonReader	SOURCE
com.google.gson.stream.JsonReader	nextNull()	pathIndices	com.google.gson.stream.JsonReader	SOURCE
com.google.gson.stream.JsonReader	nextNull()	stackSize	com.google.gson.stream.JsonReader	SOURCE
com.google.gson.stream.JsonReader	nextDouble()	peeked	com.google.gson.stream.JsonReader	SOURCE
com.google.gson.stream.JsonReader	nextDouble()	peeked	com.google.gson.stream.JsonReader	SOURCE
com.google.gson.stream.JsonReader	nextDouble()	PEEKED_NONE	com.google.gson.stream.JsonReader	SOURCE
com.google.gson.stream.JsonReader	nextDouble()	PEEKED_LONG	com.google.gson.stream.JsonReader	SOURCE
com.google.gson.stream.JsonReader	nextDouble()	peeked	com.google.gson.stream.JsonReader	SOURCE
com.google.gson.stream.JsonReader	nextDouble()	PEEKED_NONE	com.google.gson.stream.JsonReader	SOURCE
com.google.gson.stream.JsonReader	nextDouble()	pathIndices	com.google.gson.stream.JsonReader	SOURCE
com.google.gson.stream.JsonReader	nextDouble()	stackSize	com.google.gson.stream.JsonReader	SOURCE
com.google.gson.stream.JsonReader	nextDouble()	peekedLong	com.google.gson.stream.JsonReader	SOURCE
com.google.gson.stream.JsonReader	nextDouble()	PEEKED_NUMBER	com.google.gson.stream.JsonReader	SOURCE
com.google.gson.stream.JsonReader	nextDouble()	peekedString	com.google.gson.stream.JsonReader	SOURCE
com.google.gson.stream.JsonReader	nextDouble()	buffer	com.google.gson.stream.JsonReader	SOURCE
com.google.gson.stream.JsonReader	nextDouble()	pos	com.google.gson.stream.JsonReader	SOURCE
com.google.gson.stream.JsonReader	nextDouble()	peekedNumberLength	com.google.gson.stream.JsonReader	SOURCE
com.google.gson.stream.JsonReader	nextDouble()	pos	com.google.gson.stream.JsonReader	SOURCE
com.google.gson.stream.JsonReader	nextDouble()	peekedNumberLength	com.google.gson.stream.JsonReader	SOURCE
com.google.gson.stream.JsonReader	nextDouble()	PEEKED_SINGLE_QUOTED	com.google.gson.stream.JsonReader	SOURCE
com.google.gson.stream.JsonReader	nextDouble()	PEEKED_DOUBLE_QUOTED	com.google.gson.stream.JsonReader	SOURCE
com.google.gson.stream.JsonReader	nextDouble()	peekedString	com.google.gson.stream.JsonReader	SOURCE
com.google.gson.stream.JsonReader	nextDouble()	PEEKED_SINGLE_QUOTED	com.google.gson.stream.JsonReader	SOURCE
com.google.gson.stream.JsonReader	nextDouble()	PEEKED_UNQUOTED	com.google.gson.stream.JsonReader	SOURCE
com.google.gson.stream.JsonReader	nextDouble()	peekedString	com.google.gson.stream.JsonReader	SOURCE
com.google.gson.stream.JsonReader	nextDouble()	PEEKED_BUFFERED	com.google.gson.stream.JsonReader	SOURCE
com.google.gson.stream.JsonReader	nextDouble()	peeked	com.google.gson.stream.JsonReader	SOURCE
com.google.gson.stream.JsonReader	nextDouble()	PEEKED_BUFFERED	com.google.gson.stream.JsonReader	SOURCE
com.google.gson.stream.JsonReader	nextDouble()	peekedString	com.google.gson.stream.JsonReader	SOURCE
com.google.gson.stream.JsonReader	nextDouble()	lenient	com.google.gson.stream.JsonReader	SOURCE
com.google.gson.stream.JsonReader	nextDouble()	peekedString	com.google.gson.stream.JsonReader	SOURCE
com.google.gson.stream.JsonReader	nextDouble()	peeked	com.google.gson.stream.JsonReader	SOURCE
com.google.gson.stream.JsonReader	nextDouble()	PEEKED_NONE	com.google.gson.stream.JsonReader	SOURCE
com.google.gson.stream.JsonReader	nextDouble()	pathIndices	com.google.gson.stream.JsonReader	SOURCE
com.google.gson.stream.JsonReader	nextDouble()	stackSize	com.google.gson.stream.JsonReader	SOURCE
com.google.gson.stream.JsonReader	nextLong()	peeked	com.google.gson.stream.JsonReader	SOURCE
com.google.gson.stream.JsonReader	nextLong()	peeked	com.google.gson.stream.JsonReader	SOURCE
com.google.gson.stream.JsonReader	nextLong()	PEEKED_NONE	com.google.gson.stream.JsonReader	SOURCE
com.google.gson.stream.JsonReader	nextLong()	PEEKED_LONG	com.google.gson.stream.JsonReader	SOURCE
com.google.gson.stream.JsonReader	nextLong()	peeked	com.google.gson.stream.JsonReader	SOURCE
com.google.gson.stream.JsonReader	nextLong()	PEEKED_NONE	com.google.gson.stream.JsonReader	SOURCE
com.google.gson.stream.JsonReader	nextLong()	pathIndices	com.google.gson.stream.JsonReader	SOURCE
com.google.gson.stream.JsonReader	nextLong()	stackSize	com.google.gson.stream.JsonReader	SOURCE
com.google.gson.stream.JsonReader	nextLong()	peekedLong	com.google.gson.stream.JsonReader	SOURCE
com.google.gson.stream.JsonReader	nextLong()	PEEKED_NUMBER	com.google.gson.stream.JsonReader	SOURCE
com.google.gson.stream.JsonReader	nextLong()	peekedString	com.google.gson.stream.JsonReader	SOURCE
com.google.gson.stream.JsonReader	nextLong()	buffer	com.google.gson.stream.JsonReader	SOURCE
com.google.gson.stream.JsonReader	nextLong()	pos	com.google.gson.stream.JsonReader	SOURCE
com.google.gson.stream.JsonReader	nextLong()	peekedNumberLength	com.google.gson.stream.JsonReader	SOURCE
com.google.gson.stream.JsonReader	nextLong()	pos	com.google.gson.stream.JsonReader	SOURCE
com.google.gson.stream.JsonReader	nextLong()	peekedNumberLength	com.google.gson.stream.JsonReader	SOURCE
com.google.gson.stream.JsonReader	nextLong()	PEEKED_SINGLE_QUOTED	com.google.gson.stream.JsonReader	SOURCE
com.google.gson.stream.JsonReader	nextLong()	PEEKED_DOUBLE_QUOTED	com.google.gson.stream.JsonReader	SOURCE
com.google.gson.stream.JsonReader	nextLong()	PEEKED_UNQUOTED	com.google.gson.stream.JsonReader	SOURCE
com.google.gson.stream.JsonReader	nextLong()	PEEKED_UNQUOTED	com.google.gson.stream.JsonReader	SOURCE
com.google.gson.stream.JsonReader	nextLong()	peekedString	com.google.gson.stream.JsonReader	SOURCE
com.google.gson.stream.JsonReader	nextLong()	peekedString	com.google.gson.stream.JsonReader	SOURCE
com.google.gson.stream.JsonReader	nextLong()	PEEKED_SINGLE_QUOTED	com.google.gson.stream.JsonReader	SOURCE
com.google.gson.stream.JsonReader	nextLong()	peekedString	com.google.gson.stream.JsonReader	SOURCE
com.google.gson.stream.JsonReader	nextLong()	peeked	com.google.gson.stream.JsonReader	SOURCE
com.google.gson.stream.JsonReader	nextLong()	PEEKED_NONE	com.google.gson.stream.JsonReader	SOURCE
com.google.gson.stream.JsonReader	nextLong()	pathIndices	com.google.gson.stream.JsonReader	SOURCE
com.google.gson.stream.JsonReader	nextLong()	stackSize	com.google.gson.stream.JsonReader	SOURCE
com.google.gson.stream.JsonReader	nextLong()	peeked	com.google.gson.stream.JsonReader	SOURCE
com.google.gson.stream.JsonReader	nextLong()	PEEKED_BUFFERED	com.google.gson.stream.JsonReader	SOURCE
com.google.gson.stream.JsonReader	nextLong()	peekedString	com.google.gson.stream.JsonReader	SOURCE
com.google.gson.stream.JsonReader	nextLong()	peekedString	com.google.gson.stream.JsonReader	SOURCE
com.google.gson.stream.JsonReader	nextLong()	peekedString	com.google.gson.stream.JsonReader	SOURCE
com.google.gson.stream.JsonReader	nextLong()	peeked	com.google.gson.stream.JsonReader	SOURCE
com.google.gson.stream.JsonReader	nextLong()	PEEKED_NONE	com.google.gson.stream.JsonReader	SOURCE
com.google.gson.stream.JsonReader	nextLong()	pathIndices	com.google.gson.stream.JsonReader	SOURCE
com.google.gson.stream.JsonReader	nextLong()	stackSize	com.google.gson.stream.JsonReader	SOURCE
com.google.gson.stream.JsonReader	nextQuotedValue(char)	buffer	com.google.gson.stream.JsonReader	SOURCE
com.google.gson.stream.JsonReader	nextQuotedValue(char)	buffer	com.google.gson.stream.JsonReader	SOURCE
com.google.gson.stream.JsonReader	nextQuotedValue(char)	this	com.google.gson.stream.JsonReader	SOURCE
com.google.gson.stream.JsonReader	nextQuotedValue(char)	pos	com.google.gson.stream.JsonReader	SOURCE
com.google.gson.stream.JsonReader	nextQuotedValue(char)	pos	com.google.gson.stream.JsonReader	SOURCE
com.google.gson.stream.JsonReader	nextQuotedValue(char)	limit	com.google.gson.stream.JsonReader	SOURCE
com.google.gson.stream.JsonReader	nextQuotedValue(char)	limit	com.google.gson.stream.JsonReader	SOURCE
com.google.gson.stream.JsonReader	nextQuotedValue(char)	pos	com.google.gson.stream.JsonReader	SOURCE
com.google.gson.stream.JsonReader	nextQuotedValue(char)	pos	com.google.gson.stream.JsonReader	SOURCE
com.google.gson.stream.JsonReader	nextQuotedValue(char)	pos	com.google.gson.stream.JsonReader	SOURCE
com.google.gson.stream.JsonReader	nextQuotedValue(char)	limit	com.google.gson.stream.JsonReader	SOURCE
com.google.gson.stream.JsonReader	nextQuotedValue(char)	lineNumber	com.google.gson.stream.JsonReader	SOURCE
com.google.gson.stream.JsonReader	nextQuotedValue(char)	lineStart	com.google.gson.stream.JsonReader	SOURCE
com.google.gson.stream.JsonReader	nextQuotedValue(char)	pos	com.google.gson.stream.JsonReader	SOURCE
com.google.gson.stream.JsonReader	nextUnquotedValue()	pos	com.google.gson.stream.JsonReader	SOURCE
com.google.gson.stream.JsonReader	nextUnquotedValue()	limit	com.google.gson.stream.JsonReader	SOURCE
com.google.gson.stream.JsonReader	nextUnquotedValue()	buffer	com.google.gson.stream.JsonReader	SOURCE
com.google.gson.stream.JsonReader	nextUnquotedValue()	pos	com.google.gson.stream.JsonReader	SOURCE
com.google.gson.stream.JsonReader	nextUnquotedValue()	length	Array	SOURCE
com.google.gson.stream.JsonReader	nextUnquotedValue()	buffer	com.google.gson.stream.JsonReader	SOURCE
com.google.gson.stream.JsonReader	nextUnquotedValue()	buffer	com.google.gson.stream.JsonReader	SOURCE
com.google.gson.stream.JsonReader	nextUnquotedValue()	pos	com.google.gson.stream.JsonReader	SOURCE
com.google.gson.stream.JsonReader	nextUnquotedValue()	pos	com.google.gson.stream.JsonReader	SOURCE
com.google.gson.stream.JsonReader	nextUnquotedValue()	buffer	com.google.gson.stream.JsonReader	SOURCE
com.google.gson.stream.JsonReader	nextUnquotedValue()	pos	com.google.gson.stream.JsonReader	SOURCE
com.google.gson.stream.JsonReader	nextUnquotedValue()	buffer	com.google.gson.stream.JsonReader	SOURCE
com.google.gson.stream.JsonReader	nextUnquotedValue()	pos	com.google.gson.stream.JsonReader	SOURCE
com.google.gson.stream.JsonReader	nextUnquotedValue()	pos	com.google.gson.stream.JsonReader	SOURCE
com.google.gson.stream.JsonReader	skipQuotedValue(char)	buffer	com.google.gson.stream.JsonReader	SOURCE
com.google.gson.stream.JsonReader	skipQuotedValue(char)	buffer	com.google.gson.stream.JsonReader	SOURCE
com.google.gson.stream.JsonReader	skipQuotedValue(char)	this	com.google.gson.stream.JsonReader	SOURCE
com.google.gson.stream.JsonReader	skipQuotedValue(char)	pos	com.google.gson.stream.JsonReader	SOURCE
com.google.gson.stream.JsonReader	skipQuotedValue(char)	pos	com.google.gson.stream.JsonReader	SOURCE
com.google.gson.stream.JsonReader	skipQuotedValue(char)	limit	com.google.gson.stream.JsonReader	SOURCE
com.google.gson.stream.JsonReader	skipQuotedValue(char)	limit	com.google.gson.stream.JsonReader	SOURCE
com.google.gson.stream.JsonReader	skipQuotedValue(char)	pos	com.google.gson.stream.JsonReader	SOURCE
com.google.gson.stream.JsonReader	skipQuotedValue(char)	pos	com.google.gson.stream.JsonReader	SOURCE
com.google.gson.stream.JsonReader	skipQuotedValue(char)	pos	com.google.gson.stream.JsonReader	SOURCE
com.google.gson.stream.JsonReader	skipQuotedValue(char)	limit	com.google.gson.stream.JsonReader	SOURCE
com.google.gson.stream.JsonReader	skipQuotedValue(char)	lineNumber	com.google.gson.stream.JsonReader	SOURCE
com.google.gson.stream.JsonReader	skipQuotedValue(char)	lineStart	com.google.gson.stream.JsonReader	SOURCE
com.google.gson.stream.JsonReader	skipQuotedValue(char)	pos	com.google.gson.stream.JsonReader	SOURCE
com.google.gson.stream.JsonReader	skipUnquotedValue()	pos	com.google.gson.stream.JsonReader	SOURCE
com.google.gson.stream.JsonReader	skipUnquotedValue()	limit	com.google.gson.stream.JsonReader	SOURCE
com.google.gson.stream.JsonReader	skipUnquotedValue()	buffer	com.google.gson.stream.JsonReader	SOURCE
com.google.gson.stream.JsonReader	skipUnquotedValue()	pos	com.google.gson.stream.JsonReader	SOURCE
com.google.gson.stream.JsonReader	skipUnquotedValue()	pos	com.google.gson.stream.JsonReader	SOURCE
com.google.gson.stream.JsonReader	skipUnquotedValue()	pos	com.google.gson.stream.JsonReader	SOURCE
com.google.gson.stream.JsonReader	nextInt()	peeked	com.google.gson.stream.JsonReader	SOURCE
com.google.gson.stream.JsonReader	nextInt()	peeked	com.google.gson.stream.JsonReader	SOURCE
com.google.gson.stream.JsonReader	nextInt()	PEEKED_NONE	com.google.gson.stream.JsonReader	SOURCE
com.google.gson.stream.JsonReader	nextInt()	PEEKED_LONG	com.google.gson.stream.JsonReader	SOURCE
com.google.gson.stream.JsonReader	nextInt()	peekedLong	com.google.gson.stream.JsonReader	SOURCE
com.google.gson.stream.JsonReader	nextInt()	peekedLong	com.google.gson.stream.JsonReader	SOURCE
com.google.gson.stream.JsonReader	nextInt()	peekedLong	com.google.gson.stream.JsonReader	SOURCE
com.google.gson.stream.JsonReader	nextInt()	peeked	com.google.gson.stream.JsonReader	SOURCE
com.google.gson.stream.JsonReader	nextInt()	PEEKED_NONE	com.google.gson.stream.JsonReader	SOURCE
com.google.gson.stream.JsonReader	nextInt()	pathIndices	com.google.gson.stream.JsonReader	SOURCE
com.google.gson.stream.JsonReader	nextInt()	stackSize	com.google.gson.stream.JsonReader	SOURCE
com.google.gson.stream.JsonReader	nextInt()	PEEKED_NUMBER	com.google.gson.stream.JsonReader	SOURCE
com.google.gson.stream.JsonReader	nextInt()	peekedString	com.google.gson.stream.JsonReader	SOURCE
com.google.gson.stream.JsonReader	nextInt()	buffer	com.google.gson.stream.JsonReader	SOURCE
com.google.gson.stream.JsonReader	nextInt()	pos	com.google.gson.stream.JsonReader	SOURCE
com.google.gson.stream.JsonReader	nextInt()	peekedNumberLength	com.google.gson.stream.JsonReader	SOURCE
com.google.gson.stream.JsonReader	nextInt()	pos	com.google.gson.stream.JsonReader	SOURCE
com.google.gson.stream.JsonReader	nextInt()	peekedNumberLength	com.google.gson.stream.JsonReader	SOURCE
com.google.gson.stream.JsonReader	nextInt()	PEEKED_SINGLE_QUOTED	com.google.gson.stream.JsonReader	SOURCE
com.google.gson.stream.JsonReader	nextInt()	PEEKED_DOUBLE_QUOTED	com.google.gson.stream.JsonReader	SOURCE
com.google.gson.stream.JsonReader	nextInt()	PEEKED_UNQUOTED	com.google.gson.stream.JsonReader	SOURCE
com.google.gson.stream.JsonReader	nextInt()	PEEKED_UNQUOTED	com.google.gson.stream.JsonReader	SOURCE
com.google.gson.stream.JsonReader	nextInt()	peekedString	com.google.gson.stream.JsonReader	SOURCE
com.google.gson.stream.JsonReader	nextInt()	peekedString	com.google.gson.stream.JsonReader	SOURCE
com.google.gson.stream.JsonReader	nextInt()	PEEKED_SINGLE_QUOTED	com.google.gson.stream.JsonReader	SOURCE
com.google.gson.stream.JsonReader	nextInt()	peekedString	com.google.gson.stream.JsonReader	SOURCE
com.google.gson.stream.JsonReader	nextInt()	peeked	com.google.gson.stream.JsonReader	SOURCE
com.google.gson.stream.JsonReader	nextInt()	PEEKED_NONE	com.google.gson.stream.JsonReader	SOURCE
com.google.gson.stream.JsonReader	nextInt()	pathIndices	com.google.gson.stream.JsonReader	SOURCE
com.google.gson.stream.JsonReader	nextInt()	stackSize	com.google.gson.stream.JsonReader	SOURCE
com.google.gson.stream.JsonReader	nextInt()	peeked	com.google.gson.stream.JsonReader	SOURCE
com.google.gson.stream.JsonReader	nextInt()	PEEKED_BUFFERED	com.google.gson.stream.JsonReader	SOURCE
com.google.gson.stream.JsonReader	nextInt()	peekedString	com.google.gson.stream.JsonReader	SOURCE
com.google.gson.stream.JsonReader	nextInt()	peekedString	com.google.gson.stream.JsonReader	SOURCE
com.google.gson.stream.JsonReader	nextInt()	peekedString	com.google.gson.stream.JsonReader	SOURCE
com.google.gson.stream.JsonReader	nextInt()	peeked	com.google.gson.stream.JsonReader	SOURCE
com.google.gson.stream.JsonReader	nextInt()	PEEKED_NONE	com.google.gson.stream.JsonReader	SOURCE
com.google.gson.stream.JsonReader	nextInt()	pathIndices	com.google.gson.stream.JsonReader	SOURCE
com.google.gson.stream.JsonReader	nextInt()	stackSize	com.google.gson.stream.JsonReader	SOURCE
com.google.gson.stream.JsonReader	close()	peeked	com.google.gson.stream.JsonReader	SOURCE
com.google.gson.stream.JsonReader	close()	PEEKED_NONE	com.google.gson.stream.JsonReader	SOURCE
com.google.gson.stream.JsonReader	close()	stack	com.google.gson.stream.JsonReader	SOURCE
com.google.gson.stream.JsonReader	close()	CLOSED	com.google.gson.stream.JsonScope	SOURCE
com.google.gson.stream.JsonReader	close()	stackSize	com.google.gson.stream.JsonReader	SOURCE
com.google.gson.stream.JsonReader	close()	in	com.google.gson.stream.JsonReader	SOURCE
com.google.gson.stream.JsonReader	skipValue()	peeked	com.google.gson.stream.JsonReader	SOURCE
com.google.gson.stream.JsonReader	skipValue()	peeked	com.google.gson.stream.JsonReader	SOURCE
com.google.gson.stream.JsonReader	skipValue()	PEEKED_NONE	com.google.gson.stream.JsonReader	SOURCE
com.google.gson.stream.JsonReader	skipValue()	PEEKED_BEGIN_ARRAY	com.google.gson.stream.JsonReader	SOURCE
com.google.gson.stream.JsonReader	skipValue()	EMPTY_ARRAY	com.google.gson.stream.JsonScope	SOURCE
com.google.gson.stream.JsonReader	skipValue()	PEEKED_BEGIN_OBJECT	com.google.gson.stream.JsonReader	SOURCE
com.google.gson.stream.JsonReader	skipValue()	EMPTY_OBJECT	com.google.gson.stream.JsonScope	SOURCE
com.google.gson.stream.JsonReader	skipValue()	PEEKED_END_ARRAY	com.google.gson.stream.JsonReader	SOURCE
com.google.gson.stream.JsonReader	skipValue()	stackSize	com.google.gson.stream.JsonReader	SOURCE
com.google.gson.stream.JsonReader	skipValue()	PEEKED_END_OBJECT	com.google.gson.stream.JsonReader	SOURCE
com.google.gson.stream.JsonReader	skipValue()	stackSize	com.google.gson.stream.JsonReader	SOURCE
com.google.gson.stream.JsonReader	skipValue()	PEEKED_UNQUOTED_NAME	com.google.gson.stream.JsonReader	SOURCE
com.google.gson.stream.JsonReader	skipValue()	PEEKED_UNQUOTED	com.google.gson.stream.JsonReader	SOURCE
com.google.gson.stream.JsonReader	skipValue()	PEEKED_SINGLE_QUOTED	com.google.gson.stream.JsonReader	SOURCE
com.google.gson.stream.JsonReader	skipValue()	PEEKED_SINGLE_QUOTED_NAME	com.google.gson.stream.JsonReader	SOURCE
com.google.gson.stream.JsonReader	skipValue()	PEEKED_DOUBLE_QUOTED	com.google.gson.stream.JsonReader	SOURCE
com.google.gson.stream.JsonReader	skipValue()	PEEKED_DOUBLE_QUOTED_NAME	com.google.gson.stream.JsonReader	SOURCE
com.google.gson.stream.JsonReader	skipValue()	PEEKED_NUMBER	com.google.gson.stream.JsonReader	SOURCE
com.google.gson.stream.JsonReader	skipValue()	pos	com.google.gson.stream.JsonReader	SOURCE
com.google.gson.stream.JsonReader	skipValue()	peekedNumberLength	com.google.gson.stream.JsonReader	SOURCE
com.google.gson.stream.JsonReader	skipValue()	peeked	com.google.gson.stream.JsonReader	SOURCE
com.google.gson.stream.JsonReader	skipValue()	PEEKED_NONE	com.google.gson.stream.JsonReader	SOURCE
com.google.gson.stream.JsonReader	skipValue()	pathIndices	com.google.gson.stream.JsonReader	SOURCE
com.google.gson.stream.JsonReader	skipValue()	stackSize	com.google.gson.stream.JsonReader	SOURCE
com.google.gson.stream.JsonReader	skipValue()	pathNames	com.google.gson.stream.JsonReader	SOURCE
com.google.gson.stream.JsonReader	skipValue()	stackSize	com.google.gson.stream.JsonReader	SOURCE
com.google.gson.stream.JsonReader	push(int)	stackSize	com.google.gson.stream.JsonReader	SOURCE
com.google.gson.stream.JsonReader	push(int)	length	Array	SOURCE
com.google.gson.stream.JsonReader	push(int)	stack	com.google.gson.stream.JsonReader	SOURCE
com.google.gson.stream.JsonReader	push(int)	stackSize	com.google.gson.stream.JsonReader	SOURCE
com.google.gson.stream.JsonReader	push(int)	stack	com.google.gson.stream.JsonReader	SOURCE
com.google.gson.stream.JsonReader	push(int)	stack	com.google.gson.stream.JsonReader	SOURCE
com.google.gson.stream.JsonReader	push(int)	pathIndices	com.google.gson.stream.JsonReader	SOURCE
com.google.gson.stream.JsonReader	push(int)	pathIndices	com.google.gson.stream.JsonReader	SOURCE
com.google.gson.stream.JsonReader	push(int)	pathNames	com.google.gson.stream.JsonReader	SOURCE
com.google.gson.stream.JsonReader	push(int)	pathNames	com.google.gson.stream.JsonReader	SOURCE
com.google.gson.stream.JsonReader	push(int)	stack	com.google.gson.stream.JsonReader	SOURCE
com.google.gson.stream.JsonReader	push(int)	stackSize	com.google.gson.stream.JsonReader	SOURCE
com.google.gson.stream.JsonReader	fillBuffer(int)	buffer	com.google.gson.stream.JsonReader	SOURCE
com.google.gson.stream.JsonReader	fillBuffer(int)	buffer	com.google.gson.stream.JsonReader	SOURCE
com.google.gson.stream.JsonReader	fillBuffer(int)	this	com.google.gson.stream.JsonReader	SOURCE
com.google.gson.stream.JsonReader	fillBuffer(int)	lineStart	com.google.gson.stream.JsonReader	SOURCE
com.google.gson.stream.JsonReader	fillBuffer(int)	pos	com.google.gson.stream.JsonReader	SOURCE
com.google.gson.stream.JsonReader	fillBuffer(int)	limit	com.google.gson.stream.JsonReader	SOURCE
com.google.gson.stream.JsonReader	fillBuffer(int)	pos	com.google.gson.stream.JsonReader	SOURCE
com.google.gson.stream.JsonReader	fillBuffer(int)	limit	com.google.gson.stream.JsonReader	SOURCE
com.google.gson.stream.JsonReader	fillBuffer(int)	pos	com.google.gson.stream.JsonReader	SOURCE
com.google.gson.stream.JsonReader	fillBuffer(int)	pos	com.google.gson.stream.JsonReader	SOURCE
com.google.gson.stream.JsonReader	fillBuffer(int)	limit	com.google.gson.stream.JsonReader	SOURCE
com.google.gson.stream.JsonReader	fillBuffer(int)	limit	com.google.gson.stream.JsonReader	SOURCE
com.google.gson.stream.JsonReader	fillBuffer(int)	pos	com.google.gson.stream.JsonReader	SOURCE
com.google.gson.stream.JsonReader	fillBuffer(int)	in	com.google.gson.stream.JsonReader	SOURCE
com.google.gson.stream.JsonReader	fillBuffer(int)	limit	com.google.gson.stream.JsonReader	SOURCE
com.google.gson.stream.JsonReader	fillBuffer(int)	length	Array	SOURCE
com.google.gson.stream.JsonReader	fillBuffer(int)	limit	com.google.gson.stream.JsonReader	SOURCE
com.google.gson.stream.JsonReader	fillBuffer(int)	limit	com.google.gson.stream.JsonReader	SOURCE
com.google.gson.stream.JsonReader	fillBuffer(int)	lineNumber	com.google.gson.stream.JsonReader	SOURCE
com.google.gson.stream.JsonReader	fillBuffer(int)	lineStart	com.google.gson.stream.JsonReader	SOURCE
com.google.gson.stream.JsonReader	fillBuffer(int)	limit	com.google.gson.stream.JsonReader	SOURCE
com.google.gson.stream.JsonReader	fillBuffer(int)	pos	com.google.gson.stream.JsonReader	SOURCE
com.google.gson.stream.JsonReader	fillBuffer(int)	lineStart	com.google.gson.stream.JsonReader	SOURCE
com.google.gson.stream.JsonReader	fillBuffer(int)	limit	com.google.gson.stream.JsonReader	SOURCE
com.google.gson.stream.JsonReader	nextNonWhitespace(boolean)	buffer	com.google.gson.stream.JsonReader	SOURCE
com.google.gson.stream.JsonReader	nextNonWhitespace(boolean)	buffer	com.google.gson.stream.JsonReader	SOURCE
com.google.gson.stream.JsonReader	nextNonWhitespace(boolean)	this	com.google.gson.stream.JsonReader	SOURCE
com.google.gson.stream.JsonReader	nextNonWhitespace(boolean)	pos	com.google.gson.stream.JsonReader	SOURCE
com.google.gson.stream.JsonReader	nextNonWhitespace(boolean)	pos	com.google.gson.stream.JsonReader	SOURCE
com.google.gson.stream.JsonReader	nextNonWhitespace(boolean)	limit	com.google.gson.stream.JsonReader	SOURCE
com.google.gson.stream.JsonReader	nextNonWhitespace(boolean)	limit	com.google.gson.stream.JsonReader	SOURCE
com.google.gson.stream.JsonReader	nextNonWhitespace(boolean)	pos	com.google.gson.stream.JsonReader	SOURCE
com.google.gson.stream.JsonReader	nextNonWhitespace(boolean)	pos	com.google.gson.stream.JsonReader	SOURCE
com.google.gson.stream.JsonReader	nextNonWhitespace(boolean)	limit	com.google.gson.stream.JsonReader	SOURCE
com.google.gson.stream.JsonReader	nextNonWhitespace(boolean)	lineNumber	com.google.gson.stream.JsonReader	SOURCE
com.google.gson.stream.JsonReader	nextNonWhitespace(boolean)	lineStart	com.google.gson.stream.JsonReader	SOURCE
com.google.gson.stream.JsonReader	nextNonWhitespace(boolean)	pos	com.google.gson.stream.JsonReader	SOURCE
com.google.gson.stream.JsonReader	nextNonWhitespace(boolean)	pos	com.google.gson.stream.JsonReader	SOURCE
com.google.gson.stream.JsonReader	nextNonWhitespace(boolean)	pos	com.google.gson.stream.JsonReader	SOURCE
com.google.gson.stream.JsonReader	nextNonWhitespace(boolean)	pos	com.google.gson.stream.JsonReader	SOURCE
com.google.gson.stream.JsonReader	nextNonWhitespace(boolean)	pos	com.google.gson.stream.JsonReader	SOURCE
com.google.gson.stream.JsonReader	nextNonWhitespace(boolean)	pos	com.google.gson.stream.JsonReader	SOURCE
com.google.gson.stream.JsonReader	nextNonWhitespace(boolean)	limit	com.google.gson.stream.JsonReader	SOURCE
com.google.gson.stream.JsonReader	nextNonWhitespace(boolean)	pos	com.google.gson.stream.JsonReader	SOURCE
com.google.gson.stream.JsonReader	nextNonWhitespace(boolean)	pos	com.google.gson.stream.JsonReader	SOURCE
com.google.gson.stream.JsonReader	nextNonWhitespace(boolean)	limit	com.google.gson.stream.JsonReader	SOURCE
com.google.gson.stream.JsonReader	nextNonWhitespace(boolean)	pos	com.google.gson.stream.JsonReader	SOURCE
com.google.gson.stream.JsonReader	nextNonWhitespace(boolean)	pos	com.google.gson.stream.JsonReader	SOURCE
com.google.gson.stream.JsonReader	nextNonWhitespace(boolean)	limit	com.google.gson.stream.JsonReader	SOURCE
com.google.gson.stream.JsonReader	nextNonWhitespace(boolean)	pos	com.google.gson.stream.JsonReader	SOURCE
com.google.gson.stream.JsonReader	checkLenient()	lenient	com.google.gson.stream.JsonReader	SOURCE
com.google.gson.stream.JsonReader	skipToEndOfLine()	pos	com.google.gson.stream.JsonReader	SOURCE
com.google.gson.stream.JsonReader	skipToEndOfLine()	limit	com.google.gson.stream.JsonReader	SOURCE
com.google.gson.stream.JsonReader	skipToEndOfLine()	buffer	com.google.gson.stream.JsonReader	SOURCE
com.google.gson.stream.JsonReader	skipToEndOfLine()	pos	com.google.gson.stream.JsonReader	SOURCE
com.google.gson.stream.JsonReader	skipToEndOfLine()	lineNumber	com.google.gson.stream.JsonReader	SOURCE
com.google.gson.stream.JsonReader	skipToEndOfLine()	lineStart	com.google.gson.stream.JsonReader	SOURCE
com.google.gson.stream.JsonReader	skipToEndOfLine()	pos	com.google.gson.stream.JsonReader	SOURCE
com.google.gson.stream.JsonReader	skipTo(java.lang.String)	pos	com.google.gson.stream.JsonReader	SOURCE
com.google.gson.stream.JsonReader	skipTo(java.lang.String)	limit	com.google.gson.stream.JsonReader	SOURCE
com.google.gson.stream.JsonReader	skipTo(java.lang.String)	pos	com.google.gson.stream.JsonReader	SOURCE
com.google.gson.stream.JsonReader	skipTo(java.lang.String)	buffer	com.google.gson.stream.JsonReader	SOURCE
com.google.gson.stream.JsonReader	skipTo(java.lang.String)	pos	com.google.gson.stream.JsonReader	SOURCE
com.google.gson.stream.JsonReader	skipTo(java.lang.String)	lineNumber	com.google.gson.stream.JsonReader	SOURCE
com.google.gson.stream.JsonReader	skipTo(java.lang.String)	lineStart	com.google.gson.stream.JsonReader	SOURCE
com.google.gson.stream.JsonReader	skipTo(java.lang.String)	pos	com.google.gson.stream.JsonReader	SOURCE
com.google.gson.stream.JsonReader	skipTo(java.lang.String)	buffer	com.google.gson.stream.JsonReader	SOURCE
com.google.gson.stream.JsonReader	skipTo(java.lang.String)	pos	com.google.gson.stream.JsonReader	SOURCE
com.google.gson.stream.JsonReader	locationString()	lineNumber	com.google.gson.stream.JsonReader	SOURCE
com.google.gson.stream.JsonReader	locationString()	pos	com.google.gson.stream.JsonReader	SOURCE
com.google.gson.stream.JsonReader	locationString()	lineStart	com.google.gson.stream.JsonReader	SOURCE
com.google.gson.stream.JsonReader	getPath()	stackSize	com.google.gson.stream.JsonReader	SOURCE
com.google.gson.stream.JsonReader	getPath()	stackSize	com.google.gson.stream.JsonReader	SOURCE
com.google.gson.stream.JsonReader	getPath()	stack	com.google.gson.stream.JsonReader	SOURCE
com.google.gson.stream.JsonReader	getPath()	EMPTY_ARRAY	com.google.gson.stream.JsonScope	SOURCE
com.google.gson.stream.JsonReader	getPath()	NONEMPTY_ARRAY	com.google.gson.stream.JsonScope	SOURCE
com.google.gson.stream.JsonReader	getPath()	pathIndices	com.google.gson.stream.JsonReader	SOURCE
com.google.gson.stream.JsonReader	getPath()	EMPTY_OBJECT	com.google.gson.stream.JsonScope	SOURCE
com.google.gson.stream.JsonReader	getPath()	DANGLING_NAME	com.google.gson.stream.JsonScope	SOURCE
com.google.gson.stream.JsonReader	getPath()	NONEMPTY_OBJECT	com.google.gson.stream.JsonScope	SOURCE
com.google.gson.stream.JsonReader	getPath()	pathNames	com.google.gson.stream.JsonReader	SOURCE
com.google.gson.stream.JsonReader	getPath()	pathNames	com.google.gson.stream.JsonReader	SOURCE
com.google.gson.stream.JsonReader	getPath()	NONEMPTY_DOCUMENT	com.google.gson.stream.JsonScope	SOURCE
com.google.gson.stream.JsonReader	getPath()	EMPTY_DOCUMENT	com.google.gson.stream.JsonScope	SOURCE
com.google.gson.stream.JsonReader	getPath()	CLOSED	com.google.gson.stream.JsonScope	SOURCE
com.google.gson.stream.JsonReader	readEscapeCharacter()	pos	com.google.gson.stream.JsonReader	SOURCE
com.google.gson.stream.JsonReader	readEscapeCharacter()	limit	com.google.gson.stream.JsonReader	SOURCE
com.google.gson.stream.JsonReader	readEscapeCharacter()	buffer	com.google.gson.stream.JsonReader	SOURCE
com.google.gson.stream.JsonReader	readEscapeCharacter()	pos	com.google.gson.stream.JsonReader	SOURCE
com.google.gson.stream.JsonReader	readEscapeCharacter()	pos	com.google.gson.stream.JsonReader	SOURCE
com.google.gson.stream.JsonReader	readEscapeCharacter()	limit	com.google.gson.stream.JsonReader	SOURCE
com.google.gson.stream.JsonReader	readEscapeCharacter()	pos	com.google.gson.stream.JsonReader	SOURCE
com.google.gson.stream.JsonReader	readEscapeCharacter()	pos	com.google.gson.stream.JsonReader	SOURCE
com.google.gson.stream.JsonReader	readEscapeCharacter()	buffer	com.google.gson.stream.JsonReader	SOURCE
com.google.gson.stream.JsonReader	readEscapeCharacter()	buffer	com.google.gson.stream.JsonReader	SOURCE
com.google.gson.stream.JsonReader	readEscapeCharacter()	pos	com.google.gson.stream.JsonReader	SOURCE
com.google.gson.stream.JsonReader	readEscapeCharacter()	pos	com.google.gson.stream.JsonReader	SOURCE
com.google.gson.stream.JsonReader	readEscapeCharacter()	lineNumber	com.google.gson.stream.JsonReader	SOURCE
com.google.gson.stream.JsonReader	readEscapeCharacter()	lineStart	com.google.gson.stream.JsonReader	SOURCE
com.google.gson.stream.JsonReader	readEscapeCharacter()	pos	com.google.gson.stream.JsonReader	SOURCE
com.google.gson.stream.JsonReader	consumeNonExecutePrefix()	pos	com.google.gson.stream.JsonReader	SOURCE
com.google.gson.stream.JsonReader	consumeNonExecutePrefix()	pos	com.google.gson.stream.JsonReader	SOURCE
com.google.gson.stream.JsonReader	consumeNonExecutePrefix()	pos	com.google.gson.stream.JsonReader	SOURCE
com.google.gson.stream.JsonReader	consumeNonExecutePrefix()	limit	com.google.gson.stream.JsonReader	SOURCE
com.google.gson.stream.JsonReader	consumeNonExecutePrefix()	buffer	com.google.gson.stream.JsonReader	SOURCE
com.google.gson.stream.JsonReader	consumeNonExecutePrefix()	buffer	com.google.gson.stream.JsonReader	SOURCE
com.google.gson.stream.JsonReader	consumeNonExecutePrefix()	pos	com.google.gson.stream.JsonReader	SOURCE
com.google.gson.stream.JsonReader	null	INSTANCE	com.google.gson.internal.JsonReaderInternalAccess	SOURCE
com.google.gson.stream.JsonReader$1	promoteNameToValue(com.google.gson.stream.JsonReader)	peeked	com.google.gson.stream.JsonReader	SOURCE
com.google.gson.stream.JsonReader$1	promoteNameToValue(com.google.gson.stream.JsonReader)	peeked	com.google.gson.stream.JsonReader	SOURCE
com.google.gson.stream.JsonReader$1	promoteNameToValue(com.google.gson.stream.JsonReader)	PEEKED_NONE	com.google.gson.stream.JsonReader	SOURCE
com.google.gson.stream.JsonReader$1	promoteNameToValue(com.google.gson.stream.JsonReader)	PEEKED_DOUBLE_QUOTED_NAME	com.google.gson.stream.JsonReader	SOURCE
com.google.gson.stream.JsonReader$1	promoteNameToValue(com.google.gson.stream.JsonReader)	peeked	com.google.gson.stream.JsonReader	SOURCE
com.google.gson.stream.JsonReader$1	promoteNameToValue(com.google.gson.stream.JsonReader)	PEEKED_DOUBLE_QUOTED	com.google.gson.stream.JsonReader	SOURCE
com.google.gson.stream.JsonReader$1	promoteNameToValue(com.google.gson.stream.JsonReader)	PEEKED_SINGLE_QUOTED_NAME	com.google.gson.stream.JsonReader	SOURCE
com.google.gson.stream.JsonReader$1	promoteNameToValue(com.google.gson.stream.JsonReader)	peeked	com.google.gson.stream.JsonReader	SOURCE
com.google.gson.stream.JsonReader$1	promoteNameToValue(com.google.gson.stream.JsonReader)	PEEKED_SINGLE_QUOTED	com.google.gson.stream.JsonReader	SOURCE
com.google.gson.stream.JsonReader$1	promoteNameToValue(com.google.gson.stream.JsonReader)	PEEKED_UNQUOTED_NAME	com.google.gson.stream.JsonReader	SOURCE
com.google.gson.stream.JsonReader$1	promoteNameToValue(com.google.gson.stream.JsonReader)	peeked	com.google.gson.stream.JsonReader	SOURCE
com.google.gson.stream.JsonReader$1	promoteNameToValue(com.google.gson.stream.JsonReader)	PEEKED_UNQUOTED	com.google.gson.stream.JsonReader	SOURCE
com.google.gson.GsonBuilder	excluder	DEFAULT	com.google.gson.internal.Excluder	SOURCE
com.google.gson.GsonBuilder	excluder	DEFAULT	com.google.gson.internal.Excluder	SOURCE
com.google.gson.GsonBuilder	serializeNulls	DEFAULT_SERIALIZE_NULLS	com.google.gson.Gson	SOURCE
com.google.gson.GsonBuilder	serializeNulls	DEFAULT_SERIALIZE_NULLS	com.google.gson.Gson	SOURCE
com.google.gson.GsonBuilder	dateStyle	DEFAULT	java.text.DateFormat	SOURCE
com.google.gson.GsonBuilder	dateStyle	DEFAULT	java.text.DateFormat	SOURCE
com.google.gson.GsonBuilder	timeStyle	DEFAULT	java.text.DateFormat	SOURCE
com.google.gson.GsonBuilder	timeStyle	DEFAULT	java.text.DateFormat	SOURCE
com.google.gson.GsonBuilder	complexMapKeySerialization	DEFAULT_COMPLEX_MAP_KEYS	com.google.gson.Gson	SOURCE
com.google.gson.GsonBuilder	complexMapKeySerialization	DEFAULT_COMPLEX_MAP_KEYS	com.google.gson.Gson	SOURCE
com.google.gson.GsonBuilder	serializeSpecialFloatingPointValues	DEFAULT_SPECIALIZE_FLOAT_VALUES	com.google.gson.Gson	SOURCE
com.google.gson.GsonBuilder	serializeSpecialFloatingPointValues	DEFAULT_SPECIALIZE_FLOAT_VALUES	com.google.gson.Gson	SOURCE
com.google.gson.GsonBuilder	escapeHtmlChars	DEFAULT_ESCAPE_HTML	com.google.gson.Gson	SOURCE
com.google.gson.GsonBuilder	escapeHtmlChars	DEFAULT_ESCAPE_HTML	com.google.gson.Gson	SOURCE
com.google.gson.GsonBuilder	prettyPrinting	DEFAULT_PRETTY_PRINT	com.google.gson.Gson	SOURCE
com.google.gson.GsonBuilder	prettyPrinting	DEFAULT_PRETTY_PRINT	com.google.gson.Gson	SOURCE
com.google.gson.GsonBuilder	generateNonExecutableJson	DEFAULT_JSON_NON_EXECUTABLE	com.google.gson.Gson	SOURCE
com.google.gson.GsonBuilder	generateNonExecutableJson	DEFAULT_JSON_NON_EXECUTABLE	com.google.gson.Gson	SOURCE
com.google.gson.GsonBuilder	lenient	DEFAULT_LENIENT	com.google.gson.Gson	SOURCE
com.google.gson.GsonBuilder	lenient	DEFAULT_LENIENT	com.google.gson.Gson	SOURCE
com.google.gson.GsonBuilder	GsonBuilder(com.google.gson.Gson)	excluder	com.google.gson.GsonBuilder	SOURCE
com.google.gson.GsonBuilder	GsonBuilder(com.google.gson.Gson)	this	com.google.gson.GsonBuilder	SOURCE
com.google.gson.GsonBuilder	GsonBuilder(com.google.gson.Gson)	excluder	com.google.gson.Gson	SOURCE
com.google.gson.GsonBuilder	GsonBuilder(com.google.gson.Gson)	fieldNamingPolicy	com.google.gson.GsonBuilder	SOURCE
com.google.gson.GsonBuilder	GsonBuilder(com.google.gson.Gson)	this	com.google.gson.GsonBuilder	SOURCE
com.google.gson.GsonBuilder	GsonBuilder(com.google.gson.Gson)	fieldNamingStrategy	com.google.gson.Gson	SOURCE
com.google.gson.GsonBuilder	GsonBuilder(com.google.gson.Gson)	instanceCreators	com.google.gson.GsonBuilder	SOURCE
com.google.gson.GsonBuilder	GsonBuilder(com.google.gson.Gson)	this	com.google.gson.GsonBuilder	SOURCE
com.google.gson.GsonBuilder	GsonBuilder(com.google.gson.Gson)	instanceCreators	com.google.gson.Gson	SOURCE
com.google.gson.GsonBuilder	GsonBuilder(com.google.gson.Gson)	serializeNulls	com.google.gson.GsonBuilder	SOURCE
com.google.gson.GsonBuilder	GsonBuilder(com.google.gson.Gson)	this	com.google.gson.GsonBuilder	SOURCE
com.google.gson.GsonBuilder	GsonBuilder(com.google.gson.Gson)	serializeNulls	com.google.gson.Gson	SOURCE
com.google.gson.GsonBuilder	GsonBuilder(com.google.gson.Gson)	complexMapKeySerialization	com.google.gson.GsonBuilder	SOURCE
com.google.gson.GsonBuilder	GsonBuilder(com.google.gson.Gson)	this	com.google.gson.GsonBuilder	SOURCE
com.google.gson.GsonBuilder	GsonBuilder(com.google.gson.Gson)	complexMapKeySerialization	com.google.gson.Gson	SOURCE
com.google.gson.GsonBuilder	GsonBuilder(com.google.gson.Gson)	generateNonExecutableJson	com.google.gson.GsonBuilder	SOURCE
com.google.gson.GsonBuilder	GsonBuilder(com.google.gson.Gson)	this	com.google.gson.GsonBuilder	SOURCE
com.google.gson.GsonBuilder	GsonBuilder(com.google.gson.Gson)	generateNonExecutableJson	com.google.gson.Gson	SOURCE
com.google.gson.GsonBuilder	GsonBuilder(com.google.gson.Gson)	escapeHtmlChars	com.google.gson.GsonBuilder	SOURCE
com.google.gson.GsonBuilder	GsonBuilder(com.google.gson.Gson)	this	com.google.gson.GsonBuilder	SOURCE
com.google.gson.GsonBuilder	GsonBuilder(com.google.gson.Gson)	htmlSafe	com.google.gson.Gson	SOURCE
com.google.gson.GsonBuilder	GsonBuilder(com.google.gson.Gson)	prettyPrinting	com.google.gson.GsonBuilder	SOURCE
com.google.gson.GsonBuilder	GsonBuilder(com.google.gson.Gson)	this	com.google.gson.GsonBuilder	SOURCE
com.google.gson.GsonBuilder	GsonBuilder(com.google.gson.Gson)	prettyPrinting	com.google.gson.Gson	SOURCE
com.google.gson.GsonBuilder	GsonBuilder(com.google.gson.Gson)	lenient	com.google.gson.GsonBuilder	SOURCE
com.google.gson.GsonBuilder	GsonBuilder(com.google.gson.Gson)	this	com.google.gson.GsonBuilder	SOURCE
com.google.gson.GsonBuilder	GsonBuilder(com.google.gson.Gson)	lenient	com.google.gson.Gson	SOURCE
com.google.gson.GsonBuilder	GsonBuilder(com.google.gson.Gson)	serializeSpecialFloatingPointValues	com.google.gson.GsonBuilder	SOURCE
com.google.gson.GsonBuilder	GsonBuilder(com.google.gson.Gson)	this	com.google.gson.GsonBuilder	SOURCE
com.google.gson.GsonBuilder	GsonBuilder(com.google.gson.Gson)	serializeSpecialFloatingPointValues	com.google.gson.Gson	SOURCE
com.google.gson.GsonBuilder	GsonBuilder(com.google.gson.Gson)	longSerializationPolicy	com.google.gson.GsonBuilder	SOURCE
com.google.gson.GsonBuilder	GsonBuilder(com.google.gson.Gson)	this	com.google.gson.GsonBuilder	SOURCE
com.google.gson.GsonBuilder	GsonBuilder(com.google.gson.Gson)	longSerializationPolicy	com.google.gson.Gson	SOURCE
com.google.gson.GsonBuilder	GsonBuilder(com.google.gson.Gson)	datePattern	com.google.gson.GsonBuilder	SOURCE
com.google.gson.GsonBuilder	GsonBuilder(com.google.gson.Gson)	this	com.google.gson.GsonBuilder	SOURCE
com.google.gson.GsonBuilder	GsonBuilder(com.google.gson.Gson)	datePattern	com.google.gson.Gson	SOURCE
com.google.gson.GsonBuilder	GsonBuilder(com.google.gson.Gson)	dateStyle	com.google.gson.GsonBuilder	SOURCE
com.google.gson.GsonBuilder	GsonBuilder(com.google.gson.Gson)	this	com.google.gson.GsonBuilder	SOURCE
com.google.gson.GsonBuilder	GsonBuilder(com.google.gson.Gson)	dateStyle	com.google.gson.Gson	SOURCE
com.google.gson.GsonBuilder	GsonBuilder(com.google.gson.Gson)	timeStyle	com.google.gson.GsonBuilder	SOURCE
com.google.gson.GsonBuilder	GsonBuilder(com.google.gson.Gson)	this	com.google.gson.GsonBuilder	SOURCE
com.google.gson.GsonBuilder	GsonBuilder(com.google.gson.Gson)	timeStyle	com.google.gson.Gson	SOURCE
com.google.gson.GsonBuilder	GsonBuilder(com.google.gson.Gson)	factories	com.google.gson.GsonBuilder	SOURCE
com.google.gson.GsonBuilder	GsonBuilder(com.google.gson.Gson)	this	com.google.gson.GsonBuilder	SOURCE
com.google.gson.GsonBuilder	GsonBuilder(com.google.gson.Gson)	builderFactories	com.google.gson.Gson	SOURCE
com.google.gson.GsonBuilder	GsonBuilder(com.google.gson.Gson)	hierarchyFactories	com.google.gson.GsonBuilder	SOURCE
com.google.gson.GsonBuilder	GsonBuilder(com.google.gson.Gson)	this	com.google.gson.GsonBuilder	SOURCE
com.google.gson.GsonBuilder	GsonBuilder(com.google.gson.Gson)	builderHierarchyFactories	com.google.gson.Gson	SOURCE
com.google.gson.GsonBuilder	setVersion(double)	excluder	com.google.gson.GsonBuilder	SOURCE
com.google.gson.GsonBuilder	setVersion(double)	excluder	com.google.gson.GsonBuilder	SOURCE
com.google.gson.GsonBuilder	setVersion(double)	this	com.google.gson.GsonBuilder	SOURCE
com.google.gson.GsonBuilder	excludeFieldsWithModifiers(int...)	excluder	com.google.gson.GsonBuilder	SOURCE
com.google.gson.GsonBuilder	excludeFieldsWithModifiers(int...)	excluder	com.google.gson.GsonBuilder	SOURCE
com.google.gson.GsonBuilder	excludeFieldsWithModifiers(int...)	this	com.google.gson.GsonBuilder	SOURCE
com.google.gson.GsonBuilder	generateNonExecutableJson()	generateNonExecutableJson	com.google.gson.GsonBuilder	SOURCE
com.google.gson.GsonBuilder	generateNonExecutableJson()	this	com.google.gson.GsonBuilder	SOURCE
com.google.gson.GsonBuilder	generateNonExecutableJson()	this	com.google.gson.GsonBuilder	SOURCE
com.google.gson.GsonBuilder	excludeFieldsWithoutExposeAnnotation()	excluder	com.google.gson.GsonBuilder	SOURCE
com.google.gson.GsonBuilder	excludeFieldsWithoutExposeAnnotation()	excluder	com.google.gson.GsonBuilder	SOURCE
com.google.gson.GsonBuilder	excludeFieldsWithoutExposeAnnotation()	this	com.google.gson.GsonBuilder	SOURCE
com.google.gson.GsonBuilder	serializeNulls()	serializeNulls	com.google.gson.GsonBuilder	SOURCE
com.google.gson.GsonBuilder	serializeNulls()	this	com.google.gson.GsonBuilder	SOURCE
com.google.gson.GsonBuilder	serializeNulls()	this	com.google.gson.GsonBuilder	SOURCE
com.google.gson.GsonBuilder	enableComplexMapKeySerialization()	complexMapKeySerialization	com.google.gson.GsonBuilder	SOURCE
com.google.gson.GsonBuilder	enableComplexMapKeySerialization()	this	com.google.gson.GsonBuilder	SOURCE
com.google.gson.GsonBuilder	disableInnerClassSerialization()	excluder	com.google.gson.GsonBuilder	SOURCE
com.google.gson.GsonBuilder	disableInnerClassSerialization()	excluder	com.google.gson.GsonBuilder	SOURCE
com.google.gson.GsonBuilder	disableInnerClassSerialization()	this	com.google.gson.GsonBuilder	SOURCE
com.google.gson.GsonBuilder	setLongSerializationPolicy(com.google.gson.LongSerializationPolicy)	longSerializationPolicy	com.google.gson.GsonBuilder	SOURCE
com.google.gson.GsonBuilder	setLongSerializationPolicy(com.google.gson.LongSerializationPolicy)	this	com.google.gson.GsonBuilder	SOURCE
com.google.gson.GsonBuilder	setLongSerializationPolicy(com.google.gson.LongSerializationPolicy)	this	com.google.gson.GsonBuilder	SOURCE
com.google.gson.GsonBuilder	setFieldNamingPolicy(com.google.gson.FieldNamingPolicy)	fieldNamingPolicy	com.google.gson.GsonBuilder	SOURCE
com.google.gson.GsonBuilder	setFieldNamingPolicy(com.google.gson.FieldNamingPolicy)	this	com.google.gson.GsonBuilder	SOURCE
com.google.gson.GsonBuilder	setFieldNamingPolicy(com.google.gson.FieldNamingPolicy)	this	com.google.gson.GsonBuilder	SOURCE
com.google.gson.GsonBuilder	setFieldNamingStrategy(com.google.gson.FieldNamingStrategy)	fieldNamingPolicy	com.google.gson.GsonBuilder	SOURCE
com.google.gson.GsonBuilder	setFieldNamingStrategy(com.google.gson.FieldNamingStrategy)	this	com.google.gson.GsonBuilder	SOURCE
com.google.gson.GsonBuilder	setFieldNamingStrategy(com.google.gson.FieldNamingStrategy)	this	com.google.gson.GsonBuilder	SOURCE
com.google.gson.GsonBuilder	setExclusionStrategies(com.google.gson.ExclusionStrategy...)	excluder	com.google.gson.GsonBuilder	SOURCE
com.google.gson.GsonBuilder	setExclusionStrategies(com.google.gson.ExclusionStrategy...)	excluder	com.google.gson.GsonBuilder	SOURCE
com.google.gson.GsonBuilder	setExclusionStrategies(com.google.gson.ExclusionStrategy...)	this	com.google.gson.GsonBuilder	SOURCE
com.google.gson.GsonBuilder	addSerializationExclusionStrategy(com.google.gson.ExclusionStrategy)	excluder	com.google.gson.GsonBuilder	SOURCE
com.google.gson.GsonBuilder	addSerializationExclusionStrategy(com.google.gson.ExclusionStrategy)	excluder	com.google.gson.GsonBuilder	SOURCE
com.google.gson.GsonBuilder	addSerializationExclusionStrategy(com.google.gson.ExclusionStrategy)	this	com.google.gson.GsonBuilder	SOURCE
com.google.gson.GsonBuilder	addDeserializationExclusionStrategy(com.google.gson.ExclusionStrategy)	excluder	com.google.gson.GsonBuilder	SOURCE
com.google.gson.GsonBuilder	addDeserializationExclusionStrategy(com.google.gson.ExclusionStrategy)	excluder	com.google.gson.GsonBuilder	SOURCE
com.google.gson.GsonBuilder	addDeserializationExclusionStrategy(com.google.gson.ExclusionStrategy)	this	com.google.gson.GsonBuilder	SOURCE
com.google.gson.GsonBuilder	setPrettyPrinting()	prettyPrinting	com.google.gson.GsonBuilder	SOURCE
com.google.gson.GsonBuilder	setPrettyPrinting()	this	com.google.gson.GsonBuilder	SOURCE
com.google.gson.GsonBuilder	setLenient()	lenient	com.google.gson.GsonBuilder	SOURCE
com.google.gson.GsonBuilder	setLenient()	this	com.google.gson.GsonBuilder	SOURCE
com.google.gson.GsonBuilder	disableHtmlEscaping()	escapeHtmlChars	com.google.gson.GsonBuilder	SOURCE
com.google.gson.GsonBuilder	disableHtmlEscaping()	this	com.google.gson.GsonBuilder	SOURCE
com.google.gson.GsonBuilder	disableHtmlEscaping()	this	com.google.gson.GsonBuilder	SOURCE
com.google.gson.GsonBuilder	setDateFormat(java.lang.String)	datePattern	com.google.gson.GsonBuilder	SOURCE
com.google.gson.GsonBuilder	setDateFormat(java.lang.String)	this	com.google.gson.GsonBuilder	SOURCE
com.google.gson.GsonBuilder	setDateFormat(java.lang.String)	this	com.google.gson.GsonBuilder	SOURCE
com.google.gson.GsonBuilder	setDateFormat(int)	dateStyle	com.google.gson.GsonBuilder	SOURCE
com.google.gson.GsonBuilder	setDateFormat(int)	this	com.google.gson.GsonBuilder	SOURCE
com.google.gson.GsonBuilder	setDateFormat(int)	datePattern	com.google.gson.GsonBuilder	SOURCE
com.google.gson.GsonBuilder	setDateFormat(int)	this	com.google.gson.GsonBuilder	SOURCE
com.google.gson.GsonBuilder	setDateFormat(int)	this	com.google.gson.GsonBuilder	SOURCE
com.google.gson.GsonBuilder	setDateFormat(int,int)	dateStyle	com.google.gson.GsonBuilder	SOURCE
com.google.gson.GsonBuilder	setDateFormat(int,int)	this	com.google.gson.GsonBuilder	SOURCE
com.google.gson.GsonBuilder	setDateFormat(int,int)	timeStyle	com.google.gson.GsonBuilder	SOURCE
com.google.gson.GsonBuilder	setDateFormat(int,int)	this	com.google.gson.GsonBuilder	SOURCE
com.google.gson.GsonBuilder	setDateFormat(int,int)	datePattern	com.google.gson.GsonBuilder	SOURCE
com.google.gson.GsonBuilder	setDateFormat(int,int)	this	com.google.gson.GsonBuilder	SOURCE
com.google.gson.GsonBuilder	setDateFormat(int,int)	this	com.google.gson.GsonBuilder	SOURCE
com.google.gson.GsonBuilder	registerTypeAdapter(java.lang.reflect.Type,java.lang.Object)	instanceCreators	com.google.gson.GsonBuilder	SOURCE
com.google.gson.GsonBuilder	registerTypeAdapter(java.lang.reflect.Type,java.lang.Object)	factories	com.google.gson.GsonBuilder	SOURCE
com.google.gson.GsonBuilder	registerTypeAdapter(java.lang.reflect.Type,java.lang.Object)	factories	com.google.gson.GsonBuilder	SOURCE
com.google.gson.GsonBuilder	registerTypeAdapter(java.lang.reflect.Type,java.lang.Object)	this	com.google.gson.GsonBuilder	SOURCE
com.google.gson.GsonBuilder	registerTypeAdapterFactory(com.google.gson.TypeAdapterFactory)	factories	com.google.gson.GsonBuilder	SOURCE
com.google.gson.GsonBuilder	registerTypeAdapterFactory(com.google.gson.TypeAdapterFactory)	this	com.google.gson.GsonBuilder	SOURCE
com.google.gson.GsonBuilder	registerTypeHierarchyAdapter(java.lang.Class<?>,java.lang.Object)	hierarchyFactories	com.google.gson.GsonBuilder	SOURCE
com.google.gson.GsonBuilder	registerTypeHierarchyAdapter(java.lang.Class<?>,java.lang.Object)	factories	com.google.gson.GsonBuilder	SOURCE
com.google.gson.GsonBuilder	registerTypeHierarchyAdapter(java.lang.Class<?>,java.lang.Object)	this	com.google.gson.GsonBuilder	SOURCE
com.google.gson.GsonBuilder	serializeSpecialFloatingPointValues()	serializeSpecialFloatingPointValues	com.google.gson.GsonBuilder	SOURCE
com.google.gson.GsonBuilder	serializeSpecialFloatingPointValues()	this	com.google.gson.GsonBuilder	SOURCE
com.google.gson.GsonBuilder	serializeSpecialFloatingPointValues()	this	com.google.gson.GsonBuilder	SOURCE
com.google.gson.GsonBuilder	create()	factories	com.google.gson.GsonBuilder	SOURCE
com.google.gson.GsonBuilder	create()	this	com.google.gson.GsonBuilder	SOURCE
com.google.gson.GsonBuilder	create()	hierarchyFactories	com.google.gson.GsonBuilder	SOURCE
com.google.gson.GsonBuilder	create()	this	com.google.gson.GsonBuilder	SOURCE
com.google.gson.GsonBuilder	create()	factories	com.google.gson.GsonBuilder	SOURCE
com.google.gson.GsonBuilder	create()	this	com.google.gson.GsonBuilder	SOURCE
com.google.gson.GsonBuilder	create()	hierarchyFactories	com.google.gson.GsonBuilder	SOURCE
com.google.gson.GsonBuilder	create()	this	com.google.gson.GsonBuilder	SOURCE
com.google.gson.GsonBuilder	create()	datePattern	com.google.gson.GsonBuilder	SOURCE
com.google.gson.GsonBuilder	create()	dateStyle	com.google.gson.GsonBuilder	SOURCE
com.google.gson.GsonBuilder	create()	timeStyle	com.google.gson.GsonBuilder	SOURCE
com.google.gson.GsonBuilder	create()	excluder	com.google.gson.GsonBuilder	SOURCE
com.google.gson.GsonBuilder	create()	fieldNamingPolicy	com.google.gson.GsonBuilder	SOURCE
com.google.gson.GsonBuilder	create()	instanceCreators	com.google.gson.GsonBuilder	SOURCE
com.google.gson.GsonBuilder	create()	serializeNulls	com.google.gson.GsonBuilder	SOURCE
com.google.gson.GsonBuilder	create()	complexMapKeySerialization	com.google.gson.GsonBuilder	SOURCE
com.google.gson.GsonBuilder	create()	generateNonExecutableJson	com.google.gson.GsonBuilder	SOURCE
com.google.gson.GsonBuilder	create()	escapeHtmlChars	com.google.gson.GsonBuilder	SOURCE
com.google.gson.GsonBuilder	create()	prettyPrinting	com.google.gson.GsonBuilder	SOURCE
com.google.gson.GsonBuilder	create()	lenient	com.google.gson.GsonBuilder	SOURCE
com.google.gson.GsonBuilder	create()	serializeSpecialFloatingPointValues	com.google.gson.GsonBuilder	SOURCE
com.google.gson.GsonBuilder	create()	longSerializationPolicy	com.google.gson.GsonBuilder	SOURCE
com.google.gson.GsonBuilder	create()	datePattern	com.google.gson.GsonBuilder	SOURCE
com.google.gson.GsonBuilder	create()	dateStyle	com.google.gson.GsonBuilder	SOURCE
com.google.gson.GsonBuilder	create()	timeStyle	com.google.gson.GsonBuilder	SOURCE
com.google.gson.GsonBuilder	create()	factories	com.google.gson.GsonBuilder	SOURCE
com.google.gson.GsonBuilder	create()	this	com.google.gson.GsonBuilder	SOURCE
com.google.gson.GsonBuilder	create()	hierarchyFactories	com.google.gson.GsonBuilder	SOURCE
com.google.gson.GsonBuilder	create()	this	com.google.gson.GsonBuilder	SOURCE
com.google.gson.GsonBuilder	addTypeAdaptersForDate(java.lang.String,int,int,java.util.List<com.google.gson.TypeAdapterFactory>)	class	java.util.Date	SOURCE
com.google.gson.GsonBuilder	addTypeAdaptersForDate(java.lang.String,int,int,java.util.List<com.google.gson.TypeAdapterFactory>)	class	java.sql.Timestamp	SOURCE
com.google.gson.GsonBuilder	addTypeAdaptersForDate(java.lang.String,int,int,java.util.List<com.google.gson.TypeAdapterFactory>)	class	java.sql.Date	SOURCE
com.google.gson.GsonBuilder	addTypeAdaptersForDate(java.lang.String,int,int,java.util.List<com.google.gson.TypeAdapterFactory>)	DEFAULT	java.text.DateFormat	SOURCE
com.google.gson.GsonBuilder	addTypeAdaptersForDate(java.lang.String,int,int,java.util.List<com.google.gson.TypeAdapterFactory>)	DEFAULT	java.text.DateFormat	SOURCE
com.google.gson.GsonBuilder	addTypeAdaptersForDate(java.lang.String,int,int,java.util.List<com.google.gson.TypeAdapterFactory>)	class	java.util.Date	SOURCE
com.google.gson.GsonBuilder	addTypeAdaptersForDate(java.lang.String,int,int,java.util.List<com.google.gson.TypeAdapterFactory>)	class	java.sql.Timestamp	SOURCE
com.google.gson.GsonBuilder	addTypeAdaptersForDate(java.lang.String,int,int,java.util.List<com.google.gson.TypeAdapterFactory>)	class	java.sql.Date	SOURCE
com.google.gson.GsonBuilder	addTypeAdaptersForDate(java.lang.String,int,int,java.util.List<com.google.gson.TypeAdapterFactory>)	class	java.util.Date	SOURCE
com.google.gson.GsonBuilder	addTypeAdaptersForDate(java.lang.String,int,int,java.util.List<com.google.gson.TypeAdapterFactory>)	class	java.sql.Timestamp	SOURCE
com.google.gson.GsonBuilder	addTypeAdaptersForDate(java.lang.String,int,int,java.util.List<com.google.gson.TypeAdapterFactory>)	class	java.sql.Date	SOURCE
com.google.gson.internal.bind.MapTypeAdapterFactory	MapTypeAdapterFactory(com.google.gson.internal.ConstructorConstructor,boolean)	constructorConstructor	com.google.gson.internal.bind.MapTypeAdapterFactory	SOURCE
com.google.gson.internal.bind.MapTypeAdapterFactory	MapTypeAdapterFactory(com.google.gson.internal.ConstructorConstructor,boolean)	this	com.google.gson.internal.bind.MapTypeAdapterFactory	SOURCE
com.google.gson.internal.bind.MapTypeAdapterFactory	MapTypeAdapterFactory(com.google.gson.internal.ConstructorConstructor,boolean)	complexMapKeySerialization	com.google.gson.internal.bind.MapTypeAdapterFactory	SOURCE
com.google.gson.internal.bind.MapTypeAdapterFactory	MapTypeAdapterFactory(com.google.gson.internal.ConstructorConstructor,boolean)	this	com.google.gson.internal.bind.MapTypeAdapterFactory	SOURCE
com.google.gson.internal.bind.MapTypeAdapterFactory	<T>create(com.google.gson.Gson,com.google.gson.reflect.TypeToken<T>)	class	java.util.Map	SOURCE
com.google.gson.internal.bind.MapTypeAdapterFactory	<T>create(com.google.gson.Gson,com.google.gson.reflect.TypeToken<T>)	constructorConstructor	com.google.gson.internal.bind.MapTypeAdapterFactory	SOURCE
com.google.gson.internal.bind.MapTypeAdapterFactory	getKeyAdapter(com.google.gson.Gson,java.lang.reflect.Type)	class	null	SOURCE
com.google.gson.internal.bind.MapTypeAdapterFactory	getKeyAdapter(com.google.gson.Gson,java.lang.reflect.Type)	class	java.lang.Boolean	SOURCE
com.google.gson.internal.bind.MapTypeAdapterFactory	getKeyAdapter(com.google.gson.Gson,java.lang.reflect.Type)	BOOLEAN_AS_STRING	com.google.gson.internal.bind.TypeAdapters	SOURCE
com.google.gson.internal.bind.MapTypeAdapterFactory$Adapter	Adapter(com.google.gson.Gson,java.lang.reflect.Type,com.google.gson.TypeAdapter<K>,java.lang.reflect.Type,com.google.gson.TypeAdapter<V>,com.google.gson.internal.ObjectConstructor<? extends java.util.Map<K,V>>)	keyTypeAdapter	com.google.gson.internal.bind.MapTypeAdapterFactory$Adapter	SOURCE
com.google.gson.internal.bind.MapTypeAdapterFactory$Adapter	Adapter(com.google.gson.Gson,java.lang.reflect.Type,com.google.gson.TypeAdapter<K>,java.lang.reflect.Type,com.google.gson.TypeAdapter<V>,com.google.gson.internal.ObjectConstructor<? extends java.util.Map<K,V>>)	this	com.google.gson.internal.bind.MapTypeAdapterFactory$Adapter	SOURCE
com.google.gson.internal.bind.MapTypeAdapterFactory$Adapter	Adapter(com.google.gson.Gson,java.lang.reflect.Type,com.google.gson.TypeAdapter<K>,java.lang.reflect.Type,com.google.gson.TypeAdapter<V>,com.google.gson.internal.ObjectConstructor<? extends java.util.Map<K,V>>)	valueTypeAdapter	com.google.gson.internal.bind.MapTypeAdapterFactory$Adapter	SOURCE
com.google.gson.internal.bind.MapTypeAdapterFactory$Adapter	Adapter(com.google.gson.Gson,java.lang.reflect.Type,com.google.gson.TypeAdapter<K>,java.lang.reflect.Type,com.google.gson.TypeAdapter<V>,com.google.gson.internal.ObjectConstructor<? extends java.util.Map<K,V>>)	this	com.google.gson.internal.bind.MapTypeAdapterFactory$Adapter	SOURCE
com.google.gson.internal.bind.MapTypeAdapterFactory$Adapter	Adapter(com.google.gson.Gson,java.lang.reflect.Type,com.google.gson.TypeAdapter<K>,java.lang.reflect.Type,com.google.gson.TypeAdapter<V>,com.google.gson.internal.ObjectConstructor<? extends java.util.Map<K,V>>)	constructor	com.google.gson.internal.bind.MapTypeAdapterFactory$Adapter	SOURCE
com.google.gson.internal.bind.MapTypeAdapterFactory$Adapter	Adapter(com.google.gson.Gson,java.lang.reflect.Type,com.google.gson.TypeAdapter<K>,java.lang.reflect.Type,com.google.gson.TypeAdapter<V>,com.google.gson.internal.ObjectConstructor<? extends java.util.Map<K,V>>)	this	com.google.gson.internal.bind.MapTypeAdapterFactory$Adapter	SOURCE
com.google.gson.internal.bind.MapTypeAdapterFactory$Adapter	read(com.google.gson.stream.JsonReader)	constructor	com.google.gson.internal.bind.MapTypeAdapterFactory$Adapter	SOURCE
com.google.gson.internal.bind.MapTypeAdapterFactory$Adapter	read(com.google.gson.stream.JsonReader)	keyTypeAdapter	com.google.gson.internal.bind.MapTypeAdapterFactory$Adapter	SOURCE
com.google.gson.internal.bind.MapTypeAdapterFactory$Adapter	read(com.google.gson.stream.JsonReader)	valueTypeAdapter	com.google.gson.internal.bind.MapTypeAdapterFactory$Adapter	SOURCE
com.google.gson.internal.bind.MapTypeAdapterFactory$Adapter	read(com.google.gson.stream.JsonReader)	INSTANCE	com.google.gson.internal.JsonReaderInternalAccess	SOURCE
com.google.gson.internal.bind.MapTypeAdapterFactory$Adapter	read(com.google.gson.stream.JsonReader)	keyTypeAdapter	com.google.gson.internal.bind.MapTypeAdapterFactory$Adapter	SOURCE
com.google.gson.internal.bind.MapTypeAdapterFactory$Adapter	read(com.google.gson.stream.JsonReader)	valueTypeAdapter	com.google.gson.internal.bind.MapTypeAdapterFactory$Adapter	SOURCE
com.google.gson.internal.bind.MapTypeAdapterFactory$Adapter	write(com.google.gson.stream.JsonWriter,java.util.Map<K,V>)	complexMapKeySerialization	com.google.gson.internal.bind.MapTypeAdapterFactory	SOURCE
com.google.gson.internal.bind.MapTypeAdapterFactory$Adapter	write(com.google.gson.stream.JsonWriter,java.util.Map<K,V>)	valueTypeAdapter	com.google.gson.internal.bind.MapTypeAdapterFactory$Adapter	SOURCE
com.google.gson.internal.bind.MapTypeAdapterFactory$Adapter	write(com.google.gson.stream.JsonWriter,java.util.Map<K,V>)	keyTypeAdapter	com.google.gson.internal.bind.MapTypeAdapterFactory$Adapter	SOURCE
com.google.gson.internal.bind.MapTypeAdapterFactory$Adapter	write(com.google.gson.stream.JsonWriter,java.util.Map<K,V>)	valueTypeAdapter	com.google.gson.internal.bind.MapTypeAdapterFactory$Adapter	SOURCE
com.google.gson.internal.bind.MapTypeAdapterFactory$Adapter	write(com.google.gson.stream.JsonWriter,java.util.Map<K,V>)	valueTypeAdapter	com.google.gson.internal.bind.MapTypeAdapterFactory$Adapter	SOURCE
com.google.gson.internal.bind.SqlDateTypeAdapter$1	<T>create(com.google.gson.Gson,com.google.gson.reflect.TypeToken<T>)	class	java.sql.Date	SOURCE
com.google.gson.internal.bind.SqlDateTypeAdapter	read(com.google.gson.stream.JsonReader)	format	com.google.gson.internal.bind.SqlDateTypeAdapter	SOURCE
com.google.gson.internal.bind.SqlDateTypeAdapter	write(com.google.gson.stream.JsonWriter,java.sql.Date)	format	com.google.gson.internal.bind.SqlDateTypeAdapter	SOURCE
com.google.gson.internal.bind.DateTypeAdapter$1	<T>create(com.google.gson.Gson,com.google.gson.reflect.TypeToken<T>)	class	java.util.Date	SOURCE
com.google.gson.internal.bind.DateTypeAdapter	DateTypeAdapter()	dateFormats	com.google.gson.internal.bind.DateTypeAdapter	SOURCE
com.google.gson.internal.bind.DateTypeAdapter	DateTypeAdapter()	DEFAULT	java.text.DateFormat	SOURCE
com.google.gson.internal.bind.DateTypeAdapter	DateTypeAdapter()	DEFAULT	java.text.DateFormat	SOURCE
com.google.gson.internal.bind.DateTypeAdapter	DateTypeAdapter()	US	java.util.Locale	SOURCE
com.google.gson.internal.bind.DateTypeAdapter	DateTypeAdapter()	US	java.util.Locale	SOURCE
com.google.gson.internal.bind.DateTypeAdapter	DateTypeAdapter()	dateFormats	com.google.gson.internal.bind.DateTypeAdapter	SOURCE
com.google.gson.internal.bind.DateTypeAdapter	DateTypeAdapter()	DEFAULT	java.text.DateFormat	SOURCE
com.google.gson.internal.bind.DateTypeAdapter	DateTypeAdapter()	DEFAULT	java.text.DateFormat	SOURCE
com.google.gson.internal.bind.DateTypeAdapter	DateTypeAdapter()	dateFormats	com.google.gson.internal.bind.DateTypeAdapter	SOURCE
com.google.gson.internal.bind.DateTypeAdapter	DateTypeAdapter()	DEFAULT	java.text.DateFormat	SOURCE
com.google.gson.internal.bind.DateTypeAdapter	DateTypeAdapter()	DEFAULT	java.text.DateFormat	SOURCE
com.google.gson.internal.bind.DateTypeAdapter	deserializeToDate(java.lang.String)	dateFormats	com.google.gson.internal.bind.DateTypeAdapter	SOURCE
com.google.gson.internal.bind.DateTypeAdapter	write(com.google.gson.stream.JsonWriter,java.util.Date)	dateFormats	com.google.gson.internal.bind.DateTypeAdapter	SOURCE
com.google.gson.internal.bind.TypeAdapters	CLASS_FACTORY	class	java.lang.Class	SOURCE
com.google.gson.internal.bind.TypeAdapters	CLASS	CLASS	com.google.gson.internal.bind.TypeAdapters	SOURCE
com.google.gson.internal.bind.TypeAdapters	BIT_SET_FACTORY	class	java.util.BitSet	SOURCE
com.google.gson.internal.bind.TypeAdapters	BIT_SET	BIT_SET	com.google.gson.internal.bind.TypeAdapters	SOURCE
com.google.gson.internal.bind.TypeAdapters	BOOLEAN_FACTORY	class	null	SOURCE
com.google.gson.internal.bind.TypeAdapters	BOOLEAN_FACTORY	class	java.lang.Boolean	SOURCE
com.google.gson.internal.bind.TypeAdapters	BOOLEAN	BOOLEAN	com.google.gson.internal.bind.TypeAdapters	SOURCE
com.google.gson.internal.bind.TypeAdapters	BYTE_FACTORY	class	null	SOURCE
com.google.gson.internal.bind.TypeAdapters	BYTE_FACTORY	class	java.lang.Byte	SOURCE
com.google.gson.internal.bind.TypeAdapters	BYTE	BYTE	com.google.gson.internal.bind.TypeAdapters	SOURCE
com.google.gson.internal.bind.TypeAdapters	SHORT_FACTORY	class	null	SOURCE
com.google.gson.internal.bind.TypeAdapters	SHORT_FACTORY	class	java.lang.Short	SOURCE
com.google.gson.internal.bind.TypeAdapters	SHORT	SHORT	com.google.gson.internal.bind.TypeAdapters	SOURCE
com.google.gson.internal.bind.TypeAdapters	INTEGER_FACTORY	class	null	SOURCE
com.google.gson.internal.bind.TypeAdapters	INTEGER_FACTORY	class	java.lang.Integer	SOURCE
com.google.gson.internal.bind.TypeAdapters	INTEGER	INTEGER	com.google.gson.internal.bind.TypeAdapters	SOURCE
com.google.gson.internal.bind.TypeAdapters	ATOMIC_INTEGER_FACTORY	class	java.util.concurrent.atomic.AtomicInteger	SOURCE
com.google.gson.internal.bind.TypeAdapters	ATOMIC_INTEGER	ATOMIC_INTEGER	com.google.gson.internal.bind.TypeAdapters	SOURCE
com.google.gson.internal.bind.TypeAdapters	ATOMIC_BOOLEAN_FACTORY	class	java.util.concurrent.atomic.AtomicBoolean	SOURCE
com.google.gson.internal.bind.TypeAdapters	ATOMIC_BOOLEAN	ATOMIC_BOOLEAN	com.google.gson.internal.bind.TypeAdapters	SOURCE
com.google.gson.internal.bind.TypeAdapters	ATOMIC_INTEGER_ARRAY_FACTORY	class	java.util.concurrent.atomic.AtomicIntegerArray	SOURCE
com.google.gson.internal.bind.TypeAdapters	ATOMIC_INTEGER_ARRAY	ATOMIC_INTEGER_ARRAY	com.google.gson.internal.bind.TypeAdapters	SOURCE
com.google.gson.internal.bind.TypeAdapters	NUMBER_FACTORY	class	java.lang.Number	SOURCE
com.google.gson.internal.bind.TypeAdapters	NUMBER	NUMBER	com.google.gson.internal.bind.TypeAdapters	SOURCE
com.google.gson.internal.bind.TypeAdapters	CHARACTER_FACTORY	class	null	SOURCE
com.google.gson.internal.bind.TypeAdapters	CHARACTER_FACTORY	class	java.lang.Character	SOURCE
com.google.gson.internal.bind.TypeAdapters	CHARACTER	CHARACTER	com.google.gson.internal.bind.TypeAdapters	SOURCE
com.google.gson.internal.bind.TypeAdapters	STRING_FACTORY	class	java.lang.String	SOURCE
com.google.gson.internal.bind.TypeAdapters	STRING	STRING	com.google.gson.internal.bind.TypeAdapters	SOURCE
com.google.gson.internal.bind.TypeAdapters	STRING_BUILDER_FACTORY	class	java.lang.StringBuilder	SOURCE
com.google.gson.internal.bind.TypeAdapters	STRING_BUILDER	STRING_BUILDER	com.google.gson.internal.bind.TypeAdapters	SOURCE
com.google.gson.internal.bind.TypeAdapters	STRING_BUFFER_FACTORY	class	java.lang.StringBuffer	SOURCE
com.google.gson.internal.bind.TypeAdapters	STRING_BUFFER	STRING_BUFFER	com.google.gson.internal.bind.TypeAdapters	SOURCE
com.google.gson.internal.bind.TypeAdapters	URL_FACTORY	class	java.net.URL	SOURCE
com.google.gson.internal.bind.TypeAdapters	URL	URL	com.google.gson.internal.bind.TypeAdapters	SOURCE
com.google.gson.internal.bind.TypeAdapters	URI_FACTORY	class	java.net.URI	SOURCE
com.google.gson.internal.bind.TypeAdapters	URI	URI	com.google.gson.internal.bind.TypeAdapters	SOURCE
com.google.gson.internal.bind.TypeAdapters	INET_ADDRESS_FACTORY	class	java.net.InetAddress	SOURCE
com.google.gson.internal.bind.TypeAdapters	INET_ADDRESS	INET_ADDRESS	com.google.gson.internal.bind.TypeAdapters	SOURCE
com.google.gson.internal.bind.TypeAdapters	UUID_FACTORY	class	java.util.UUID	SOURCE
com.google.gson.internal.bind.TypeAdapters	UUID	UUID	com.google.gson.internal.bind.TypeAdapters	SOURCE
com.google.gson.internal.bind.TypeAdapters	CURRENCY_FACTORY	class	java.util.Currency	SOURCE
com.google.gson.internal.bind.TypeAdapters	CURRENCY	CURRENCY	com.google.gson.internal.bind.TypeAdapters	SOURCE
com.google.gson.internal.bind.TypeAdapters$26	<T>create(com.google.gson.Gson,com.google.gson.reflect.TypeToken<T>)	class	java.sql.Timestamp	SOURCE
com.google.gson.internal.bind.TypeAdapters$26	<T>create(com.google.gson.Gson,com.google.gson.reflect.TypeToken<T>)	class	java.util.Date	SOURCE
com.google.gson.internal.bind.TypeAdapters$27	read(com.google.gson.stream.JsonReader)	YEAR	com.google.gson.internal.bind.TypeAdapters$27	SOURCE
com.google.gson.internal.bind.TypeAdapters$27	read(com.google.gson.stream.JsonReader)	MONTH	com.google.gson.internal.bind.TypeAdapters$27	SOURCE
com.google.gson.internal.bind.TypeAdapters$27	read(com.google.gson.stream.JsonReader)	DAY_OF_MONTH	com.google.gson.internal.bind.TypeAdapters$27	SOURCE
com.google.gson.internal.bind.TypeAdapters$27	read(com.google.gson.stream.JsonReader)	HOUR_OF_DAY	com.google.gson.internal.bind.TypeAdapters$27	SOURCE
com.google.gson.internal.bind.TypeAdapters$27	read(com.google.gson.stream.JsonReader)	MINUTE	com.google.gson.internal.bind.TypeAdapters$27	SOURCE
com.google.gson.internal.bind.TypeAdapters$27	read(com.google.gson.stream.JsonReader)	SECOND	com.google.gson.internal.bind.TypeAdapters$27	SOURCE
com.google.gson.internal.bind.TypeAdapters$27	write(com.google.gson.stream.JsonWriter,java.util.Calendar)	YEAR	com.google.gson.internal.bind.TypeAdapters$27	SOURCE
com.google.gson.internal.bind.TypeAdapters$27	write(com.google.gson.stream.JsonWriter,java.util.Calendar)	YEAR	java.util.Calendar	SOURCE
com.google.gson.internal.bind.TypeAdapters$27	write(com.google.gson.stream.JsonWriter,java.util.Calendar)	MONTH	com.google.gson.internal.bind.TypeAdapters$27	SOURCE
com.google.gson.internal.bind.TypeAdapters$27	write(com.google.gson.stream.JsonWriter,java.util.Calendar)	MONTH	java.util.Calendar	SOURCE
com.google.gson.internal.bind.TypeAdapters$27	write(com.google.gson.stream.JsonWriter,java.util.Calendar)	DAY_OF_MONTH	com.google.gson.internal.bind.TypeAdapters$27	SOURCE
com.google.gson.internal.bind.TypeAdapters$27	write(com.google.gson.stream.JsonWriter,java.util.Calendar)	DAY_OF_MONTH	java.util.Calendar	SOURCE
com.google.gson.internal.bind.TypeAdapters$27	write(com.google.gson.stream.JsonWriter,java.util.Calendar)	HOUR_OF_DAY	com.google.gson.internal.bind.TypeAdapters$27	SOURCE
com.google.gson.internal.bind.TypeAdapters$27	write(com.google.gson.stream.JsonWriter,java.util.Calendar)	HOUR_OF_DAY	java.util.Calendar	SOURCE
com.google.gson.internal.bind.TypeAdapters$27	write(com.google.gson.stream.JsonWriter,java.util.Calendar)	MINUTE	com.google.gson.internal.bind.TypeAdapters$27	SOURCE
com.google.gson.internal.bind.TypeAdapters$27	write(com.google.gson.stream.JsonWriter,java.util.Calendar)	MINUTE	java.util.Calendar	SOURCE
com.google.gson.internal.bind.TypeAdapters$27	write(com.google.gson.stream.JsonWriter,java.util.Calendar)	SECOND	com.google.gson.internal.bind.TypeAdapters$27	SOURCE
com.google.gson.internal.bind.TypeAdapters$27	write(com.google.gson.stream.JsonWriter,java.util.Calendar)	SECOND	java.util.Calendar	SOURCE
com.google.gson.internal.bind.TypeAdapters	CALENDAR_FACTORY	class	java.util.Calendar	SOURCE
com.google.gson.internal.bind.TypeAdapters	CALENDAR_FACTORY	class	java.util.GregorianCalendar	SOURCE
com.google.gson.internal.bind.TypeAdapters	CALENDAR	CALENDAR	com.google.gson.internal.bind.TypeAdapters	SOURCE
com.google.gson.internal.bind.TypeAdapters	LOCALE_FACTORY	class	java.util.Locale	SOURCE
com.google.gson.internal.bind.TypeAdapters	LOCALE	LOCALE	com.google.gson.internal.bind.TypeAdapters	SOURCE
com.google.gson.internal.bind.TypeAdapters$29	read(com.google.gson.stream.JsonReader)	INSTANCE	com.google.gson.JsonNull	SOURCE
com.google.gson.internal.bind.TypeAdapters	JSON_ELEMENT_FACTORY	class	com.google.gson.JsonElement	SOURCE
com.google.gson.internal.bind.TypeAdapters	JSON_ELEMENT	JSON_ELEMENT	com.google.gson.internal.bind.TypeAdapters	SOURCE
com.google.gson.internal.bind.TypeAdapters$EnumTypeAdapter	EnumTypeAdapter(java.lang.Class<T>)	class	com.google.gson.annotations.SerializedName	SOURCE
com.google.gson.internal.bind.TypeAdapters$EnumTypeAdapter	EnumTypeAdapter(java.lang.Class<T>)	nameToConstant	com.google.gson.internal.bind.TypeAdapters$EnumTypeAdapter	SOURCE
com.google.gson.internal.bind.TypeAdapters$EnumTypeAdapter	EnumTypeAdapter(java.lang.Class<T>)	nameToConstant	com.google.gson.internal.bind.TypeAdapters$EnumTypeAdapter	SOURCE
com.google.gson.internal.bind.TypeAdapters$EnumTypeAdapter	EnumTypeAdapter(java.lang.Class<T>)	constantToName	com.google.gson.internal.bind.TypeAdapters$EnumTypeAdapter	SOURCE
com.google.gson.internal.bind.TypeAdapters$EnumTypeAdapter	read(com.google.gson.stream.JsonReader)	nameToConstant	com.google.gson.internal.bind.TypeAdapters$EnumTypeAdapter	SOURCE
com.google.gson.internal.bind.TypeAdapters$EnumTypeAdapter	write(com.google.gson.stream.JsonWriter,T)	constantToName	com.google.gson.internal.bind.TypeAdapters$EnumTypeAdapter	SOURCE
com.google.gson.internal.bind.TypeAdapters$30	<T>create(com.google.gson.Gson,com.google.gson.reflect.TypeToken<T>)	class	java.lang.Enum	SOURCE
com.google.gson.internal.bind.TypeAdapters$30	<T>create(com.google.gson.Gson,com.google.gson.reflect.TypeToken<T>)	class	java.lang.Enum	SOURCE
com.google.gson.internal.bind.JsonTreeWriter	product	INSTANCE	com.google.gson.JsonNull	SOURCE
com.google.gson.internal.bind.JsonTreeWriter	product	INSTANCE	com.google.gson.JsonNull	SOURCE
com.google.gson.internal.bind.JsonTreeWriter	JsonTreeWriter()	UNWRITABLE_WRITER	com.google.gson.internal.bind.JsonTreeWriter	SOURCE
com.google.gson.internal.bind.JsonTreeWriter	get()	stack	com.google.gson.internal.bind.JsonTreeWriter	SOURCE
com.google.gson.internal.bind.JsonTreeWriter	get()	stack	com.google.gson.internal.bind.JsonTreeWriter	SOURCE
com.google.gson.internal.bind.JsonTreeWriter	get()	product	com.google.gson.internal.bind.JsonTreeWriter	SOURCE
com.google.gson.internal.bind.JsonTreeWriter	peek()	stack	com.google.gson.internal.bind.JsonTreeWriter	SOURCE
com.google.gson.internal.bind.JsonTreeWriter	peek()	stack	com.google.gson.internal.bind.JsonTreeWriter	SOURCE
com.google.gson.internal.bind.JsonTreeWriter	put(com.google.gson.JsonElement)	pendingName	com.google.gson.internal.bind.JsonTreeWriter	SOURCE
com.google.gson.internal.bind.JsonTreeWriter	put(com.google.gson.JsonElement)	pendingName	com.google.gson.internal.bind.JsonTreeWriter	SOURCE
com.google.gson.internal.bind.JsonTreeWriter	put(com.google.gson.JsonElement)	pendingName	com.google.gson.internal.bind.JsonTreeWriter	SOURCE
com.google.gson.internal.bind.JsonTreeWriter	put(com.google.gson.JsonElement)	stack	com.google.gson.internal.bind.JsonTreeWriter	SOURCE
com.google.gson.internal.bind.JsonTreeWriter	put(com.google.gson.JsonElement)	product	com.google.gson.internal.bind.JsonTreeWriter	SOURCE
com.google.gson.internal.bind.JsonTreeWriter	beginArray()	stack	com.google.gson.internal.bind.JsonTreeWriter	SOURCE
com.google.gson.internal.bind.JsonTreeWriter	beginArray()	this	com.google.gson.internal.bind.JsonTreeWriter	SOURCE
com.google.gson.internal.bind.JsonTreeWriter	endArray()	stack	com.google.gson.internal.bind.JsonTreeWriter	SOURCE
com.google.gson.internal.bind.JsonTreeWriter	endArray()	pendingName	com.google.gson.internal.bind.JsonTreeWriter	SOURCE
com.google.gson.internal.bind.JsonTreeWriter	endArray()	stack	com.google.gson.internal.bind.JsonTreeWriter	SOURCE
com.google.gson.internal.bind.JsonTreeWriter	endArray()	stack	com.google.gson.internal.bind.JsonTreeWriter	SOURCE
com.google.gson.internal.bind.JsonTreeWriter	endArray()	this	com.google.gson.internal.bind.JsonTreeWriter	SOURCE
com.google.gson.internal.bind.JsonTreeWriter	beginObject()	stack	com.google.gson.internal.bind.JsonTreeWriter	SOURCE
com.google.gson.internal.bind.JsonTreeWriter	beginObject()	this	com.google.gson.internal.bind.JsonTreeWriter	SOURCE
com.google.gson.internal.bind.JsonTreeWriter	endObject()	stack	com.google.gson.internal.bind.JsonTreeWriter	SOURCE
com.google.gson.internal.bind.JsonTreeWriter	endObject()	pendingName	com.google.gson.internal.bind.JsonTreeWriter	SOURCE
com.google.gson.internal.bind.JsonTreeWriter	endObject()	stack	com.google.gson.internal.bind.JsonTreeWriter	SOURCE
com.google.gson.internal.bind.JsonTreeWriter	endObject()	stack	com.google.gson.internal.bind.JsonTreeWriter	SOURCE
com.google.gson.internal.bind.JsonTreeWriter	endObject()	this	com.google.gson.internal.bind.JsonTreeWriter	SOURCE
com.google.gson.internal.bind.JsonTreeWriter	name(java.lang.String)	stack	com.google.gson.internal.bind.JsonTreeWriter	SOURCE
com.google.gson.internal.bind.JsonTreeWriter	name(java.lang.String)	pendingName	com.google.gson.internal.bind.JsonTreeWriter	SOURCE
com.google.gson.internal.bind.JsonTreeWriter	name(java.lang.String)	pendingName	com.google.gson.internal.bind.JsonTreeWriter	SOURCE
com.google.gson.internal.bind.JsonTreeWriter	name(java.lang.String)	this	com.google.gson.internal.bind.JsonTreeWriter	SOURCE
com.google.gson.internal.bind.JsonTreeWriter	value(java.lang.String)	this	com.google.gson.internal.bind.JsonTreeWriter	SOURCE
com.google.gson.internal.bind.JsonTreeWriter	nullValue()	INSTANCE	com.google.gson.JsonNull	SOURCE
com.google.gson.internal.bind.JsonTreeWriter	nullValue()	this	com.google.gson.internal.bind.JsonTreeWriter	SOURCE
com.google.gson.internal.bind.JsonTreeWriter	value(boolean)	this	com.google.gson.internal.bind.JsonTreeWriter	SOURCE
com.google.gson.internal.bind.JsonTreeWriter	value(java.lang.Boolean)	this	com.google.gson.internal.bind.JsonTreeWriter	SOURCE
com.google.gson.internal.bind.JsonTreeWriter	value(double)	this	com.google.gson.internal.bind.JsonTreeWriter	SOURCE
com.google.gson.internal.bind.JsonTreeWriter	value(long)	this	com.google.gson.internal.bind.JsonTreeWriter	SOURCE
com.google.gson.internal.bind.JsonTreeWriter	value(java.lang.Number)	this	com.google.gson.internal.bind.JsonTreeWriter	SOURCE
com.google.gson.internal.bind.JsonTreeWriter	close()	stack	com.google.gson.internal.bind.JsonTreeWriter	SOURCE
com.google.gson.internal.bind.JsonTreeWriter	close()	stack	com.google.gson.internal.bind.JsonTreeWriter	SOURCE
com.google.gson.internal.bind.JsonTreeWriter	close()	SENTINEL_CLOSED	com.google.gson.internal.bind.JsonTreeWriter	SOURCE
com.google.gson.internal.bind.ArrayTypeAdapter	ArrayTypeAdapter(com.google.gson.Gson,com.google.gson.TypeAdapter<E>,java.lang.Class<E>)	componentTypeAdapter	com.google.gson.internal.bind.ArrayTypeAdapter	SOURCE
com.google.gson.internal.bind.ArrayTypeAdapter	ArrayTypeAdapter(com.google.gson.Gson,com.google.gson.TypeAdapter<E>,java.lang.Class<E>)	this	com.google.gson.internal.bind.ArrayTypeAdapter	SOURCE
com.google.gson.internal.bind.ArrayTypeAdapter	ArrayTypeAdapter(com.google.gson.Gson,com.google.gson.TypeAdapter<E>,java.lang.Class<E>)	componentType	com.google.gson.internal.bind.ArrayTypeAdapter	SOURCE
com.google.gson.internal.bind.ArrayTypeAdapter	ArrayTypeAdapter(com.google.gson.Gson,com.google.gson.TypeAdapter<E>,java.lang.Class<E>)	this	com.google.gson.internal.bind.ArrayTypeAdapter	SOURCE
com.google.gson.internal.bind.ArrayTypeAdapter	read(com.google.gson.stream.JsonReader)	componentTypeAdapter	com.google.gson.internal.bind.ArrayTypeAdapter	SOURCE
com.google.gson.internal.bind.ArrayTypeAdapter	read(com.google.gson.stream.JsonReader)	componentType	com.google.gson.internal.bind.ArrayTypeAdapter	SOURCE
com.google.gson.internal.bind.ArrayTypeAdapter	write(com.google.gson.stream.JsonWriter,java.lang.Object)	componentTypeAdapter	com.google.gson.internal.bind.ArrayTypeAdapter	SOURCE
com.google.gson.internal.bind.ObjectTypeAdapter$1	<T>create(com.google.gson.Gson,com.google.gson.reflect.TypeToken<T>)	class	java.lang.Object	SOURCE
com.google.gson.internal.bind.ObjectTypeAdapter	ObjectTypeAdapter(com.google.gson.Gson)	gson	com.google.gson.internal.bind.ObjectTypeAdapter	SOURCE
com.google.gson.internal.bind.ObjectTypeAdapter	ObjectTypeAdapter(com.google.gson.Gson)	this	com.google.gson.internal.bind.ObjectTypeAdapter	SOURCE
com.google.gson.internal.bind.ObjectTypeAdapter	write(com.google.gson.stream.JsonWriter,java.lang.Object)	gson	com.google.gson.internal.bind.ObjectTypeAdapter	SOURCE
com.google.gson.internal.bind.CollectionTypeAdapterFactory	CollectionTypeAdapterFactory(com.google.gson.internal.ConstructorConstructor)	constructorConstructor	com.google.gson.internal.bind.CollectionTypeAdapterFactory	SOURCE
com.google.gson.internal.bind.CollectionTypeAdapterFactory	CollectionTypeAdapterFactory(com.google.gson.internal.ConstructorConstructor)	this	com.google.gson.internal.bind.CollectionTypeAdapterFactory	SOURCE
com.google.gson.internal.bind.CollectionTypeAdapterFactory	<T>create(com.google.gson.Gson,com.google.gson.reflect.TypeToken<T>)	class	java.util.Collection	SOURCE
com.google.gson.internal.bind.CollectionTypeAdapterFactory	<T>create(com.google.gson.Gson,com.google.gson.reflect.TypeToken<T>)	constructorConstructor	com.google.gson.internal.bind.CollectionTypeAdapterFactory	SOURCE
com.google.gson.internal.bind.CollectionTypeAdapterFactory$Adapter	Adapter(com.google.gson.Gson,java.lang.reflect.Type,com.google.gson.TypeAdapter<E>,com.google.gson.internal.ObjectConstructor<? extends java.util.Collection<E>>)	elementTypeAdapter	com.google.gson.internal.bind.CollectionTypeAdapterFactory$Adapter	SOURCE
com.google.gson.internal.bind.CollectionTypeAdapterFactory$Adapter	Adapter(com.google.gson.Gson,java.lang.reflect.Type,com.google.gson.TypeAdapter<E>,com.google.gson.internal.ObjectConstructor<? extends java.util.Collection<E>>)	this	com.google.gson.internal.bind.CollectionTypeAdapterFactory$Adapter	SOURCE
com.google.gson.internal.bind.CollectionTypeAdapterFactory$Adapter	Adapter(com.google.gson.Gson,java.lang.reflect.Type,com.google.gson.TypeAdapter<E>,com.google.gson.internal.ObjectConstructor<? extends java.util.Collection<E>>)	constructor	com.google.gson.internal.bind.CollectionTypeAdapterFactory$Adapter	SOURCE
com.google.gson.internal.bind.CollectionTypeAdapterFactory$Adapter	Adapter(com.google.gson.Gson,java.lang.reflect.Type,com.google.gson.TypeAdapter<E>,com.google.gson.internal.ObjectConstructor<? extends java.util.Collection<E>>)	this	com.google.gson.internal.bind.CollectionTypeAdapterFactory$Adapter	SOURCE
com.google.gson.internal.bind.CollectionTypeAdapterFactory$Adapter	read(com.google.gson.stream.JsonReader)	constructor	com.google.gson.internal.bind.CollectionTypeAdapterFactory$Adapter	SOURCE
com.google.gson.internal.bind.CollectionTypeAdapterFactory$Adapter	read(com.google.gson.stream.JsonReader)	elementTypeAdapter	com.google.gson.internal.bind.CollectionTypeAdapterFactory$Adapter	SOURCE
com.google.gson.internal.bind.CollectionTypeAdapterFactory$Adapter	write(com.google.gson.stream.JsonWriter,java.util.Collection<E>)	elementTypeAdapter	com.google.gson.internal.bind.CollectionTypeAdapterFactory$Adapter	SOURCE
com.google.gson.internal.bind.TypeAdapterRuntimeTypeWrapper	TypeAdapterRuntimeTypeWrapper(com.google.gson.Gson,com.google.gson.TypeAdapter<T>,java.lang.reflect.Type)	context	com.google.gson.internal.bind.TypeAdapterRuntimeTypeWrapper	SOURCE
com.google.gson.internal.bind.TypeAdapterRuntimeTypeWrapper	TypeAdapterRuntimeTypeWrapper(com.google.gson.Gson,com.google.gson.TypeAdapter<T>,java.lang.reflect.Type)	this	com.google.gson.internal.bind.TypeAdapterRuntimeTypeWrapper	SOURCE
com.google.gson.internal.bind.TypeAdapterRuntimeTypeWrapper	TypeAdapterRuntimeTypeWrapper(com.google.gson.Gson,com.google.gson.TypeAdapter<T>,java.lang.reflect.Type)	delegate	com.google.gson.internal.bind.TypeAdapterRuntimeTypeWrapper	SOURCE
com.google.gson.internal.bind.TypeAdapterRuntimeTypeWrapper	TypeAdapterRuntimeTypeWrapper(com.google.gson.Gson,com.google.gson.TypeAdapter<T>,java.lang.reflect.Type)	this	com.google.gson.internal.bind.TypeAdapterRuntimeTypeWrapper	SOURCE
com.google.gson.internal.bind.TypeAdapterRuntimeTypeWrapper	TypeAdapterRuntimeTypeWrapper(com.google.gson.Gson,com.google.gson.TypeAdapter<T>,java.lang.reflect.Type)	type	com.google.gson.internal.bind.TypeAdapterRuntimeTypeWrapper	SOURCE
com.google.gson.internal.bind.TypeAdapterRuntimeTypeWrapper	TypeAdapterRuntimeTypeWrapper(com.google.gson.Gson,com.google.gson.TypeAdapter<T>,java.lang.reflect.Type)	this	com.google.gson.internal.bind.TypeAdapterRuntimeTypeWrapper	SOURCE
com.google.gson.internal.bind.TypeAdapterRuntimeTypeWrapper	read(com.google.gson.stream.JsonReader)	delegate	com.google.gson.internal.bind.TypeAdapterRuntimeTypeWrapper	SOURCE
com.google.gson.internal.bind.TypeAdapterRuntimeTypeWrapper	write(com.google.gson.stream.JsonWriter,T)	delegate	com.google.gson.internal.bind.TypeAdapterRuntimeTypeWrapper	SOURCE
com.google.gson.internal.bind.TypeAdapterRuntimeTypeWrapper	write(com.google.gson.stream.JsonWriter,T)	delegate	com.google.gson.internal.bind.TypeAdapterRuntimeTypeWrapper	SOURCE
com.google.gson.internal.bind.TypeAdapterRuntimeTypeWrapper	write(com.google.gson.stream.JsonWriter,T)	type	com.google.gson.internal.bind.TypeAdapterRuntimeTypeWrapper	SOURCE
com.google.gson.internal.bind.TypeAdapterRuntimeTypeWrapper	write(com.google.gson.stream.JsonWriter,T)	type	com.google.gson.internal.bind.TypeAdapterRuntimeTypeWrapper	SOURCE
com.google.gson.internal.bind.TypeAdapterRuntimeTypeWrapper	write(com.google.gson.stream.JsonWriter,T)	context	com.google.gson.internal.bind.TypeAdapterRuntimeTypeWrapper	SOURCE
com.google.gson.internal.bind.TypeAdapterRuntimeTypeWrapper	write(com.google.gson.stream.JsonWriter,T)	delegate	com.google.gson.internal.bind.TypeAdapterRuntimeTypeWrapper	SOURCE
com.google.gson.internal.bind.TypeAdapterRuntimeTypeWrapper	write(com.google.gson.stream.JsonWriter,T)	delegate	com.google.gson.internal.bind.TypeAdapterRuntimeTypeWrapper	SOURCE
com.google.gson.internal.bind.TypeAdapterRuntimeTypeWrapper	getRuntimeTypeIfMoreSpecific(java.lang.reflect.Type,java.lang.Object)	class	java.lang.Object	SOURCE
com.google.gson.internal.bind.JsonTreeReader	JsonTreeReader(com.google.gson.JsonElement)	UNREADABLE_READER	com.google.gson.internal.bind.JsonTreeReader	SOURCE
com.google.gson.internal.bind.JsonTreeReader	beginArray()	pathIndices	com.google.gson.internal.bind.JsonTreeReader	SOURCE
com.google.gson.internal.bind.JsonTreeReader	beginArray()	stackSize	com.google.gson.internal.bind.JsonTreeReader	SOURCE
com.google.gson.internal.bind.JsonTreeReader	endArray()	stackSize	com.google.gson.internal.bind.JsonTreeReader	SOURCE
com.google.gson.internal.bind.JsonTreeReader	endArray()	pathIndices	com.google.gson.internal.bind.JsonTreeReader	SOURCE
com.google.gson.internal.bind.JsonTreeReader	endArray()	stackSize	com.google.gson.internal.bind.JsonTreeReader	SOURCE
com.google.gson.internal.bind.JsonTreeReader	endObject()	stackSize	com.google.gson.internal.bind.JsonTreeReader	SOURCE
com.google.gson.internal.bind.JsonTreeReader	endObject()	pathIndices	com.google.gson.internal.bind.JsonTreeReader	SOURCE
com.google.gson.internal.bind.JsonTreeReader	endObject()	stackSize	com.google.gson.internal.bind.JsonTreeReader	SOURCE
com.google.gson.internal.bind.JsonTreeReader	peek()	stackSize	com.google.gson.internal.bind.JsonTreeReader	SOURCE
com.google.gson.internal.bind.JsonTreeReader	peek()	stack	com.google.gson.internal.bind.JsonTreeReader	SOURCE
com.google.gson.internal.bind.JsonTreeReader	peek()	stackSize	com.google.gson.internal.bind.JsonTreeReader	SOURCE
com.google.gson.internal.bind.JsonTreeReader	peek()	SENTINEL_CLOSED	com.google.gson.internal.bind.JsonTreeReader	SOURCE
com.google.gson.internal.bind.JsonTreeReader	peekStack()	stack	com.google.gson.internal.bind.JsonTreeReader	SOURCE
com.google.gson.internal.bind.JsonTreeReader	peekStack()	stackSize	com.google.gson.internal.bind.JsonTreeReader	SOURCE
com.google.gson.internal.bind.JsonTreeReader	popStack()	stack	com.google.gson.internal.bind.JsonTreeReader	SOURCE
com.google.gson.internal.bind.JsonTreeReader	popStack()	stackSize	com.google.gson.internal.bind.JsonTreeReader	SOURCE
com.google.gson.internal.bind.JsonTreeReader	popStack()	stack	com.google.gson.internal.bind.JsonTreeReader	SOURCE
com.google.gson.internal.bind.JsonTreeReader	popStack()	stackSize	com.google.gson.internal.bind.JsonTreeReader	SOURCE
com.google.gson.internal.bind.JsonTreeReader	nextName()	pathNames	com.google.gson.internal.bind.JsonTreeReader	SOURCE
com.google.gson.internal.bind.JsonTreeReader	nextName()	stackSize	com.google.gson.internal.bind.JsonTreeReader	SOURCE
com.google.gson.internal.bind.JsonTreeReader	nextString()	stackSize	com.google.gson.internal.bind.JsonTreeReader	SOURCE
com.google.gson.internal.bind.JsonTreeReader	nextString()	pathIndices	com.google.gson.internal.bind.JsonTreeReader	SOURCE
com.google.gson.internal.bind.JsonTreeReader	nextString()	stackSize	com.google.gson.internal.bind.JsonTreeReader	SOURCE
com.google.gson.internal.bind.JsonTreeReader	nextBoolean()	stackSize	com.google.gson.internal.bind.JsonTreeReader	SOURCE
com.google.gson.internal.bind.JsonTreeReader	nextBoolean()	pathIndices	com.google.gson.internal.bind.JsonTreeReader	SOURCE
com.google.gson.internal.bind.JsonTreeReader	nextBoolean()	stackSize	com.google.gson.internal.bind.JsonTreeReader	SOURCE
com.google.gson.internal.bind.JsonTreeReader	nextNull()	stackSize	com.google.gson.internal.bind.JsonTreeReader	SOURCE
com.google.gson.internal.bind.JsonTreeReader	nextNull()	pathIndices	com.google.gson.internal.bind.JsonTreeReader	SOURCE
com.google.gson.internal.bind.JsonTreeReader	nextNull()	stackSize	com.google.gson.internal.bind.JsonTreeReader	SOURCE
com.google.gson.internal.bind.JsonTreeReader	nextDouble()	stackSize	com.google.gson.internal.bind.JsonTreeReader	SOURCE
com.google.gson.internal.bind.JsonTreeReader	nextDouble()	pathIndices	com.google.gson.internal.bind.JsonTreeReader	SOURCE
com.google.gson.internal.bind.JsonTreeReader	nextDouble()	stackSize	com.google.gson.internal.bind.JsonTreeReader	SOURCE
com.google.gson.internal.bind.JsonTreeReader	nextLong()	stackSize	com.google.gson.internal.bind.JsonTreeReader	SOURCE
com.google.gson.internal.bind.JsonTreeReader	nextLong()	pathIndices	com.google.gson.internal.bind.JsonTreeReader	SOURCE
com.google.gson.internal.bind.JsonTreeReader	nextLong()	stackSize	com.google.gson.internal.bind.JsonTreeReader	SOURCE
com.google.gson.internal.bind.JsonTreeReader	nextInt()	stackSize	com.google.gson.internal.bind.JsonTreeReader	SOURCE
com.google.gson.internal.bind.JsonTreeReader	nextInt()	pathIndices	com.google.gson.internal.bind.JsonTreeReader	SOURCE
com.google.gson.internal.bind.JsonTreeReader	nextInt()	stackSize	com.google.gson.internal.bind.JsonTreeReader	SOURCE
com.google.gson.internal.bind.JsonTreeReader	close()	stack	com.google.gson.internal.bind.JsonTreeReader	SOURCE
com.google.gson.internal.bind.JsonTreeReader	close()	SENTINEL_CLOSED	com.google.gson.internal.bind.JsonTreeReader	SOURCE
com.google.gson.internal.bind.JsonTreeReader	close()	stackSize	com.google.gson.internal.bind.JsonTreeReader	SOURCE
com.google.gson.internal.bind.JsonTreeReader	skipValue()	pathNames	com.google.gson.internal.bind.JsonTreeReader	SOURCE
com.google.gson.internal.bind.JsonTreeReader	skipValue()	stackSize	com.google.gson.internal.bind.JsonTreeReader	SOURCE
com.google.gson.internal.bind.JsonTreeReader	skipValue()	stackSize	com.google.gson.internal.bind.JsonTreeReader	SOURCE
com.google.gson.internal.bind.JsonTreeReader	skipValue()	pathNames	com.google.gson.internal.bind.JsonTreeReader	SOURCE
com.google.gson.internal.bind.JsonTreeReader	skipValue()	stackSize	com.google.gson.internal.bind.JsonTreeReader	SOURCE
com.google.gson.internal.bind.JsonTreeReader	skipValue()	stackSize	com.google.gson.internal.bind.JsonTreeReader	SOURCE
com.google.gson.internal.bind.JsonTreeReader	skipValue()	pathIndices	com.google.gson.internal.bind.JsonTreeReader	SOURCE
com.google.gson.internal.bind.JsonTreeReader	skipValue()	stackSize	com.google.gson.internal.bind.JsonTreeReader	SOURCE
com.google.gson.internal.bind.JsonTreeReader	push(java.lang.Object)	stackSize	com.google.gson.internal.bind.JsonTreeReader	SOURCE
com.google.gson.internal.bind.JsonTreeReader	push(java.lang.Object)	length	Array	SOURCE
com.google.gson.internal.bind.JsonTreeReader	push(java.lang.Object)	stack	com.google.gson.internal.bind.JsonTreeReader	SOURCE
com.google.gson.internal.bind.JsonTreeReader	push(java.lang.Object)	stackSize	com.google.gson.internal.bind.JsonTreeReader	SOURCE
com.google.gson.internal.bind.JsonTreeReader	push(java.lang.Object)	stack	com.google.gson.internal.bind.JsonTreeReader	SOURCE
com.google.gson.internal.bind.JsonTreeReader	push(java.lang.Object)	stack	com.google.gson.internal.bind.JsonTreeReader	SOURCE
com.google.gson.internal.bind.JsonTreeReader	push(java.lang.Object)	pathIndices	com.google.gson.internal.bind.JsonTreeReader	SOURCE
com.google.gson.internal.bind.JsonTreeReader	push(java.lang.Object)	pathIndices	com.google.gson.internal.bind.JsonTreeReader	SOURCE
com.google.gson.internal.bind.JsonTreeReader	push(java.lang.Object)	pathNames	com.google.gson.internal.bind.JsonTreeReader	SOURCE
com.google.gson.internal.bind.JsonTreeReader	push(java.lang.Object)	pathNames	com.google.gson.internal.bind.JsonTreeReader	SOURCE
com.google.gson.internal.bind.JsonTreeReader	push(java.lang.Object)	stack	com.google.gson.internal.bind.JsonTreeReader	SOURCE
com.google.gson.internal.bind.JsonTreeReader	push(java.lang.Object)	stackSize	com.google.gson.internal.bind.JsonTreeReader	SOURCE
com.google.gson.internal.bind.JsonTreeReader	getPath()	stackSize	com.google.gson.internal.bind.JsonTreeReader	SOURCE
com.google.gson.internal.bind.JsonTreeReader	getPath()	stack	com.google.gson.internal.bind.JsonTreeReader	SOURCE
com.google.gson.internal.bind.JsonTreeReader	getPath()	stack	com.google.gson.internal.bind.JsonTreeReader	SOURCE
com.google.gson.internal.bind.JsonTreeReader	getPath()	pathIndices	com.google.gson.internal.bind.JsonTreeReader	SOURCE
com.google.gson.internal.bind.JsonTreeReader	getPath()	stack	com.google.gson.internal.bind.JsonTreeReader	SOURCE
com.google.gson.internal.bind.JsonTreeReader	getPath()	stack	com.google.gson.internal.bind.JsonTreeReader	SOURCE
com.google.gson.internal.bind.JsonTreeReader	getPath()	pathNames	com.google.gson.internal.bind.JsonTreeReader	SOURCE
com.google.gson.internal.bind.JsonTreeReader	getPath()	pathNames	com.google.gson.internal.bind.JsonTreeReader	SOURCE
com.google.gson.internal.bind.TimeTypeAdapter$1	<T>create(com.google.gson.Gson,com.google.gson.reflect.TypeToken<T>)	class	java.sql.Time	SOURCE
com.google.gson.internal.bind.TimeTypeAdapter	read(com.google.gson.stream.JsonReader)	format	com.google.gson.internal.bind.TimeTypeAdapter	SOURCE
com.google.gson.internal.bind.TimeTypeAdapter	write(com.google.gson.stream.JsonWriter,java.sql.Time)	format	com.google.gson.internal.bind.TimeTypeAdapter	SOURCE
com.google.gson.internal.bind.util.ISO8601Utils	UTC_ID	UTC_ID	com.google.gson.internal.bind.util.ISO8601Utils	SOURCE
com.google.gson.internal.bind.util.ISO8601Utils	format(java.util.Date)	TIMEZONE_UTC	com.google.gson.internal.bind.util.ISO8601Utils	SOURCE
com.google.gson.internal.bind.util.ISO8601Utils	format(java.util.Date,boolean)	TIMEZONE_UTC	com.google.gson.internal.bind.util.ISO8601Utils	SOURCE
com.google.gson.internal.bind.util.ISO8601Utils	format(java.util.Date,boolean,java.util.TimeZone)	US	java.util.Locale	SOURCE
com.google.gson.internal.bind.util.ISO8601Utils	format(java.util.Date,boolean,java.util.TimeZone)	YEAR	java.util.Calendar	SOURCE
com.google.gson.internal.bind.util.ISO8601Utils	format(java.util.Date,boolean,java.util.TimeZone)	MONTH	java.util.Calendar	SOURCE
com.google.gson.internal.bind.util.ISO8601Utils	format(java.util.Date,boolean,java.util.TimeZone)	DAY_OF_MONTH	java.util.Calendar	SOURCE
com.google.gson.internal.bind.util.ISO8601Utils	format(java.util.Date,boolean,java.util.TimeZone)	HOUR_OF_DAY	java.util.Calendar	SOURCE
com.google.gson.internal.bind.util.ISO8601Utils	format(java.util.Date,boolean,java.util.TimeZone)	MINUTE	java.util.Calendar	SOURCE
com.google.gson.internal.bind.util.ISO8601Utils	format(java.util.Date,boolean,java.util.TimeZone)	SECOND	java.util.Calendar	SOURCE
com.google.gson.internal.bind.util.ISO8601Utils	format(java.util.Date,boolean,java.util.TimeZone)	MILLISECOND	java.util.Calendar	SOURCE
com.google.gson.internal.bind.util.ISO8601Utils	parse(java.lang.String,java.text.ParsePosition)	TIMEZONE_UTC	com.google.gson.internal.bind.util.ISO8601Utils	SOURCE
com.google.gson.internal.bind.util.ISO8601Utils	parse(java.lang.String,java.text.ParsePosition)	TIMEZONE_UTC	com.google.gson.internal.bind.util.ISO8601Utils	SOURCE
com.google.gson.internal.bind.util.ISO8601Utils	parse(java.lang.String,java.text.ParsePosition)	YEAR	java.util.Calendar	SOURCE
com.google.gson.internal.bind.util.ISO8601Utils	parse(java.lang.String,java.text.ParsePosition)	MONTH	java.util.Calendar	SOURCE
com.google.gson.internal.bind.util.ISO8601Utils	parse(java.lang.String,java.text.ParsePosition)	DAY_OF_MONTH	java.util.Calendar	SOURCE
com.google.gson.internal.bind.util.ISO8601Utils	parse(java.lang.String,java.text.ParsePosition)	HOUR_OF_DAY	java.util.Calendar	SOURCE
com.google.gson.internal.bind.util.ISO8601Utils	parse(java.lang.String,java.text.ParsePosition)	MINUTE	java.util.Calendar	SOURCE
com.google.gson.internal.bind.util.ISO8601Utils	parse(java.lang.String,java.text.ParsePosition)	SECOND	java.util.Calendar	SOURCE
com.google.gson.internal.bind.util.ISO8601Utils	parse(java.lang.String,java.text.ParsePosition)	MILLISECOND	java.util.Calendar	SOURCE
com.google.gson.internal.bind.TreeTypeAdapter	TreeTypeAdapter(com.google.gson.JsonSerializer<T>,com.google.gson.JsonDeserializer<T>,com.google.gson.Gson,com.google.gson.reflect.TypeToken<T>,com.google.gson.TypeAdapterFactory)	serializer	com.google.gson.internal.bind.TreeTypeAdapter	SOURCE
com.google.gson.internal.bind.TreeTypeAdapter	TreeTypeAdapter(com.google.gson.JsonSerializer<T>,com.google.gson.JsonDeserializer<T>,com.google.gson.Gson,com.google.gson.reflect.TypeToken<T>,com.google.gson.TypeAdapterFactory)	this	com.google.gson.internal.bind.TreeTypeAdapter	SOURCE
com.google.gson.internal.bind.TreeTypeAdapter	TreeTypeAdapter(com.google.gson.JsonSerializer<T>,com.google.gson.JsonDeserializer<T>,com.google.gson.Gson,com.google.gson.reflect.TypeToken<T>,com.google.gson.TypeAdapterFactory)	deserializer	com.google.gson.internal.bind.TreeTypeAdapter	SOURCE
com.google.gson.internal.bind.TreeTypeAdapter	TreeTypeAdapter(com.google.gson.JsonSerializer<T>,com.google.gson.JsonDeserializer<T>,com.google.gson.Gson,com.google.gson.reflect.TypeToken<T>,com.google.gson.TypeAdapterFactory)	this	com.google.gson.internal.bind.TreeTypeAdapter	SOURCE
com.google.gson.internal.bind.TreeTypeAdapter	TreeTypeAdapter(com.google.gson.JsonSerializer<T>,com.google.gson.JsonDeserializer<T>,com.google.gson.Gson,com.google.gson.reflect.TypeToken<T>,com.google.gson.TypeAdapterFactory)	gson	com.google.gson.internal.bind.TreeTypeAdapter	SOURCE
com.google.gson.internal.bind.TreeTypeAdapter	TreeTypeAdapter(com.google.gson.JsonSerializer<T>,com.google.gson.JsonDeserializer<T>,com.google.gson.Gson,com.google.gson.reflect.TypeToken<T>,com.google.gson.TypeAdapterFactory)	this	com.google.gson.internal.bind.TreeTypeAdapter	SOURCE
com.google.gson.internal.bind.TreeTypeAdapter	TreeTypeAdapter(com.google.gson.JsonSerializer<T>,com.google.gson.JsonDeserializer<T>,com.google.gson.Gson,com.google.gson.reflect.TypeToken<T>,com.google.gson.TypeAdapterFactory)	typeToken	com.google.gson.internal.bind.TreeTypeAdapter	SOURCE
com.google.gson.internal.bind.TreeTypeAdapter	TreeTypeAdapter(com.google.gson.JsonSerializer<T>,com.google.gson.JsonDeserializer<T>,com.google.gson.Gson,com.google.gson.reflect.TypeToken<T>,com.google.gson.TypeAdapterFactory)	this	com.google.gson.internal.bind.TreeTypeAdapter	SOURCE
com.google.gson.internal.bind.TreeTypeAdapter	TreeTypeAdapter(com.google.gson.JsonSerializer<T>,com.google.gson.JsonDeserializer<T>,com.google.gson.Gson,com.google.gson.reflect.TypeToken<T>,com.google.gson.TypeAdapterFactory)	skipPast	com.google.gson.internal.bind.TreeTypeAdapter	SOURCE
com.google.gson.internal.bind.TreeTypeAdapter	TreeTypeAdapter(com.google.gson.JsonSerializer<T>,com.google.gson.JsonDeserializer<T>,com.google.gson.Gson,com.google.gson.reflect.TypeToken<T>,com.google.gson.TypeAdapterFactory)	this	com.google.gson.internal.bind.TreeTypeAdapter	SOURCE
com.google.gson.internal.bind.TreeTypeAdapter	read(com.google.gson.stream.JsonReader)	deserializer	com.google.gson.internal.bind.TreeTypeAdapter	SOURCE
com.google.gson.internal.bind.TreeTypeAdapter	read(com.google.gson.stream.JsonReader)	deserializer	com.google.gson.internal.bind.TreeTypeAdapter	SOURCE
com.google.gson.internal.bind.TreeTypeAdapter	read(com.google.gson.stream.JsonReader)	typeToken	com.google.gson.internal.bind.TreeTypeAdapter	SOURCE
com.google.gson.internal.bind.TreeTypeAdapter	read(com.google.gson.stream.JsonReader)	context	com.google.gson.internal.bind.TreeTypeAdapter	SOURCE
com.google.gson.internal.bind.TreeTypeAdapter	write(com.google.gson.stream.JsonWriter,T)	serializer	com.google.gson.internal.bind.TreeTypeAdapter	SOURCE
com.google.gson.internal.bind.TreeTypeAdapter	write(com.google.gson.stream.JsonWriter,T)	serializer	com.google.gson.internal.bind.TreeTypeAdapter	SOURCE
com.google.gson.internal.bind.TreeTypeAdapter	write(com.google.gson.stream.JsonWriter,T)	typeToken	com.google.gson.internal.bind.TreeTypeAdapter	SOURCE
com.google.gson.internal.bind.TreeTypeAdapter	write(com.google.gson.stream.JsonWriter,T)	context	com.google.gson.internal.bind.TreeTypeAdapter	SOURCE
com.google.gson.internal.bind.TreeTypeAdapter	delegate()	delegate	com.google.gson.internal.bind.TreeTypeAdapter	SOURCE
com.google.gson.internal.bind.TreeTypeAdapter	delegate()	delegate	com.google.gson.internal.bind.TreeTypeAdapter	SOURCE
com.google.gson.internal.bind.TreeTypeAdapter	delegate()	delegate	com.google.gson.internal.bind.TreeTypeAdapter	SOURCE
com.google.gson.internal.bind.TreeTypeAdapter	delegate()	gson	com.google.gson.internal.bind.TreeTypeAdapter	SOURCE
com.google.gson.internal.bind.TreeTypeAdapter	delegate()	skipPast	com.google.gson.internal.bind.TreeTypeAdapter	SOURCE
com.google.gson.internal.bind.TreeTypeAdapter	delegate()	typeToken	com.google.gson.internal.bind.TreeTypeAdapter	SOURCE
com.google.gson.internal.bind.TreeTypeAdapter$SingleTypeFactory	SingleTypeFactory(java.lang.Object,com.google.gson.reflect.TypeToken<?>,boolean,java.lang.Class<?>)	serializer	com.google.gson.internal.bind.TreeTypeAdapter$SingleTypeFactory	SOURCE
com.google.gson.internal.bind.TreeTypeAdapter$SingleTypeFactory	SingleTypeFactory(java.lang.Object,com.google.gson.reflect.TypeToken<?>,boolean,java.lang.Class<?>)	deserializer	com.google.gson.internal.bind.TreeTypeAdapter$SingleTypeFactory	SOURCE
com.google.gson.internal.bind.TreeTypeAdapter$SingleTypeFactory	SingleTypeFactory(java.lang.Object,com.google.gson.reflect.TypeToken<?>,boolean,java.lang.Class<?>)	serializer	com.google.gson.internal.bind.TreeTypeAdapter$SingleTypeFactory	SOURCE
com.google.gson.internal.bind.TreeTypeAdapter$SingleTypeFactory	SingleTypeFactory(java.lang.Object,com.google.gson.reflect.TypeToken<?>,boolean,java.lang.Class<?>)	deserializer	com.google.gson.internal.bind.TreeTypeAdapter$SingleTypeFactory	SOURCE
com.google.gson.internal.bind.TreeTypeAdapter$SingleTypeFactory	SingleTypeFactory(java.lang.Object,com.google.gson.reflect.TypeToken<?>,boolean,java.lang.Class<?>)	exactType	com.google.gson.internal.bind.TreeTypeAdapter$SingleTypeFactory	SOURCE
com.google.gson.internal.bind.TreeTypeAdapter$SingleTypeFactory	SingleTypeFactory(java.lang.Object,com.google.gson.reflect.TypeToken<?>,boolean,java.lang.Class<?>)	this	com.google.gson.internal.bind.TreeTypeAdapter$SingleTypeFactory	SOURCE
com.google.gson.internal.bind.TreeTypeAdapter$SingleTypeFactory	SingleTypeFactory(java.lang.Object,com.google.gson.reflect.TypeToken<?>,boolean,java.lang.Class<?>)	matchRawType	com.google.gson.internal.bind.TreeTypeAdapter$SingleTypeFactory	SOURCE
com.google.gson.internal.bind.TreeTypeAdapter$SingleTypeFactory	SingleTypeFactory(java.lang.Object,com.google.gson.reflect.TypeToken<?>,boolean,java.lang.Class<?>)	this	com.google.gson.internal.bind.TreeTypeAdapter$SingleTypeFactory	SOURCE
com.google.gson.internal.bind.TreeTypeAdapter$SingleTypeFactory	SingleTypeFactory(java.lang.Object,com.google.gson.reflect.TypeToken<?>,boolean,java.lang.Class<?>)	hierarchyType	com.google.gson.internal.bind.TreeTypeAdapter$SingleTypeFactory	SOURCE
com.google.gson.internal.bind.TreeTypeAdapter$SingleTypeFactory	SingleTypeFactory(java.lang.Object,com.google.gson.reflect.TypeToken<?>,boolean,java.lang.Class<?>)	this	com.google.gson.internal.bind.TreeTypeAdapter$SingleTypeFactory	SOURCE
com.google.gson.internal.bind.TreeTypeAdapter$SingleTypeFactory	<T>create(com.google.gson.Gson,com.google.gson.reflect.TypeToken<T>)	exactType	com.google.gson.internal.bind.TreeTypeAdapter$SingleTypeFactory	SOURCE
com.google.gson.internal.bind.TreeTypeAdapter$SingleTypeFactory	<T>create(com.google.gson.Gson,com.google.gson.reflect.TypeToken<T>)	exactType	com.google.gson.internal.bind.TreeTypeAdapter$SingleTypeFactory	SOURCE
com.google.gson.internal.bind.TreeTypeAdapter$SingleTypeFactory	<T>create(com.google.gson.Gson,com.google.gson.reflect.TypeToken<T>)	matchRawType	com.google.gson.internal.bind.TreeTypeAdapter$SingleTypeFactory	SOURCE
com.google.gson.internal.bind.TreeTypeAdapter$SingleTypeFactory	<T>create(com.google.gson.Gson,com.google.gson.reflect.TypeToken<T>)	exactType	com.google.gson.internal.bind.TreeTypeAdapter$SingleTypeFactory	SOURCE
com.google.gson.internal.bind.TreeTypeAdapter$SingleTypeFactory	<T>create(com.google.gson.Gson,com.google.gson.reflect.TypeToken<T>)	hierarchyType	com.google.gson.internal.bind.TreeTypeAdapter$SingleTypeFactory	SOURCE
com.google.gson.internal.bind.TreeTypeAdapter$SingleTypeFactory	<T>create(com.google.gson.Gson,com.google.gson.reflect.TypeToken<T>)	serializer	com.google.gson.internal.bind.TreeTypeAdapter$SingleTypeFactory	SOURCE
com.google.gson.internal.bind.TreeTypeAdapter$SingleTypeFactory	<T>create(com.google.gson.Gson,com.google.gson.reflect.TypeToken<T>)	deserializer	com.google.gson.internal.bind.TreeTypeAdapter$SingleTypeFactory	SOURCE
com.google.gson.internal.bind.TreeTypeAdapter$SingleTypeFactory	<T>create(com.google.gson.Gson,com.google.gson.reflect.TypeToken<T>)	this	com.google.gson.internal.bind.TreeTypeAdapter$SingleTypeFactory	SOURCE
com.google.gson.internal.bind.TreeTypeAdapter$GsonContextImpl	serialize(java.lang.Object)	gson	com.google.gson.internal.bind.TreeTypeAdapter	SOURCE
com.google.gson.internal.bind.TreeTypeAdapter$GsonContextImpl	serialize(java.lang.Object,java.lang.reflect.Type)	gson	com.google.gson.internal.bind.TreeTypeAdapter	SOURCE
com.google.gson.internal.bind.TreeTypeAdapter$GsonContextImpl	<R>deserialize(com.google.gson.JsonElement,java.lang.reflect.Type)	gson	com.google.gson.internal.bind.TreeTypeAdapter	SOURCE
com.google.gson.internal.JavaVersion	parseDotted(java.lang.String)	length	Array	SOURCE
com.google.gson.internal.JavaVersion	getMajorJavaVersion()	majorJavaVersion	com.google.gson.internal.JavaVersion	SOURCE
com.google.gson.internal.JavaVersion	isJava9OrLater()	majorJavaVersion	com.google.gson.internal.JavaVersion	SOURCE
com.google.gson.internal.$Gson$Types	subtypeOf(java.lang.reflect.Type)	EMPTY_TYPE_ARRAY	com.google.gson.internal.$Gson$Types	SOURCE
com.google.gson.internal.$Gson$Types	supertypeOf(java.lang.reflect.Type)	class	java.lang.Object	SOURCE
com.google.gson.internal.$Gson$Types	getRawType(java.lang.reflect.Type)	class	java.lang.Object	SOURCE
com.google.gson.internal.$Gson$Types	getGenericSupertype(java.lang.reflect.Type,java.lang.Class<?>,java.lang.Class<?>)	length	Array	SOURCE
com.google.gson.internal.$Gson$Types	getGenericSupertype(java.lang.reflect.Type,java.lang.Class<?>,java.lang.Class<?>)	length	Array	SOURCE
com.google.gson.internal.$Gson$Types	getGenericSupertype(java.lang.reflect.Type,java.lang.Class<?>,java.lang.Class<?>)	class	java.lang.Object	SOURCE
com.google.gson.internal.$Gson$Types	getCollectionElementType(java.lang.reflect.Type,java.lang.Class<?>)	class	java.util.Collection	SOURCE
com.google.gson.internal.$Gson$Types	getCollectionElementType(java.lang.reflect.Type,java.lang.Class<?>)	class	java.lang.Object	SOURCE
com.google.gson.internal.$Gson$Types	getMapKeyAndValueTypes(java.lang.reflect.Type,java.lang.Class<?>)	class	java.util.Properties	SOURCE
com.google.gson.internal.$Gson$Types	getMapKeyAndValueTypes(java.lang.reflect.Type,java.lang.Class<?>)	class	java.lang.String	SOURCE
com.google.gson.internal.$Gson$Types	getMapKeyAndValueTypes(java.lang.reflect.Type,java.lang.Class<?>)	class	java.lang.String	SOURCE
com.google.gson.internal.$Gson$Types	getMapKeyAndValueTypes(java.lang.reflect.Type,java.lang.Class<?>)	class	java.util.Map	SOURCE
com.google.gson.internal.$Gson$Types	getMapKeyAndValueTypes(java.lang.reflect.Type,java.lang.Class<?>)	class	java.lang.Object	SOURCE
com.google.gson.internal.$Gson$Types	getMapKeyAndValueTypes(java.lang.reflect.Type,java.lang.Class<?>)	class	java.lang.Object	SOURCE
com.google.gson.internal.$Gson$Types	resolve(java.lang.reflect.Type,java.lang.Class<?>,java.lang.reflect.Type,java.util.Collection<java.lang.reflect.TypeVariable>)	length	Array	SOURCE
com.google.gson.internal.$Gson$Types	resolve(java.lang.reflect.Type,java.lang.Class<?>,java.lang.reflect.Type,java.util.Collection<java.lang.reflect.TypeVariable>)	length	Array	SOURCE
com.google.gson.internal.$Gson$Types	resolve(java.lang.reflect.Type,java.lang.Class<?>,java.lang.reflect.Type,java.util.Collection<java.lang.reflect.TypeVariable>)	length	Array	SOURCE
com.google.gson.internal.$Gson$Types	resolve(java.lang.reflect.Type,java.lang.Class<?>,java.lang.reflect.Type,java.util.Collection<java.lang.reflect.TypeVariable>)	length	Array	SOURCE
com.google.gson.internal.$Gson$Types	indexOf(java.lang.Object[],java.lang.Object)	length	Array	SOURCE
com.google.gson.internal.$Gson$Types	indexOf(java.lang.Object[],java.lang.Object)	length	Array	SOURCE
com.google.gson.internal.$Gson$Types$ParameterizedTypeImpl	ParameterizedTypeImpl(java.lang.reflect.Type,java.lang.reflect.Type,java.lang.reflect.Type...)	ownerType	com.google.gson.internal.$Gson$Types$ParameterizedTypeImpl	SOURCE
com.google.gson.internal.$Gson$Types$ParameterizedTypeImpl	ParameterizedTypeImpl(java.lang.reflect.Type,java.lang.reflect.Type,java.lang.reflect.Type...)	this	com.google.gson.internal.$Gson$Types$ParameterizedTypeImpl	SOURCE
com.google.gson.internal.$Gson$Types$ParameterizedTypeImpl	ParameterizedTypeImpl(java.lang.reflect.Type,java.lang.reflect.Type,java.lang.reflect.Type...)	rawType	com.google.gson.internal.$Gson$Types$ParameterizedTypeImpl	SOURCE
com.google.gson.internal.$Gson$Types$ParameterizedTypeImpl	ParameterizedTypeImpl(java.lang.reflect.Type,java.lang.reflect.Type,java.lang.reflect.Type...)	this	com.google.gson.internal.$Gson$Types$ParameterizedTypeImpl	SOURCE
com.google.gson.internal.$Gson$Types$ParameterizedTypeImpl	ParameterizedTypeImpl(java.lang.reflect.Type,java.lang.reflect.Type,java.lang.reflect.Type...)	typeArguments	com.google.gson.internal.$Gson$Types$ParameterizedTypeImpl	SOURCE
com.google.gson.internal.$Gson$Types$ParameterizedTypeImpl	ParameterizedTypeImpl(java.lang.reflect.Type,java.lang.reflect.Type,java.lang.reflect.Type...)	this	com.google.gson.internal.$Gson$Types$ParameterizedTypeImpl	SOURCE
com.google.gson.internal.$Gson$Types$ParameterizedTypeImpl	ParameterizedTypeImpl(java.lang.reflect.Type,java.lang.reflect.Type,java.lang.reflect.Type...)	length	Array	SOURCE
com.google.gson.internal.$Gson$Types$ParameterizedTypeImpl	ParameterizedTypeImpl(java.lang.reflect.Type,java.lang.reflect.Type,java.lang.reflect.Type...)	length	Array	SOURCE
com.google.gson.internal.$Gson$Types$ParameterizedTypeImpl	ParameterizedTypeImpl(java.lang.reflect.Type,java.lang.reflect.Type,java.lang.reflect.Type...)	typeArguments	com.google.gson.internal.$Gson$Types$ParameterizedTypeImpl	SOURCE
com.google.gson.internal.$Gson$Types$ParameterizedTypeImpl	ParameterizedTypeImpl(java.lang.reflect.Type,java.lang.reflect.Type,java.lang.reflect.Type...)	this	com.google.gson.internal.$Gson$Types$ParameterizedTypeImpl	SOURCE
com.google.gson.internal.$Gson$Types$ParameterizedTypeImpl	ParameterizedTypeImpl(java.lang.reflect.Type,java.lang.reflect.Type,java.lang.reflect.Type...)	typeArguments	com.google.gson.internal.$Gson$Types$ParameterizedTypeImpl	SOURCE
com.google.gson.internal.$Gson$Types$ParameterizedTypeImpl	ParameterizedTypeImpl(java.lang.reflect.Type,java.lang.reflect.Type,java.lang.reflect.Type...)	this	com.google.gson.internal.$Gson$Types$ParameterizedTypeImpl	SOURCE
com.google.gson.internal.$Gson$Types$ParameterizedTypeImpl	ParameterizedTypeImpl(java.lang.reflect.Type,java.lang.reflect.Type,java.lang.reflect.Type...)	typeArguments	com.google.gson.internal.$Gson$Types$ParameterizedTypeImpl	SOURCE
com.google.gson.internal.$Gson$Types$ParameterizedTypeImpl	ParameterizedTypeImpl(java.lang.reflect.Type,java.lang.reflect.Type,java.lang.reflect.Type...)	this	com.google.gson.internal.$Gson$Types$ParameterizedTypeImpl	SOURCE
com.google.gson.internal.$Gson$Types$ParameterizedTypeImpl	ParameterizedTypeImpl(java.lang.reflect.Type,java.lang.reflect.Type,java.lang.reflect.Type...)	typeArguments	com.google.gson.internal.$Gson$Types$ParameterizedTypeImpl	SOURCE
com.google.gson.internal.$Gson$Types$ParameterizedTypeImpl	ParameterizedTypeImpl(java.lang.reflect.Type,java.lang.reflect.Type,java.lang.reflect.Type...)	this	com.google.gson.internal.$Gson$Types$ParameterizedTypeImpl	SOURCE
com.google.gson.internal.$Gson$Types$ParameterizedTypeImpl	ParameterizedTypeImpl(java.lang.reflect.Type,java.lang.reflect.Type,java.lang.reflect.Type...)	typeArguments	com.google.gson.internal.$Gson$Types$ParameterizedTypeImpl	SOURCE
com.google.gson.internal.$Gson$Types$ParameterizedTypeImpl	ParameterizedTypeImpl(java.lang.reflect.Type,java.lang.reflect.Type,java.lang.reflect.Type...)	this	com.google.gson.internal.$Gson$Types$ParameterizedTypeImpl	SOURCE
com.google.gson.internal.$Gson$Types$ParameterizedTypeImpl	getActualTypeArguments()	typeArguments	com.google.gson.internal.$Gson$Types$ParameterizedTypeImpl	SOURCE
com.google.gson.internal.$Gson$Types$ParameterizedTypeImpl	getRawType()	rawType	com.google.gson.internal.$Gson$Types$ParameterizedTypeImpl	SOURCE
com.google.gson.internal.$Gson$Types$ParameterizedTypeImpl	getOwnerType()	ownerType	com.google.gson.internal.$Gson$Types$ParameterizedTypeImpl	SOURCE
com.google.gson.internal.$Gson$Types$ParameterizedTypeImpl	equals(java.lang.Object)	this	com.google.gson.internal.$Gson$Types$ParameterizedTypeImpl	SOURCE
com.google.gson.internal.$Gson$Types$ParameterizedTypeImpl	hashCode()	typeArguments	com.google.gson.internal.$Gson$Types$ParameterizedTypeImpl	SOURCE
com.google.gson.internal.$Gson$Types$ParameterizedTypeImpl	hashCode()	rawType	com.google.gson.internal.$Gson$Types$ParameterizedTypeImpl	SOURCE
com.google.gson.internal.$Gson$Types$ParameterizedTypeImpl	hashCode()	ownerType	com.google.gson.internal.$Gson$Types$ParameterizedTypeImpl	SOURCE
com.google.gson.internal.$Gson$Types$ParameterizedTypeImpl	toString()	length	Array	SOURCE
com.google.gson.internal.$Gson$Types$ParameterizedTypeImpl	toString()	length	Array	SOURCE
com.google.gson.internal.$Gson$Types$ParameterizedTypeImpl	toString()	typeArguments	com.google.gson.internal.$Gson$Types$ParameterizedTypeImpl	SOURCE
com.google.gson.internal.$Gson$Types$ParameterizedTypeImpl	toString()	rawType	com.google.gson.internal.$Gson$Types$ParameterizedTypeImpl	SOURCE
com.google.gson.internal.$Gson$Types$ParameterizedTypeImpl	toString()	rawType	com.google.gson.internal.$Gson$Types$ParameterizedTypeImpl	SOURCE
com.google.gson.internal.$Gson$Types$ParameterizedTypeImpl	toString()	typeArguments	com.google.gson.internal.$Gson$Types$ParameterizedTypeImpl	SOURCE
com.google.gson.internal.$Gson$Types$ParameterizedTypeImpl	toString()	typeArguments	com.google.gson.internal.$Gson$Types$ParameterizedTypeImpl	SOURCE
com.google.gson.internal.$Gson$Types$GenericArrayTypeImpl	GenericArrayTypeImpl(java.lang.reflect.Type)	componentType	com.google.gson.internal.$Gson$Types$GenericArrayTypeImpl	SOURCE
com.google.gson.internal.$Gson$Types$GenericArrayTypeImpl	GenericArrayTypeImpl(java.lang.reflect.Type)	this	com.google.gson.internal.$Gson$Types$GenericArrayTypeImpl	SOURCE
com.google.gson.internal.$Gson$Types$GenericArrayTypeImpl	getGenericComponentType()	componentType	com.google.gson.internal.$Gson$Types$GenericArrayTypeImpl	SOURCE
com.google.gson.internal.$Gson$Types$GenericArrayTypeImpl	equals(java.lang.Object)	this	com.google.gson.internal.$Gson$Types$GenericArrayTypeImpl	SOURCE
com.google.gson.internal.$Gson$Types$GenericArrayTypeImpl	hashCode()	componentType	com.google.gson.internal.$Gson$Types$GenericArrayTypeImpl	SOURCE
com.google.gson.internal.$Gson$Types$GenericArrayTypeImpl	toString()	componentType	com.google.gson.internal.$Gson$Types$GenericArrayTypeImpl	SOURCE
com.google.gson.internal.$Gson$Types$WildcardTypeImpl	WildcardTypeImpl(java.lang.reflect.Type[],java.lang.reflect.Type[])	length	Array	SOURCE
com.google.gson.internal.$Gson$Types$WildcardTypeImpl	WildcardTypeImpl(java.lang.reflect.Type[],java.lang.reflect.Type[])	length	Array	SOURCE
com.google.gson.internal.$Gson$Types$WildcardTypeImpl	WildcardTypeImpl(java.lang.reflect.Type[],java.lang.reflect.Type[])	length	Array	SOURCE
com.google.gson.internal.$Gson$Types$WildcardTypeImpl	WildcardTypeImpl(java.lang.reflect.Type[],java.lang.reflect.Type[])	class	java.lang.Object	SOURCE
com.google.gson.internal.$Gson$Types$WildcardTypeImpl	WildcardTypeImpl(java.lang.reflect.Type[],java.lang.reflect.Type[])	lowerBound	com.google.gson.internal.$Gson$Types$WildcardTypeImpl	SOURCE
com.google.gson.internal.$Gson$Types$WildcardTypeImpl	WildcardTypeImpl(java.lang.reflect.Type[],java.lang.reflect.Type[])	this	com.google.gson.internal.$Gson$Types$WildcardTypeImpl	SOURCE
com.google.gson.internal.$Gson$Types$WildcardTypeImpl	WildcardTypeImpl(java.lang.reflect.Type[],java.lang.reflect.Type[])	upperBound	com.google.gson.internal.$Gson$Types$WildcardTypeImpl	SOURCE
com.google.gson.internal.$Gson$Types$WildcardTypeImpl	WildcardTypeImpl(java.lang.reflect.Type[],java.lang.reflect.Type[])	this	com.google.gson.internal.$Gson$Types$WildcardTypeImpl	SOURCE
com.google.gson.internal.$Gson$Types$WildcardTypeImpl	WildcardTypeImpl(java.lang.reflect.Type[],java.lang.reflect.Type[])	class	java.lang.Object	SOURCE
com.google.gson.internal.$Gson$Types$WildcardTypeImpl	WildcardTypeImpl(java.lang.reflect.Type[],java.lang.reflect.Type[])	lowerBound	com.google.gson.internal.$Gson$Types$WildcardTypeImpl	SOURCE
com.google.gson.internal.$Gson$Types$WildcardTypeImpl	WildcardTypeImpl(java.lang.reflect.Type[],java.lang.reflect.Type[])	this	com.google.gson.internal.$Gson$Types$WildcardTypeImpl	SOURCE
com.google.gson.internal.$Gson$Types$WildcardTypeImpl	WildcardTypeImpl(java.lang.reflect.Type[],java.lang.reflect.Type[])	upperBound	com.google.gson.internal.$Gson$Types$WildcardTypeImpl	SOURCE
com.google.gson.internal.$Gson$Types$WildcardTypeImpl	WildcardTypeImpl(java.lang.reflect.Type[],java.lang.reflect.Type[])	this	com.google.gson.internal.$Gson$Types$WildcardTypeImpl	SOURCE
com.google.gson.internal.$Gson$Types$WildcardTypeImpl	getUpperBounds()	upperBound	com.google.gson.internal.$Gson$Types$WildcardTypeImpl	SOURCE
com.google.gson.internal.$Gson$Types$WildcardTypeImpl	getLowerBounds()	lowerBound	com.google.gson.internal.$Gson$Types$WildcardTypeImpl	SOURCE
com.google.gson.internal.$Gson$Types$WildcardTypeImpl	getLowerBounds()	lowerBound	com.google.gson.internal.$Gson$Types$WildcardTypeImpl	SOURCE
com.google.gson.internal.$Gson$Types$WildcardTypeImpl	getLowerBounds()	EMPTY_TYPE_ARRAY	com.google.gson.internal.$Gson$Types	SOURCE
com.google.gson.internal.$Gson$Types$WildcardTypeImpl	equals(java.lang.Object)	this	com.google.gson.internal.$Gson$Types$WildcardTypeImpl	SOURCE
com.google.gson.internal.$Gson$Types$WildcardTypeImpl	hashCode()	lowerBound	com.google.gson.internal.$Gson$Types$WildcardTypeImpl	SOURCE
com.google.gson.internal.$Gson$Types$WildcardTypeImpl	hashCode()	lowerBound	com.google.gson.internal.$Gson$Types$WildcardTypeImpl	SOURCE
com.google.gson.internal.$Gson$Types$WildcardTypeImpl	hashCode()	upperBound	com.google.gson.internal.$Gson$Types$WildcardTypeImpl	SOURCE
com.google.gson.internal.$Gson$Types$WildcardTypeImpl	toString()	lowerBound	com.google.gson.internal.$Gson$Types$WildcardTypeImpl	SOURCE
com.google.gson.internal.$Gson$Types$WildcardTypeImpl	toString()	lowerBound	com.google.gson.internal.$Gson$Types$WildcardTypeImpl	SOURCE
com.google.gson.internal.$Gson$Types$WildcardTypeImpl	toString()	upperBound	com.google.gson.internal.$Gson$Types$WildcardTypeImpl	SOURCE
com.google.gson.internal.$Gson$Types$WildcardTypeImpl	toString()	class	java.lang.Object	SOURCE
com.google.gson.internal.$Gson$Types$WildcardTypeImpl	toString()	upperBound	com.google.gson.internal.$Gson$Types$WildcardTypeImpl	SOURCE
com.google.gson.internal.LazilyParsedNumber	LazilyParsedNumber(java.lang.String)	value	com.google.gson.internal.LazilyParsedNumber	SOURCE
com.google.gson.internal.LazilyParsedNumber	LazilyParsedNumber(java.lang.String)	this	com.google.gson.internal.LazilyParsedNumber	SOURCE
com.google.gson.internal.LazilyParsedNumber	intValue()	value	com.google.gson.internal.LazilyParsedNumber	SOURCE
com.google.gson.internal.LazilyParsedNumber	intValue()	value	com.google.gson.internal.LazilyParsedNumber	SOURCE
com.google.gson.internal.LazilyParsedNumber	intValue()	value	com.google.gson.internal.LazilyParsedNumber	SOURCE
com.google.gson.internal.LazilyParsedNumber	longValue()	value	com.google.gson.internal.LazilyParsedNumber	SOURCE
com.google.gson.internal.LazilyParsedNumber	longValue()	value	com.google.gson.internal.LazilyParsedNumber	SOURCE
com.google.gson.internal.LazilyParsedNumber	floatValue()	value	com.google.gson.internal.LazilyParsedNumber	SOURCE
com.google.gson.internal.LazilyParsedNumber	doubleValue()	value	com.google.gson.internal.LazilyParsedNumber	SOURCE
com.google.gson.internal.LazilyParsedNumber	toString()	value	com.google.gson.internal.LazilyParsedNumber	SOURCE
com.google.gson.internal.LazilyParsedNumber	writeReplace()	value	com.google.gson.internal.LazilyParsedNumber	SOURCE
com.google.gson.internal.LazilyParsedNumber	hashCode()	value	com.google.gson.internal.LazilyParsedNumber	SOURCE
com.google.gson.internal.LazilyParsedNumber	equals(java.lang.Object)	this	com.google.gson.internal.LazilyParsedNumber	SOURCE
com.google.gson.internal.LazilyParsedNumber	equals(java.lang.Object)	value	com.google.gson.internal.LazilyParsedNumber	SOURCE
com.google.gson.internal.LazilyParsedNumber	equals(java.lang.Object)	value	com.google.gson.internal.LazilyParsedNumber	SOURCE
com.google.gson.internal.LazilyParsedNumber	equals(java.lang.Object)	value	com.google.gson.internal.LazilyParsedNumber	SOURCE
com.google.gson.internal.LazilyParsedNumber	equals(java.lang.Object)	value	com.google.gson.internal.LazilyParsedNumber	SOURCE
com.google.gson.internal.Streams	parse(com.google.gson.stream.JsonReader)	JSON_ELEMENT	com.google.gson.internal.bind.TypeAdapters	SOURCE
com.google.gson.internal.Streams	parse(com.google.gson.stream.JsonReader)	INSTANCE	com.google.gson.JsonNull	SOURCE
com.google.gson.internal.Streams	write(com.google.gson.JsonElement,com.google.gson.stream.JsonWriter)	JSON_ELEMENT	com.google.gson.internal.bind.TypeAdapters	SOURCE
com.google.gson.internal.Streams$AppendableWriter	AppendableWriter(java.lang.Appendable)	appendable	com.google.gson.internal.Streams$AppendableWriter	SOURCE
com.google.gson.internal.Streams$AppendableWriter	AppendableWriter(java.lang.Appendable)	this	com.google.gson.internal.Streams$AppendableWriter	SOURCE
com.google.gson.internal.Streams$AppendableWriter	write(char[],int,int)	chars	com.google.gson.internal.Streams$AppendableWriter$CurrentWrite	SOURCE
com.google.gson.internal.Streams$AppendableWriter	write(char[],int,int)	currentWrite	com.google.gson.internal.Streams$AppendableWriter	SOURCE
com.google.gson.internal.Streams$AppendableWriter	write(char[],int,int)	appendable	com.google.gson.internal.Streams$AppendableWriter	SOURCE
com.google.gson.internal.Streams$AppendableWriter	write(char[],int,int)	currentWrite	com.google.gson.internal.Streams$AppendableWriter	SOURCE
com.google.gson.internal.Streams$AppendableWriter	write(int)	appendable	com.google.gson.internal.Streams$AppendableWriter	SOURCE
com.google.gson.internal.Streams$AppendableWriter$CurrentWrite	length()	length	Array	SOURCE
com.google.gson.internal.Streams$AppendableWriter$CurrentWrite	length()	chars	com.google.gson.internal.Streams$AppendableWriter$CurrentWrite	SOURCE
com.google.gson.internal.Streams$AppendableWriter$CurrentWrite	charAt(int)	chars	com.google.gson.internal.Streams$AppendableWriter$CurrentWrite	SOURCE
com.google.gson.internal.Streams$AppendableWriter$CurrentWrite	subSequence(int,int)	chars	com.google.gson.internal.Streams$AppendableWriter$CurrentWrite	SOURCE
com.google.gson.internal.LinkedHashTreeMap	LinkedHashTreeMap()	NATURAL_ORDER	com.google.gson.internal.LinkedHashTreeMap	SOURCE
com.google.gson.internal.LinkedHashTreeMap	LinkedHashTreeMap(java.util.Comparator<? super K>)	comparator	com.google.gson.internal.LinkedHashTreeMap	SOURCE
com.google.gson.internal.LinkedHashTreeMap	LinkedHashTreeMap(java.util.Comparator<? super K>)	this	com.google.gson.internal.LinkedHashTreeMap	SOURCE
com.google.gson.internal.LinkedHashTreeMap	LinkedHashTreeMap(java.util.Comparator<? super K>)	NATURAL_ORDER	com.google.gson.internal.LinkedHashTreeMap	SOURCE
com.google.gson.internal.LinkedHashTreeMap	LinkedHashTreeMap(java.util.Comparator<? super K>)	header	com.google.gson.internal.LinkedHashTreeMap	SOURCE
com.google.gson.internal.LinkedHashTreeMap	LinkedHashTreeMap(java.util.Comparator<? super K>)	this	com.google.gson.internal.LinkedHashTreeMap	SOURCE
com.google.gson.internal.LinkedHashTreeMap	LinkedHashTreeMap(java.util.Comparator<? super K>)	table	com.google.gson.internal.LinkedHashTreeMap	SOURCE
com.google.gson.internal.LinkedHashTreeMap	LinkedHashTreeMap(java.util.Comparator<? super K>)	this	com.google.gson.internal.LinkedHashTreeMap	SOURCE
com.google.gson.internal.LinkedHashTreeMap	LinkedHashTreeMap(java.util.Comparator<? super K>)	threshold	com.google.gson.internal.LinkedHashTreeMap	SOURCE
com.google.gson.internal.LinkedHashTreeMap	LinkedHashTreeMap(java.util.Comparator<? super K>)	this	com.google.gson.internal.LinkedHashTreeMap	SOURCE
com.google.gson.internal.LinkedHashTreeMap	LinkedHashTreeMap(java.util.Comparator<? super K>)	length	Array	SOURCE
com.google.gson.internal.LinkedHashTreeMap	LinkedHashTreeMap(java.util.Comparator<? super K>)	table	com.google.gson.internal.LinkedHashTreeMap	SOURCE
com.google.gson.internal.LinkedHashTreeMap	LinkedHashTreeMap(java.util.Comparator<? super K>)	length	Array	SOURCE
com.google.gson.internal.LinkedHashTreeMap	LinkedHashTreeMap(java.util.Comparator<? super K>)	table	com.google.gson.internal.LinkedHashTreeMap	SOURCE
com.google.gson.internal.LinkedHashTreeMap	size()	size	com.google.gson.internal.LinkedHashTreeMap	SOURCE
com.google.gson.internal.LinkedHashTreeMap	get(java.lang.Object)	value	com.google.gson.internal.LinkedHashTreeMap$Node	SOURCE
com.google.gson.internal.LinkedHashTreeMap	put(K,V)	value	com.google.gson.internal.LinkedHashTreeMap$Node	SOURCE
com.google.gson.internal.LinkedHashTreeMap	put(K,V)	value	com.google.gson.internal.LinkedHashTreeMap$Node	SOURCE
com.google.gson.internal.LinkedHashTreeMap	put(K,V)	value	com.google.gson.internal.LinkedHashTreeMap$Node	SOURCE
com.google.gson.internal.LinkedHashTreeMap	clear()	table	com.google.gson.internal.LinkedHashTreeMap	SOURCE
com.google.gson.internal.LinkedHashTreeMap	clear()	size	com.google.gson.internal.LinkedHashTreeMap	SOURCE
com.google.gson.internal.LinkedHashTreeMap	clear()	modCount	com.google.gson.internal.LinkedHashTreeMap	SOURCE
com.google.gson.internal.LinkedHashTreeMap	clear()	header	com.google.gson.internal.LinkedHashTreeMap	SOURCE
com.google.gson.internal.LinkedHashTreeMap	clear()	header	com.google.gson.internal.LinkedHashTreeMap	SOURCE
com.google.gson.internal.LinkedHashTreeMap	clear()	this	com.google.gson.internal.LinkedHashTreeMap	SOURCE
com.google.gson.internal.LinkedHashTreeMap	clear()	next	com.google.gson.internal.LinkedHashTreeMap$Node	SOURCE
com.google.gson.internal.LinkedHashTreeMap	clear()	next	com.google.gson.internal.LinkedHashTreeMap$Node	SOURCE
com.google.gson.internal.LinkedHashTreeMap	clear()	next	com.google.gson.internal.LinkedHashTreeMap$Node	SOURCE
com.google.gson.internal.LinkedHashTreeMap	clear()	next	com.google.gson.internal.LinkedHashTreeMap$Node	SOURCE
com.google.gson.internal.LinkedHashTreeMap	clear()	next	com.google.gson.internal.LinkedHashTreeMap$Node	SOURCE
com.google.gson.internal.LinkedHashTreeMap	clear()	prev	com.google.gson.internal.LinkedHashTreeMap$Node	SOURCE
com.google.gson.internal.LinkedHashTreeMap	clear()	next	com.google.gson.internal.LinkedHashTreeMap$Node	SOURCE
com.google.gson.internal.LinkedHashTreeMap	clear()	prev	com.google.gson.internal.LinkedHashTreeMap$Node	SOURCE
com.google.gson.internal.LinkedHashTreeMap	remove(java.lang.Object)	value	com.google.gson.internal.LinkedHashTreeMap$Node	SOURCE
com.google.gson.internal.LinkedHashTreeMap	find(K,boolean)	comparator	com.google.gson.internal.LinkedHashTreeMap	SOURCE
com.google.gson.internal.LinkedHashTreeMap	find(K,boolean)	comparator	com.google.gson.internal.LinkedHashTreeMap	SOURCE
com.google.gson.internal.LinkedHashTreeMap	find(K,boolean)	this	com.google.gson.internal.LinkedHashTreeMap	SOURCE
com.google.gson.internal.LinkedHashTreeMap	find(K,boolean)	table	com.google.gson.internal.LinkedHashTreeMap	SOURCE
com.google.gson.internal.LinkedHashTreeMap	find(K,boolean)	table	com.google.gson.internal.LinkedHashTreeMap	SOURCE
com.google.gson.internal.LinkedHashTreeMap	find(K,boolean)	this	com.google.gson.internal.LinkedHashTreeMap	SOURCE
com.google.gson.internal.LinkedHashTreeMap	find(K,boolean)	length	Array	SOURCE
com.google.gson.internal.LinkedHashTreeMap	find(K,boolean)	NATURAL_ORDER	com.google.gson.internal.LinkedHashTreeMap	SOURCE
com.google.gson.internal.LinkedHashTreeMap	find(K,boolean)	key	com.google.gson.internal.LinkedHashTreeMap$Node	SOURCE
com.google.gson.internal.LinkedHashTreeMap	find(K,boolean)	key	com.google.gson.internal.LinkedHashTreeMap$Node	SOURCE
com.google.gson.internal.LinkedHashTreeMap	find(K,boolean)	left	com.google.gson.internal.LinkedHashTreeMap$Node	SOURCE
com.google.gson.internal.LinkedHashTreeMap	find(K,boolean)	right	com.google.gson.internal.LinkedHashTreeMap$Node	SOURCE
com.google.gson.internal.LinkedHashTreeMap	find(K,boolean)	header	com.google.gson.internal.LinkedHashTreeMap	SOURCE
com.google.gson.internal.LinkedHashTreeMap	find(K,boolean)	header	com.google.gson.internal.LinkedHashTreeMap	SOURCE
com.google.gson.internal.LinkedHashTreeMap	find(K,boolean)	this	com.google.gson.internal.LinkedHashTreeMap	SOURCE
com.google.gson.internal.LinkedHashTreeMap	find(K,boolean)	NATURAL_ORDER	com.google.gson.internal.LinkedHashTreeMap	SOURCE
com.google.gson.internal.LinkedHashTreeMap	find(K,boolean)	prev	com.google.gson.internal.LinkedHashTreeMap$Node	SOURCE
com.google.gson.internal.LinkedHashTreeMap	find(K,boolean)	prev	com.google.gson.internal.LinkedHashTreeMap$Node	SOURCE
com.google.gson.internal.LinkedHashTreeMap	find(K,boolean)	left	com.google.gson.internal.LinkedHashTreeMap$Node	SOURCE
com.google.gson.internal.LinkedHashTreeMap	find(K,boolean)	right	com.google.gson.internal.LinkedHashTreeMap$Node	SOURCE
com.google.gson.internal.LinkedHashTreeMap	find(K,boolean)	size	com.google.gson.internal.LinkedHashTreeMap	SOURCE
com.google.gson.internal.LinkedHashTreeMap	find(K,boolean)	threshold	com.google.gson.internal.LinkedHashTreeMap	SOURCE
com.google.gson.internal.LinkedHashTreeMap	find(K,boolean)	modCount	com.google.gson.internal.LinkedHashTreeMap	SOURCE
com.google.gson.internal.LinkedHashTreeMap	findByEntry(java.util.Map.Entry<?,?>)	value	com.google.gson.internal.LinkedHashTreeMap$Node	SOURCE
com.google.gson.internal.LinkedHashTreeMap	removeInternal(com.google.gson.internal.LinkedHashTreeMap.Node<K,V>,boolean)	next	com.google.gson.internal.LinkedHashTreeMap$Node	SOURCE
com.google.gson.internal.LinkedHashTreeMap	removeInternal(com.google.gson.internal.LinkedHashTreeMap.Node<K,V>,boolean)	prev	com.google.gson.internal.LinkedHashTreeMap$Node	SOURCE
com.google.gson.internal.LinkedHashTreeMap	removeInternal(com.google.gson.internal.LinkedHashTreeMap.Node<K,V>,boolean)	next	com.google.gson.internal.LinkedHashTreeMap$Node	SOURCE
com.google.gson.internal.LinkedHashTreeMap	removeInternal(com.google.gson.internal.LinkedHashTreeMap.Node<K,V>,boolean)	prev	com.google.gson.internal.LinkedHashTreeMap$Node	SOURCE
com.google.gson.internal.LinkedHashTreeMap	removeInternal(com.google.gson.internal.LinkedHashTreeMap.Node<K,V>,boolean)	next	com.google.gson.internal.LinkedHashTreeMap$Node	SOURCE
com.google.gson.internal.LinkedHashTreeMap	removeInternal(com.google.gson.internal.LinkedHashTreeMap.Node<K,V>,boolean)	prev	com.google.gson.internal.LinkedHashTreeMap$Node	SOURCE
com.google.gson.internal.LinkedHashTreeMap	removeInternal(com.google.gson.internal.LinkedHashTreeMap.Node<K,V>,boolean)	next	com.google.gson.internal.LinkedHashTreeMap$Node	SOURCE
com.google.gson.internal.LinkedHashTreeMap	removeInternal(com.google.gson.internal.LinkedHashTreeMap.Node<K,V>,boolean)	prev	com.google.gson.internal.LinkedHashTreeMap$Node	SOURCE
com.google.gson.internal.LinkedHashTreeMap	removeInternal(com.google.gson.internal.LinkedHashTreeMap.Node<K,V>,boolean)	left	com.google.gson.internal.LinkedHashTreeMap$Node	SOURCE
com.google.gson.internal.LinkedHashTreeMap	removeInternal(com.google.gson.internal.LinkedHashTreeMap.Node<K,V>,boolean)	left	com.google.gson.internal.LinkedHashTreeMap$Node	SOURCE
com.google.gson.internal.LinkedHashTreeMap	removeInternal(com.google.gson.internal.LinkedHashTreeMap.Node<K,V>,boolean)	right	com.google.gson.internal.LinkedHashTreeMap$Node	SOURCE
com.google.gson.internal.LinkedHashTreeMap	removeInternal(com.google.gson.internal.LinkedHashTreeMap.Node<K,V>,boolean)	right	com.google.gson.internal.LinkedHashTreeMap$Node	SOURCE
com.google.gson.internal.LinkedHashTreeMap	removeInternal(com.google.gson.internal.LinkedHashTreeMap.Node<K,V>,boolean)	parent	com.google.gson.internal.LinkedHashTreeMap$Node	SOURCE
com.google.gson.internal.LinkedHashTreeMap	removeInternal(com.google.gson.internal.LinkedHashTreeMap.Node<K,V>,boolean)	parent	com.google.gson.internal.LinkedHashTreeMap$Node	SOURCE
com.google.gson.internal.LinkedHashTreeMap	removeInternal(com.google.gson.internal.LinkedHashTreeMap.Node<K,V>,boolean)	height	com.google.gson.internal.LinkedHashTreeMap$Node	SOURCE
com.google.gson.internal.LinkedHashTreeMap	removeInternal(com.google.gson.internal.LinkedHashTreeMap.Node<K,V>,boolean)	height	com.google.gson.internal.LinkedHashTreeMap$Node	SOURCE
com.google.gson.internal.LinkedHashTreeMap	removeInternal(com.google.gson.internal.LinkedHashTreeMap.Node<K,V>,boolean)	left	com.google.gson.internal.LinkedHashTreeMap$Node	SOURCE
com.google.gson.internal.LinkedHashTreeMap	removeInternal(com.google.gson.internal.LinkedHashTreeMap.Node<K,V>,boolean)	height	com.google.gson.internal.LinkedHashTreeMap$Node	SOURCE
com.google.gson.internal.LinkedHashTreeMap	removeInternal(com.google.gson.internal.LinkedHashTreeMap.Node<K,V>,boolean)	left	com.google.gson.internal.LinkedHashTreeMap$Node	SOURCE
com.google.gson.internal.LinkedHashTreeMap	removeInternal(com.google.gson.internal.LinkedHashTreeMap.Node<K,V>,boolean)	parent	com.google.gson.internal.LinkedHashTreeMap$Node	SOURCE
com.google.gson.internal.LinkedHashTreeMap	removeInternal(com.google.gson.internal.LinkedHashTreeMap.Node<K,V>,boolean)	left	com.google.gson.internal.LinkedHashTreeMap$Node	SOURCE
com.google.gson.internal.LinkedHashTreeMap	removeInternal(com.google.gson.internal.LinkedHashTreeMap.Node<K,V>,boolean)	right	com.google.gson.internal.LinkedHashTreeMap$Node	SOURCE
com.google.gson.internal.LinkedHashTreeMap	removeInternal(com.google.gson.internal.LinkedHashTreeMap.Node<K,V>,boolean)	height	com.google.gson.internal.LinkedHashTreeMap$Node	SOURCE
com.google.gson.internal.LinkedHashTreeMap	removeInternal(com.google.gson.internal.LinkedHashTreeMap.Node<K,V>,boolean)	right	com.google.gson.internal.LinkedHashTreeMap$Node	SOURCE
com.google.gson.internal.LinkedHashTreeMap	removeInternal(com.google.gson.internal.LinkedHashTreeMap.Node<K,V>,boolean)	parent	com.google.gson.internal.LinkedHashTreeMap$Node	SOURCE
com.google.gson.internal.LinkedHashTreeMap	removeInternal(com.google.gson.internal.LinkedHashTreeMap.Node<K,V>,boolean)	right	com.google.gson.internal.LinkedHashTreeMap$Node	SOURCE
com.google.gson.internal.LinkedHashTreeMap	removeInternal(com.google.gson.internal.LinkedHashTreeMap.Node<K,V>,boolean)	height	com.google.gson.internal.LinkedHashTreeMap$Node	SOURCE
com.google.gson.internal.LinkedHashTreeMap	removeInternal(com.google.gson.internal.LinkedHashTreeMap.Node<K,V>,boolean)	left	com.google.gson.internal.LinkedHashTreeMap$Node	SOURCE
com.google.gson.internal.LinkedHashTreeMap	removeInternal(com.google.gson.internal.LinkedHashTreeMap.Node<K,V>,boolean)	right	com.google.gson.internal.LinkedHashTreeMap$Node	SOURCE
com.google.gson.internal.LinkedHashTreeMap	removeInternal(com.google.gson.internal.LinkedHashTreeMap.Node<K,V>,boolean)	size	com.google.gson.internal.LinkedHashTreeMap	SOURCE
com.google.gson.internal.LinkedHashTreeMap	removeInternal(com.google.gson.internal.LinkedHashTreeMap.Node<K,V>,boolean)	modCount	com.google.gson.internal.LinkedHashTreeMap	SOURCE
com.google.gson.internal.LinkedHashTreeMap	replaceInParent(com.google.gson.internal.LinkedHashTreeMap.Node<K,V>,com.google.gson.internal.LinkedHashTreeMap.Node<K,V>)	parent	com.google.gson.internal.LinkedHashTreeMap$Node	SOURCE
com.google.gson.internal.LinkedHashTreeMap	replaceInParent(com.google.gson.internal.LinkedHashTreeMap.Node<K,V>,com.google.gson.internal.LinkedHashTreeMap.Node<K,V>)	parent	com.google.gson.internal.LinkedHashTreeMap$Node	SOURCE
com.google.gson.internal.LinkedHashTreeMap	replaceInParent(com.google.gson.internal.LinkedHashTreeMap.Node<K,V>,com.google.gson.internal.LinkedHashTreeMap.Node<K,V>)	parent	com.google.gson.internal.LinkedHashTreeMap$Node	SOURCE
com.google.gson.internal.LinkedHashTreeMap	replaceInParent(com.google.gson.internal.LinkedHashTreeMap.Node<K,V>,com.google.gson.internal.LinkedHashTreeMap.Node<K,V>)	parent	com.google.gson.internal.LinkedHashTreeMap$Node	SOURCE
com.google.gson.internal.LinkedHashTreeMap	replaceInParent(com.google.gson.internal.LinkedHashTreeMap.Node<K,V>,com.google.gson.internal.LinkedHashTreeMap.Node<K,V>)	left	com.google.gson.internal.LinkedHashTreeMap$Node	SOURCE
com.google.gson.internal.LinkedHashTreeMap	replaceInParent(com.google.gson.internal.LinkedHashTreeMap.Node<K,V>,com.google.gson.internal.LinkedHashTreeMap.Node<K,V>)	left	com.google.gson.internal.LinkedHashTreeMap$Node	SOURCE
com.google.gson.internal.LinkedHashTreeMap	replaceInParent(com.google.gson.internal.LinkedHashTreeMap.Node<K,V>,com.google.gson.internal.LinkedHashTreeMap.Node<K,V>)	right	com.google.gson.internal.LinkedHashTreeMap$Node	SOURCE
com.google.gson.internal.LinkedHashTreeMap	replaceInParent(com.google.gson.internal.LinkedHashTreeMap.Node<K,V>,com.google.gson.internal.LinkedHashTreeMap.Node<K,V>)	right	com.google.gson.internal.LinkedHashTreeMap$Node	SOURCE
com.google.gson.internal.LinkedHashTreeMap	replaceInParent(com.google.gson.internal.LinkedHashTreeMap.Node<K,V>,com.google.gson.internal.LinkedHashTreeMap.Node<K,V>)	hash	com.google.gson.internal.LinkedHashTreeMap$Node	SOURCE
com.google.gson.internal.LinkedHashTreeMap	replaceInParent(com.google.gson.internal.LinkedHashTreeMap.Node<K,V>,com.google.gson.internal.LinkedHashTreeMap.Node<K,V>)	length	Array	SOURCE
com.google.gson.internal.LinkedHashTreeMap	replaceInParent(com.google.gson.internal.LinkedHashTreeMap.Node<K,V>,com.google.gson.internal.LinkedHashTreeMap.Node<K,V>)	table	com.google.gson.internal.LinkedHashTreeMap	SOURCE
com.google.gson.internal.LinkedHashTreeMap	replaceInParent(com.google.gson.internal.LinkedHashTreeMap.Node<K,V>,com.google.gson.internal.LinkedHashTreeMap.Node<K,V>)	table	com.google.gson.internal.LinkedHashTreeMap	SOURCE
com.google.gson.internal.LinkedHashTreeMap	rebalance(com.google.gson.internal.LinkedHashTreeMap.Node<K,V>,boolean)	parent	com.google.gson.internal.LinkedHashTreeMap$Node	SOURCE
com.google.gson.internal.LinkedHashTreeMap	rebalance(com.google.gson.internal.LinkedHashTreeMap.Node<K,V>,boolean)	left	com.google.gson.internal.LinkedHashTreeMap$Node	SOURCE
com.google.gson.internal.LinkedHashTreeMap	rebalance(com.google.gson.internal.LinkedHashTreeMap.Node<K,V>,boolean)	left	com.google.gson.internal.LinkedHashTreeMap$Node	SOURCE
com.google.gson.internal.LinkedHashTreeMap	rebalance(com.google.gson.internal.LinkedHashTreeMap.Node<K,V>,boolean)	right	com.google.gson.internal.LinkedHashTreeMap$Node	SOURCE
com.google.gson.internal.LinkedHashTreeMap	rebalance(com.google.gson.internal.LinkedHashTreeMap.Node<K,V>,boolean)	right	com.google.gson.internal.LinkedHashTreeMap$Node	SOURCE
com.google.gson.internal.LinkedHashTreeMap	rebalance(com.google.gson.internal.LinkedHashTreeMap.Node<K,V>,boolean)	height	com.google.gson.internal.LinkedHashTreeMap$Node	SOURCE
com.google.gson.internal.LinkedHashTreeMap	rebalance(com.google.gson.internal.LinkedHashTreeMap.Node<K,V>,boolean)	height	com.google.gson.internal.LinkedHashTreeMap$Node	SOURCE
com.google.gson.internal.LinkedHashTreeMap	rebalance(com.google.gson.internal.LinkedHashTreeMap.Node<K,V>,boolean)	left	com.google.gson.internal.LinkedHashTreeMap$Node	SOURCE
com.google.gson.internal.LinkedHashTreeMap	rebalance(com.google.gson.internal.LinkedHashTreeMap.Node<K,V>,boolean)	left	com.google.gson.internal.LinkedHashTreeMap$Node	SOURCE
com.google.gson.internal.LinkedHashTreeMap	rebalance(com.google.gson.internal.LinkedHashTreeMap.Node<K,V>,boolean)	right	com.google.gson.internal.LinkedHashTreeMap$Node	SOURCE
com.google.gson.internal.LinkedHashTreeMap	rebalance(com.google.gson.internal.LinkedHashTreeMap.Node<K,V>,boolean)	right	com.google.gson.internal.LinkedHashTreeMap$Node	SOURCE
com.google.gson.internal.LinkedHashTreeMap	rebalance(com.google.gson.internal.LinkedHashTreeMap.Node<K,V>,boolean)	height	com.google.gson.internal.LinkedHashTreeMap$Node	SOURCE
com.google.gson.internal.LinkedHashTreeMap	rebalance(com.google.gson.internal.LinkedHashTreeMap.Node<K,V>,boolean)	height	com.google.gson.internal.LinkedHashTreeMap$Node	SOURCE
com.google.gson.internal.LinkedHashTreeMap	rebalance(com.google.gson.internal.LinkedHashTreeMap.Node<K,V>,boolean)	left	com.google.gson.internal.LinkedHashTreeMap$Node	SOURCE
com.google.gson.internal.LinkedHashTreeMap	rebalance(com.google.gson.internal.LinkedHashTreeMap.Node<K,V>,boolean)	left	com.google.gson.internal.LinkedHashTreeMap$Node	SOURCE
com.google.gson.internal.LinkedHashTreeMap	rebalance(com.google.gson.internal.LinkedHashTreeMap.Node<K,V>,boolean)	right	com.google.gson.internal.LinkedHashTreeMap$Node	SOURCE
com.google.gson.internal.LinkedHashTreeMap	rebalance(com.google.gson.internal.LinkedHashTreeMap.Node<K,V>,boolean)	right	com.google.gson.internal.LinkedHashTreeMap$Node	SOURCE
com.google.gson.internal.LinkedHashTreeMap	rebalance(com.google.gson.internal.LinkedHashTreeMap.Node<K,V>,boolean)	height	com.google.gson.internal.LinkedHashTreeMap$Node	SOURCE
com.google.gson.internal.LinkedHashTreeMap	rebalance(com.google.gson.internal.LinkedHashTreeMap.Node<K,V>,boolean)	height	com.google.gson.internal.LinkedHashTreeMap$Node	SOURCE
com.google.gson.internal.LinkedHashTreeMap	rebalance(com.google.gson.internal.LinkedHashTreeMap.Node<K,V>,boolean)	height	com.google.gson.internal.LinkedHashTreeMap$Node	SOURCE
com.google.gson.internal.LinkedHashTreeMap	rebalance(com.google.gson.internal.LinkedHashTreeMap.Node<K,V>,boolean)	height	com.google.gson.internal.LinkedHashTreeMap$Node	SOURCE
com.google.gson.internal.LinkedHashTreeMap	rotateLeft(com.google.gson.internal.LinkedHashTreeMap.Node<K,V>)	left	com.google.gson.internal.LinkedHashTreeMap$Node	SOURCE
com.google.gson.internal.LinkedHashTreeMap	rotateLeft(com.google.gson.internal.LinkedHashTreeMap.Node<K,V>)	left	com.google.gson.internal.LinkedHashTreeMap$Node	SOURCE
com.google.gson.internal.LinkedHashTreeMap	rotateLeft(com.google.gson.internal.LinkedHashTreeMap.Node<K,V>)	right	com.google.gson.internal.LinkedHashTreeMap$Node	SOURCE
com.google.gson.internal.LinkedHashTreeMap	rotateLeft(com.google.gson.internal.LinkedHashTreeMap.Node<K,V>)	right	com.google.gson.internal.LinkedHashTreeMap$Node	SOURCE
com.google.gson.internal.LinkedHashTreeMap	rotateLeft(com.google.gson.internal.LinkedHashTreeMap.Node<K,V>)	left	com.google.gson.internal.LinkedHashTreeMap$Node	SOURCE
com.google.gson.internal.LinkedHashTreeMap	rotateLeft(com.google.gson.internal.LinkedHashTreeMap.Node<K,V>)	left	com.google.gson.internal.LinkedHashTreeMap$Node	SOURCE
com.google.gson.internal.LinkedHashTreeMap	rotateLeft(com.google.gson.internal.LinkedHashTreeMap.Node<K,V>)	right	com.google.gson.internal.LinkedHashTreeMap$Node	SOURCE
com.google.gson.internal.LinkedHashTreeMap	rotateLeft(com.google.gson.internal.LinkedHashTreeMap.Node<K,V>)	right	com.google.gson.internal.LinkedHashTreeMap$Node	SOURCE
com.google.gson.internal.LinkedHashTreeMap	rotateLeft(com.google.gson.internal.LinkedHashTreeMap.Node<K,V>)	right	com.google.gson.internal.LinkedHashTreeMap$Node	SOURCE
com.google.gson.internal.LinkedHashTreeMap	rotateLeft(com.google.gson.internal.LinkedHashTreeMap.Node<K,V>)	parent	com.google.gson.internal.LinkedHashTreeMap$Node	SOURCE
com.google.gson.internal.LinkedHashTreeMap	rotateLeft(com.google.gson.internal.LinkedHashTreeMap.Node<K,V>)	left	com.google.gson.internal.LinkedHashTreeMap$Node	SOURCE
com.google.gson.internal.LinkedHashTreeMap	rotateLeft(com.google.gson.internal.LinkedHashTreeMap.Node<K,V>)	parent	com.google.gson.internal.LinkedHashTreeMap$Node	SOURCE
com.google.gson.internal.LinkedHashTreeMap	rotateLeft(com.google.gson.internal.LinkedHashTreeMap.Node<K,V>)	height	com.google.gson.internal.LinkedHashTreeMap$Node	SOURCE
com.google.gson.internal.LinkedHashTreeMap	rotateLeft(com.google.gson.internal.LinkedHashTreeMap.Node<K,V>)	height	com.google.gson.internal.LinkedHashTreeMap$Node	SOURCE
com.google.gson.internal.LinkedHashTreeMap	rotateLeft(com.google.gson.internal.LinkedHashTreeMap.Node<K,V>)	height	com.google.gson.internal.LinkedHashTreeMap$Node	SOURCE
com.google.gson.internal.LinkedHashTreeMap	rotateLeft(com.google.gson.internal.LinkedHashTreeMap.Node<K,V>)	height	com.google.gson.internal.LinkedHashTreeMap$Node	SOURCE
com.google.gson.internal.LinkedHashTreeMap	rotateLeft(com.google.gson.internal.LinkedHashTreeMap.Node<K,V>)	height	com.google.gson.internal.LinkedHashTreeMap$Node	SOURCE
com.google.gson.internal.LinkedHashTreeMap	rotateLeft(com.google.gson.internal.LinkedHashTreeMap.Node<K,V>)	height	com.google.gson.internal.LinkedHashTreeMap$Node	SOURCE
com.google.gson.internal.LinkedHashTreeMap	rotateRight(com.google.gson.internal.LinkedHashTreeMap.Node<K,V>)	left	com.google.gson.internal.LinkedHashTreeMap$Node	SOURCE
com.google.gson.internal.LinkedHashTreeMap	rotateRight(com.google.gson.internal.LinkedHashTreeMap.Node<K,V>)	left	com.google.gson.internal.LinkedHashTreeMap$Node	SOURCE
com.google.gson.internal.LinkedHashTreeMap	rotateRight(com.google.gson.internal.LinkedHashTreeMap.Node<K,V>)	right	com.google.gson.internal.LinkedHashTreeMap$Node	SOURCE
com.google.gson.internal.LinkedHashTreeMap	rotateRight(com.google.gson.internal.LinkedHashTreeMap.Node<K,V>)	right	com.google.gson.internal.LinkedHashTreeMap$Node	SOURCE
com.google.gson.internal.LinkedHashTreeMap	rotateRight(com.google.gson.internal.LinkedHashTreeMap.Node<K,V>)	left	com.google.gson.internal.LinkedHashTreeMap$Node	SOURCE
com.google.gson.internal.LinkedHashTreeMap	rotateRight(com.google.gson.internal.LinkedHashTreeMap.Node<K,V>)	left	com.google.gson.internal.LinkedHashTreeMap$Node	SOURCE
com.google.gson.internal.LinkedHashTreeMap	rotateRight(com.google.gson.internal.LinkedHashTreeMap.Node<K,V>)	right	com.google.gson.internal.LinkedHashTreeMap$Node	SOURCE
com.google.gson.internal.LinkedHashTreeMap	rotateRight(com.google.gson.internal.LinkedHashTreeMap.Node<K,V>)	right	com.google.gson.internal.LinkedHashTreeMap$Node	SOURCE
com.google.gson.internal.LinkedHashTreeMap	rotateRight(com.google.gson.internal.LinkedHashTreeMap.Node<K,V>)	left	com.google.gson.internal.LinkedHashTreeMap$Node	SOURCE
com.google.gson.internal.LinkedHashTreeMap	rotateRight(com.google.gson.internal.LinkedHashTreeMap.Node<K,V>)	parent	com.google.gson.internal.LinkedHashTreeMap$Node	SOURCE
com.google.gson.internal.LinkedHashTreeMap	rotateRight(com.google.gson.internal.LinkedHashTreeMap.Node<K,V>)	right	com.google.gson.internal.LinkedHashTreeMap$Node	SOURCE
com.google.gson.internal.LinkedHashTreeMap	rotateRight(com.google.gson.internal.LinkedHashTreeMap.Node<K,V>)	parent	com.google.gson.internal.LinkedHashTreeMap$Node	SOURCE
com.google.gson.internal.LinkedHashTreeMap	rotateRight(com.google.gson.internal.LinkedHashTreeMap.Node<K,V>)	height	com.google.gson.internal.LinkedHashTreeMap$Node	SOURCE
com.google.gson.internal.LinkedHashTreeMap	rotateRight(com.google.gson.internal.LinkedHashTreeMap.Node<K,V>)	height	com.google.gson.internal.LinkedHashTreeMap$Node	SOURCE
com.google.gson.internal.LinkedHashTreeMap	rotateRight(com.google.gson.internal.LinkedHashTreeMap.Node<K,V>)	height	com.google.gson.internal.LinkedHashTreeMap$Node	SOURCE
com.google.gson.internal.LinkedHashTreeMap	rotateRight(com.google.gson.internal.LinkedHashTreeMap.Node<K,V>)	height	com.google.gson.internal.LinkedHashTreeMap$Node	SOURCE
com.google.gson.internal.LinkedHashTreeMap	rotateRight(com.google.gson.internal.LinkedHashTreeMap.Node<K,V>)	height	com.google.gson.internal.LinkedHashTreeMap$Node	SOURCE
com.google.gson.internal.LinkedHashTreeMap	rotateRight(com.google.gson.internal.LinkedHashTreeMap.Node<K,V>)	height	com.google.gson.internal.LinkedHashTreeMap$Node	SOURCE
com.google.gson.internal.LinkedHashTreeMap	entrySet()	entrySet	com.google.gson.internal.LinkedHashTreeMap	SOURCE
com.google.gson.internal.LinkedHashTreeMap	entrySet()	entrySet	com.google.gson.internal.LinkedHashTreeMap	SOURCE
com.google.gson.internal.LinkedHashTreeMap	entrySet()	entrySet	com.google.gson.internal.LinkedHashTreeMap	SOURCE
com.google.gson.internal.LinkedHashTreeMap	keySet()	keySet	com.google.gson.internal.LinkedHashTreeMap	SOURCE
com.google.gson.internal.LinkedHashTreeMap	keySet()	keySet	com.google.gson.internal.LinkedHashTreeMap	SOURCE
com.google.gson.internal.LinkedHashTreeMap	keySet()	keySet	com.google.gson.internal.LinkedHashTreeMap	SOURCE
com.google.gson.internal.LinkedHashTreeMap$Node	Node()	key	com.google.gson.internal.LinkedHashTreeMap$Node	SOURCE
com.google.gson.internal.LinkedHashTreeMap$Node	Node()	hash	com.google.gson.internal.LinkedHashTreeMap$Node	SOURCE
com.google.gson.internal.LinkedHashTreeMap$Node	Node()	next	com.google.gson.internal.LinkedHashTreeMap$Node	SOURCE
com.google.gson.internal.LinkedHashTreeMap$Node	Node()	prev	com.google.gson.internal.LinkedHashTreeMap$Node	SOURCE
com.google.gson.internal.LinkedHashTreeMap$Node	Node()	this	com.google.gson.internal.LinkedHashTreeMap$Node	SOURCE
com.google.gson.internal.LinkedHashTreeMap$Node	Node(com.google.gson.internal.LinkedHashTreeMap.Node<K,V>,K,int,com.google.gson.internal.LinkedHashTreeMap.Node<K,V>,com.google.gson.internal.LinkedHashTreeMap.Node<K,V>)	parent	com.google.gson.internal.LinkedHashTreeMap$Node	SOURCE
com.google.gson.internal.LinkedHashTreeMap$Node	Node(com.google.gson.internal.LinkedHashTreeMap.Node<K,V>,K,int,com.google.gson.internal.LinkedHashTreeMap.Node<K,V>,com.google.gson.internal.LinkedHashTreeMap.Node<K,V>)	this	com.google.gson.internal.LinkedHashTreeMap$Node	SOURCE
com.google.gson.internal.LinkedHashTreeMap$Node	Node(com.google.gson.internal.LinkedHashTreeMap.Node<K,V>,K,int,com.google.gson.internal.LinkedHashTreeMap.Node<K,V>,com.google.gson.internal.LinkedHashTreeMap.Node<K,V>)	key	com.google.gson.internal.LinkedHashTreeMap$Node	SOURCE
com.google.gson.internal.LinkedHashTreeMap$Node	Node(com.google.gson.internal.LinkedHashTreeMap.Node<K,V>,K,int,com.google.gson.internal.LinkedHashTreeMap.Node<K,V>,com.google.gson.internal.LinkedHashTreeMap.Node<K,V>)	this	com.google.gson.internal.LinkedHashTreeMap$Node	SOURCE
com.google.gson.internal.LinkedHashTreeMap$Node	Node(com.google.gson.internal.LinkedHashTreeMap.Node<K,V>,K,int,com.google.gson.internal.LinkedHashTreeMap.Node<K,V>,com.google.gson.internal.LinkedHashTreeMap.Node<K,V>)	hash	com.google.gson.internal.LinkedHashTreeMap$Node	SOURCE
com.google.gson.internal.LinkedHashTreeMap$Node	Node(com.google.gson.internal.LinkedHashTreeMap.Node<K,V>,K,int,com.google.gson.internal.LinkedHashTreeMap.Node<K,V>,com.google.gson.internal.LinkedHashTreeMap.Node<K,V>)	this	com.google.gson.internal.LinkedHashTreeMap$Node	SOURCE
com.google.gson.internal.LinkedHashTreeMap$Node	Node(com.google.gson.internal.LinkedHashTreeMap.Node<K,V>,K,int,com.google.gson.internal.LinkedHashTreeMap.Node<K,V>,com.google.gson.internal.LinkedHashTreeMap.Node<K,V>)	height	com.google.gson.internal.LinkedHashTreeMap$Node	SOURCE
com.google.gson.internal.LinkedHashTreeMap$Node	Node(com.google.gson.internal.LinkedHashTreeMap.Node<K,V>,K,int,com.google.gson.internal.LinkedHashTreeMap.Node<K,V>,com.google.gson.internal.LinkedHashTreeMap.Node<K,V>)	this	com.google.gson.internal.LinkedHashTreeMap$Node	SOURCE
com.google.gson.internal.LinkedHashTreeMap$Node	Node(com.google.gson.internal.LinkedHashTreeMap.Node<K,V>,K,int,com.google.gson.internal.LinkedHashTreeMap.Node<K,V>,com.google.gson.internal.LinkedHashTreeMap.Node<K,V>)	next	com.google.gson.internal.LinkedHashTreeMap$Node	SOURCE
com.google.gson.internal.LinkedHashTreeMap$Node	Node(com.google.gson.internal.LinkedHashTreeMap.Node<K,V>,K,int,com.google.gson.internal.LinkedHashTreeMap.Node<K,V>,com.google.gson.internal.LinkedHashTreeMap.Node<K,V>)	this	com.google.gson.internal.LinkedHashTreeMap$Node	SOURCE
com.google.gson.internal.LinkedHashTreeMap$Node	Node(com.google.gson.internal.LinkedHashTreeMap.Node<K,V>,K,int,com.google.gson.internal.LinkedHashTreeMap.Node<K,V>,com.google.gson.internal.LinkedHashTreeMap.Node<K,V>)	prev	com.google.gson.internal.LinkedHashTreeMap$Node	SOURCE
com.google.gson.internal.LinkedHashTreeMap$Node	Node(com.google.gson.internal.LinkedHashTreeMap.Node<K,V>,K,int,com.google.gson.internal.LinkedHashTreeMap.Node<K,V>,com.google.gson.internal.LinkedHashTreeMap.Node<K,V>)	this	com.google.gson.internal.LinkedHashTreeMap$Node	SOURCE
com.google.gson.internal.LinkedHashTreeMap$Node	Node(com.google.gson.internal.LinkedHashTreeMap.Node<K,V>,K,int,com.google.gson.internal.LinkedHashTreeMap.Node<K,V>,com.google.gson.internal.LinkedHashTreeMap.Node<K,V>)	next	com.google.gson.internal.LinkedHashTreeMap$Node	SOURCE
com.google.gson.internal.LinkedHashTreeMap$Node	Node(com.google.gson.internal.LinkedHashTreeMap.Node<K,V>,K,int,com.google.gson.internal.LinkedHashTreeMap.Node<K,V>,com.google.gson.internal.LinkedHashTreeMap.Node<K,V>)	this	com.google.gson.internal.LinkedHashTreeMap$Node	SOURCE
com.google.gson.internal.LinkedHashTreeMap$Node	Node(com.google.gson.internal.LinkedHashTreeMap.Node<K,V>,K,int,com.google.gson.internal.LinkedHashTreeMap.Node<K,V>,com.google.gson.internal.LinkedHashTreeMap.Node<K,V>)	prev	com.google.gson.internal.LinkedHashTreeMap$Node	SOURCE
com.google.gson.internal.LinkedHashTreeMap$Node	Node(com.google.gson.internal.LinkedHashTreeMap.Node<K,V>,K,int,com.google.gson.internal.LinkedHashTreeMap.Node<K,V>,com.google.gson.internal.LinkedHashTreeMap.Node<K,V>)	this	com.google.gson.internal.LinkedHashTreeMap$Node	SOURCE
com.google.gson.internal.LinkedHashTreeMap$Node	getKey()	key	com.google.gson.internal.LinkedHashTreeMap$Node	SOURCE
com.google.gson.internal.LinkedHashTreeMap$Node	getValue()	value	com.google.gson.internal.LinkedHashTreeMap$Node	SOURCE
com.google.gson.internal.LinkedHashTreeMap$Node	setValue(V)	value	com.google.gson.internal.LinkedHashTreeMap$Node	SOURCE
com.google.gson.internal.LinkedHashTreeMap$Node	setValue(V)	value	com.google.gson.internal.LinkedHashTreeMap$Node	SOURCE
com.google.gson.internal.LinkedHashTreeMap$Node	setValue(V)	this	com.google.gson.internal.LinkedHashTreeMap$Node	SOURCE
com.google.gson.internal.LinkedHashTreeMap$Node	setValue(V)	value	com.google.gson.internal.LinkedHashTreeMap$Node	SOURCE
com.google.gson.internal.LinkedHashTreeMap$Node	setValue(V)	this	com.google.gson.internal.LinkedHashTreeMap$Node	SOURCE
com.google.gson.internal.LinkedHashTreeMap$Node	equals(java.lang.Object)	key	com.google.gson.internal.LinkedHashTreeMap$Node	SOURCE
com.google.gson.internal.LinkedHashTreeMap$Node	equals(java.lang.Object)	key	com.google.gson.internal.LinkedHashTreeMap$Node	SOURCE
com.google.gson.internal.LinkedHashTreeMap$Node	equals(java.lang.Object)	value	com.google.gson.internal.LinkedHashTreeMap$Node	SOURCE
com.google.gson.internal.LinkedHashTreeMap$Node	equals(java.lang.Object)	value	com.google.gson.internal.LinkedHashTreeMap$Node	SOURCE
com.google.gson.internal.LinkedHashTreeMap$Node	hashCode()	key	com.google.gson.internal.LinkedHashTreeMap$Node	SOURCE
com.google.gson.internal.LinkedHashTreeMap$Node	hashCode()	key	com.google.gson.internal.LinkedHashTreeMap$Node	SOURCE
com.google.gson.internal.LinkedHashTreeMap$Node	hashCode()	value	com.google.gson.internal.LinkedHashTreeMap$Node	SOURCE
com.google.gson.internal.LinkedHashTreeMap$Node	hashCode()	value	com.google.gson.internal.LinkedHashTreeMap$Node	SOURCE
com.google.gson.internal.LinkedHashTreeMap$Node	toString()	key	com.google.gson.internal.LinkedHashTreeMap$Node	SOURCE
com.google.gson.internal.LinkedHashTreeMap$Node	toString()	value	com.google.gson.internal.LinkedHashTreeMap$Node	SOURCE
com.google.gson.internal.LinkedHashTreeMap$Node	first()	this	com.google.gson.internal.LinkedHashTreeMap$Node	SOURCE
com.google.gson.internal.LinkedHashTreeMap$Node	first()	this	com.google.gson.internal.LinkedHashTreeMap$Node	SOURCE
com.google.gson.internal.LinkedHashTreeMap$Node	first()	left	com.google.gson.internal.LinkedHashTreeMap$Node	SOURCE
com.google.gson.internal.LinkedHashTreeMap$Node	first()	left	com.google.gson.internal.LinkedHashTreeMap$Node	SOURCE
com.google.gson.internal.LinkedHashTreeMap$Node	first()	left	com.google.gson.internal.LinkedHashTreeMap$Node	SOURCE
com.google.gson.internal.LinkedHashTreeMap$Node	last()	this	com.google.gson.internal.LinkedHashTreeMap$Node	SOURCE
com.google.gson.internal.LinkedHashTreeMap$Node	last()	this	com.google.gson.internal.LinkedHashTreeMap$Node	SOURCE
com.google.gson.internal.LinkedHashTreeMap$Node	last()	right	com.google.gson.internal.LinkedHashTreeMap$Node	SOURCE
com.google.gson.internal.LinkedHashTreeMap$Node	last()	right	com.google.gson.internal.LinkedHashTreeMap$Node	SOURCE
com.google.gson.internal.LinkedHashTreeMap$Node	last()	right	com.google.gson.internal.LinkedHashTreeMap$Node	SOURCE
com.google.gson.internal.LinkedHashTreeMap	doubleCapacity()	table	com.google.gson.internal.LinkedHashTreeMap	SOURCE
com.google.gson.internal.LinkedHashTreeMap	doubleCapacity()	table	com.google.gson.internal.LinkedHashTreeMap	SOURCE
com.google.gson.internal.LinkedHashTreeMap	doubleCapacity()	threshold	com.google.gson.internal.LinkedHashTreeMap	SOURCE
com.google.gson.internal.LinkedHashTreeMap	doubleCapacity()	length	Array	SOURCE
com.google.gson.internal.LinkedHashTreeMap	doubleCapacity()	table	com.google.gson.internal.LinkedHashTreeMap	SOURCE
com.google.gson.internal.LinkedHashTreeMap	doubleCapacity()	length	Array	SOURCE
com.google.gson.internal.LinkedHashTreeMap	doubleCapacity()	table	com.google.gson.internal.LinkedHashTreeMap	SOURCE
com.google.gson.internal.LinkedHashTreeMap	<K,V>doubleCapacity(com.google.gson.internal.LinkedHashTreeMap.Node<K,V>[])	length	Array	SOURCE
com.google.gson.internal.LinkedHashTreeMap	<K,V>doubleCapacity(com.google.gson.internal.LinkedHashTreeMap.Node<K,V>[])	length	Array	SOURCE
com.google.gson.internal.LinkedHashTreeMap	<K,V>doubleCapacity(com.google.gson.internal.LinkedHashTreeMap.Node<K,V>[])	hash	com.google.gson.internal.LinkedHashTreeMap$Node	SOURCE
com.google.gson.internal.LinkedHashTreeMap	<K,V>doubleCapacity(com.google.gson.internal.LinkedHashTreeMap.Node<K,V>[])	hash	com.google.gson.internal.LinkedHashTreeMap$Node	SOURCE
com.google.gson.internal.LinkedHashTreeMap$AvlIterator	reset(com.google.gson.internal.LinkedHashTreeMap.Node<K,V>)	left	com.google.gson.internal.LinkedHashTreeMap$Node	SOURCE
com.google.gson.internal.LinkedHashTreeMap$AvlIterator	reset(com.google.gson.internal.LinkedHashTreeMap.Node<K,V>)	parent	com.google.gson.internal.LinkedHashTreeMap$Node	SOURCE
com.google.gson.internal.LinkedHashTreeMap$AvlIterator	reset(com.google.gson.internal.LinkedHashTreeMap.Node<K,V>)	stackTop	com.google.gson.internal.LinkedHashTreeMap$AvlIterator	SOURCE
com.google.gson.internal.LinkedHashTreeMap$AvlIterator	reset(com.google.gson.internal.LinkedHashTreeMap.Node<K,V>)	this	com.google.gson.internal.LinkedHashTreeMap$AvlIterator	SOURCE
com.google.gson.internal.LinkedHashTreeMap$AvlIterator	next()	stackTop	com.google.gson.internal.LinkedHashTreeMap$AvlIterator	SOURCE
com.google.gson.internal.LinkedHashTreeMap$AvlIterator	next()	stackTop	com.google.gson.internal.LinkedHashTreeMap$AvlIterator	SOURCE
com.google.gson.internal.LinkedHashTreeMap$AvlIterator	next()	this	com.google.gson.internal.LinkedHashTreeMap$AvlIterator	SOURCE
com.google.gson.internal.LinkedHashTreeMap$AvlIterator	next()	parent	com.google.gson.internal.LinkedHashTreeMap$Node	SOURCE
com.google.gson.internal.LinkedHashTreeMap$AvlIterator	next()	parent	com.google.gson.internal.LinkedHashTreeMap$Node	SOURCE
com.google.gson.internal.LinkedHashTreeMap$AvlIterator	next()	right	com.google.gson.internal.LinkedHashTreeMap$Node	SOURCE
com.google.gson.internal.LinkedHashTreeMap$AvlIterator	next()	right	com.google.gson.internal.LinkedHashTreeMap$Node	SOURCE
com.google.gson.internal.LinkedHashTreeMap$AvlIterator	next()	left	com.google.gson.internal.LinkedHashTreeMap$Node	SOURCE
com.google.gson.internal.LinkedHashTreeMap$AvlIterator	next()	parent	com.google.gson.internal.LinkedHashTreeMap$Node	SOURCE
com.google.gson.internal.LinkedHashTreeMap$AvlIterator	next()	stackTop	com.google.gson.internal.LinkedHashTreeMap$AvlIterator	SOURCE
com.google.gson.internal.LinkedHashTreeMap$AvlIterator	next()	this	com.google.gson.internal.LinkedHashTreeMap$AvlIterator	SOURCE
com.google.gson.internal.LinkedHashTreeMap$AvlBuilder	reset(int)	leavesToSkip	com.google.gson.internal.LinkedHashTreeMap$AvlBuilder	SOURCE
com.google.gson.internal.LinkedHashTreeMap$AvlBuilder	reset(int)	size	com.google.gson.internal.LinkedHashTreeMap$AvlBuilder	SOURCE
com.google.gson.internal.LinkedHashTreeMap$AvlBuilder	reset(int)	leavesSkipped	com.google.gson.internal.LinkedHashTreeMap$AvlBuilder	SOURCE
com.google.gson.internal.LinkedHashTreeMap$AvlBuilder	reset(int)	stack	com.google.gson.internal.LinkedHashTreeMap$AvlBuilder	SOURCE
com.google.gson.internal.LinkedHashTreeMap$AvlBuilder	add(com.google.gson.internal.LinkedHashTreeMap.Node<K,V>)	left	com.google.gson.internal.LinkedHashTreeMap$Node	SOURCE
com.google.gson.internal.LinkedHashTreeMap$AvlBuilder	add(com.google.gson.internal.LinkedHashTreeMap.Node<K,V>)	parent	com.google.gson.internal.LinkedHashTreeMap$Node	SOURCE
com.google.gson.internal.LinkedHashTreeMap$AvlBuilder	add(com.google.gson.internal.LinkedHashTreeMap.Node<K,V>)	right	com.google.gson.internal.LinkedHashTreeMap$Node	SOURCE
com.google.gson.internal.LinkedHashTreeMap$AvlBuilder	add(com.google.gson.internal.LinkedHashTreeMap.Node<K,V>)	height	com.google.gson.internal.LinkedHashTreeMap$Node	SOURCE
com.google.gson.internal.LinkedHashTreeMap$AvlBuilder	add(com.google.gson.internal.LinkedHashTreeMap.Node<K,V>)	leavesToSkip	com.google.gson.internal.LinkedHashTreeMap$AvlBuilder	SOURCE
com.google.gson.internal.LinkedHashTreeMap$AvlBuilder	add(com.google.gson.internal.LinkedHashTreeMap.Node<K,V>)	size	com.google.gson.internal.LinkedHashTreeMap$AvlBuilder	SOURCE
com.google.gson.internal.LinkedHashTreeMap$AvlBuilder	add(com.google.gson.internal.LinkedHashTreeMap.Node<K,V>)	size	com.google.gson.internal.LinkedHashTreeMap$AvlBuilder	SOURCE
com.google.gson.internal.LinkedHashTreeMap$AvlBuilder	add(com.google.gson.internal.LinkedHashTreeMap.Node<K,V>)	leavesToSkip	com.google.gson.internal.LinkedHashTreeMap$AvlBuilder	SOURCE
com.google.gson.internal.LinkedHashTreeMap$AvlBuilder	add(com.google.gson.internal.LinkedHashTreeMap.Node<K,V>)	leavesSkipped	com.google.gson.internal.LinkedHashTreeMap$AvlBuilder	SOURCE
com.google.gson.internal.LinkedHashTreeMap$AvlBuilder	add(com.google.gson.internal.LinkedHashTreeMap.Node<K,V>)	parent	com.google.gson.internal.LinkedHashTreeMap$Node	SOURCE
com.google.gson.internal.LinkedHashTreeMap$AvlBuilder	add(com.google.gson.internal.LinkedHashTreeMap.Node<K,V>)	stack	com.google.gson.internal.LinkedHashTreeMap$AvlBuilder	SOURCE
com.google.gson.internal.LinkedHashTreeMap$AvlBuilder	add(com.google.gson.internal.LinkedHashTreeMap.Node<K,V>)	stack	com.google.gson.internal.LinkedHashTreeMap$AvlBuilder	SOURCE
com.google.gson.internal.LinkedHashTreeMap$AvlBuilder	add(com.google.gson.internal.LinkedHashTreeMap.Node<K,V>)	size	com.google.gson.internal.LinkedHashTreeMap$AvlBuilder	SOURCE
com.google.gson.internal.LinkedHashTreeMap$AvlBuilder	add(com.google.gson.internal.LinkedHashTreeMap.Node<K,V>)	leavesToSkip	com.google.gson.internal.LinkedHashTreeMap$AvlBuilder	SOURCE
com.google.gson.internal.LinkedHashTreeMap$AvlBuilder	add(com.google.gson.internal.LinkedHashTreeMap.Node<K,V>)	size	com.google.gson.internal.LinkedHashTreeMap$AvlBuilder	SOURCE
com.google.gson.internal.LinkedHashTreeMap$AvlBuilder	add(com.google.gson.internal.LinkedHashTreeMap.Node<K,V>)	size	com.google.gson.internal.LinkedHashTreeMap$AvlBuilder	SOURCE
com.google.gson.internal.LinkedHashTreeMap$AvlBuilder	add(com.google.gson.internal.LinkedHashTreeMap.Node<K,V>)	leavesToSkip	com.google.gson.internal.LinkedHashTreeMap$AvlBuilder	SOURCE
com.google.gson.internal.LinkedHashTreeMap$AvlBuilder	add(com.google.gson.internal.LinkedHashTreeMap.Node<K,V>)	leavesSkipped	com.google.gson.internal.LinkedHashTreeMap$AvlBuilder	SOURCE
com.google.gson.internal.LinkedHashTreeMap$AvlBuilder	add(com.google.gson.internal.LinkedHashTreeMap.Node<K,V>)	size	com.google.gson.internal.LinkedHashTreeMap$AvlBuilder	SOURCE
com.google.gson.internal.LinkedHashTreeMap$AvlBuilder	add(com.google.gson.internal.LinkedHashTreeMap.Node<K,V>)	leavesSkipped	com.google.gson.internal.LinkedHashTreeMap$AvlBuilder	SOURCE
com.google.gson.internal.LinkedHashTreeMap$AvlBuilder	add(com.google.gson.internal.LinkedHashTreeMap.Node<K,V>)	stack	com.google.gson.internal.LinkedHashTreeMap$AvlBuilder	SOURCE
com.google.gson.internal.LinkedHashTreeMap$AvlBuilder	add(com.google.gson.internal.LinkedHashTreeMap.Node<K,V>)	stack	com.google.gson.internal.LinkedHashTreeMap$AvlBuilder	SOURCE
com.google.gson.internal.LinkedHashTreeMap$AvlBuilder	add(com.google.gson.internal.LinkedHashTreeMap.Node<K,V>)	parent	com.google.gson.internal.LinkedHashTreeMap$Node	SOURCE
com.google.gson.internal.LinkedHashTreeMap$AvlBuilder	add(com.google.gson.internal.LinkedHashTreeMap.Node<K,V>)	parent	com.google.gson.internal.LinkedHashTreeMap$Node	SOURCE
com.google.gson.internal.LinkedHashTreeMap$AvlBuilder	add(com.google.gson.internal.LinkedHashTreeMap.Node<K,V>)	parent	com.google.gson.internal.LinkedHashTreeMap$Node	SOURCE
com.google.gson.internal.LinkedHashTreeMap$AvlBuilder	add(com.google.gson.internal.LinkedHashTreeMap.Node<K,V>)	parent	com.google.gson.internal.LinkedHashTreeMap$Node	SOURCE
com.google.gson.internal.LinkedHashTreeMap$AvlBuilder	add(com.google.gson.internal.LinkedHashTreeMap.Node<K,V>)	parent	com.google.gson.internal.LinkedHashTreeMap$Node	SOURCE
com.google.gson.internal.LinkedHashTreeMap$AvlBuilder	add(com.google.gson.internal.LinkedHashTreeMap.Node<K,V>)	parent	com.google.gson.internal.LinkedHashTreeMap$Node	SOURCE
com.google.gson.internal.LinkedHashTreeMap$AvlBuilder	add(com.google.gson.internal.LinkedHashTreeMap.Node<K,V>)	stack	com.google.gson.internal.LinkedHashTreeMap$AvlBuilder	SOURCE
com.google.gson.internal.LinkedHashTreeMap$AvlBuilder	add(com.google.gson.internal.LinkedHashTreeMap.Node<K,V>)	left	com.google.gson.internal.LinkedHashTreeMap$Node	SOURCE
com.google.gson.internal.LinkedHashTreeMap$AvlBuilder	add(com.google.gson.internal.LinkedHashTreeMap.Node<K,V>)	right	com.google.gson.internal.LinkedHashTreeMap$Node	SOURCE
com.google.gson.internal.LinkedHashTreeMap$AvlBuilder	add(com.google.gson.internal.LinkedHashTreeMap.Node<K,V>)	height	com.google.gson.internal.LinkedHashTreeMap$Node	SOURCE
com.google.gson.internal.LinkedHashTreeMap$AvlBuilder	add(com.google.gson.internal.LinkedHashTreeMap.Node<K,V>)	height	com.google.gson.internal.LinkedHashTreeMap$Node	SOURCE
com.google.gson.internal.LinkedHashTreeMap$AvlBuilder	add(com.google.gson.internal.LinkedHashTreeMap.Node<K,V>)	parent	com.google.gson.internal.LinkedHashTreeMap$Node	SOURCE
com.google.gson.internal.LinkedHashTreeMap$AvlBuilder	add(com.google.gson.internal.LinkedHashTreeMap.Node<K,V>)	parent	com.google.gson.internal.LinkedHashTreeMap$Node	SOURCE
com.google.gson.internal.LinkedHashTreeMap$AvlBuilder	add(com.google.gson.internal.LinkedHashTreeMap.Node<K,V>)	leavesSkipped	com.google.gson.internal.LinkedHashTreeMap$AvlBuilder	SOURCE
com.google.gson.internal.LinkedHashTreeMap$AvlBuilder	add(com.google.gson.internal.LinkedHashTreeMap.Node<K,V>)	stack	com.google.gson.internal.LinkedHashTreeMap$AvlBuilder	SOURCE
com.google.gson.internal.LinkedHashTreeMap$AvlBuilder	add(com.google.gson.internal.LinkedHashTreeMap.Node<K,V>)	stack	com.google.gson.internal.LinkedHashTreeMap$AvlBuilder	SOURCE
com.google.gson.internal.LinkedHashTreeMap$AvlBuilder	add(com.google.gson.internal.LinkedHashTreeMap.Node<K,V>)	parent	com.google.gson.internal.LinkedHashTreeMap$Node	SOURCE
com.google.gson.internal.LinkedHashTreeMap$AvlBuilder	add(com.google.gson.internal.LinkedHashTreeMap.Node<K,V>)	parent	com.google.gson.internal.LinkedHashTreeMap$Node	SOURCE
com.google.gson.internal.LinkedHashTreeMap$AvlBuilder	add(com.google.gson.internal.LinkedHashTreeMap.Node<K,V>)	stack	com.google.gson.internal.LinkedHashTreeMap$AvlBuilder	SOURCE
com.google.gson.internal.LinkedHashTreeMap$AvlBuilder	add(com.google.gson.internal.LinkedHashTreeMap.Node<K,V>)	right	com.google.gson.internal.LinkedHashTreeMap$Node	SOURCE
com.google.gson.internal.LinkedHashTreeMap$AvlBuilder	add(com.google.gson.internal.LinkedHashTreeMap.Node<K,V>)	height	com.google.gson.internal.LinkedHashTreeMap$Node	SOURCE
com.google.gson.internal.LinkedHashTreeMap$AvlBuilder	add(com.google.gson.internal.LinkedHashTreeMap.Node<K,V>)	height	com.google.gson.internal.LinkedHashTreeMap$Node	SOURCE
com.google.gson.internal.LinkedHashTreeMap$AvlBuilder	add(com.google.gson.internal.LinkedHashTreeMap.Node<K,V>)	parent	com.google.gson.internal.LinkedHashTreeMap$Node	SOURCE
com.google.gson.internal.LinkedHashTreeMap$AvlBuilder	add(com.google.gson.internal.LinkedHashTreeMap.Node<K,V>)	leavesSkipped	com.google.gson.internal.LinkedHashTreeMap$AvlBuilder	SOURCE
com.google.gson.internal.LinkedHashTreeMap$AvlBuilder	add(com.google.gson.internal.LinkedHashTreeMap.Node<K,V>)	leavesSkipped	com.google.gson.internal.LinkedHashTreeMap$AvlBuilder	SOURCE
com.google.gson.internal.LinkedHashTreeMap$AvlBuilder	add(com.google.gson.internal.LinkedHashTreeMap.Node<K,V>)	leavesSkipped	com.google.gson.internal.LinkedHashTreeMap$AvlBuilder	SOURCE
com.google.gson.internal.LinkedHashTreeMap$AvlBuilder	root()	stack	com.google.gson.internal.LinkedHashTreeMap$AvlBuilder	SOURCE
com.google.gson.internal.LinkedHashTreeMap$AvlBuilder	root()	stack	com.google.gson.internal.LinkedHashTreeMap$AvlBuilder	SOURCE
com.google.gson.internal.LinkedHashTreeMap$AvlBuilder	root()	this	com.google.gson.internal.LinkedHashTreeMap$AvlBuilder	SOURCE
com.google.gson.internal.LinkedHashTreeMap$AvlBuilder	root()	parent	com.google.gson.internal.LinkedHashTreeMap$Node	SOURCE
com.google.gson.internal.LinkedHashTreeMap$LinkedTreeMapIterator	next	next	com.google.gson.internal.LinkedHashTreeMap$Node	SOURCE
com.google.gson.internal.LinkedHashTreeMap$LinkedTreeMapIterator	next	next	com.google.gson.internal.LinkedHashTreeMap$Node	SOURCE
com.google.gson.internal.LinkedHashTreeMap$LinkedTreeMapIterator	next	header	com.google.gson.internal.LinkedHashTreeMap	SOURCE
com.google.gson.internal.LinkedHashTreeMap$LinkedTreeMapIterator	expectedModCount	modCount	com.google.gson.internal.LinkedHashTreeMap	SOURCE
com.google.gson.internal.LinkedHashTreeMap$LinkedTreeMapIterator	expectedModCount	modCount	com.google.gson.internal.LinkedHashTreeMap	SOURCE
com.google.gson.internal.LinkedHashTreeMap$LinkedTreeMapIterator	hasNext()	next	com.google.gson.internal.LinkedHashTreeMap$LinkedTreeMapIterator	SOURCE
com.google.gson.internal.LinkedHashTreeMap$LinkedTreeMapIterator	hasNext()	header	com.google.gson.internal.LinkedHashTreeMap	SOURCE
com.google.gson.internal.LinkedHashTreeMap$LinkedTreeMapIterator	nextNode()	next	com.google.gson.internal.LinkedHashTreeMap$LinkedTreeMapIterator	SOURCE
com.google.gson.internal.LinkedHashTreeMap$LinkedTreeMapIterator	nextNode()	next	com.google.gson.internal.LinkedHashTreeMap$LinkedTreeMapIterator	SOURCE
com.google.gson.internal.LinkedHashTreeMap$LinkedTreeMapIterator	nextNode()	header	com.google.gson.internal.LinkedHashTreeMap	SOURCE
com.google.gson.internal.LinkedHashTreeMap$LinkedTreeMapIterator	nextNode()	modCount	com.google.gson.internal.LinkedHashTreeMap	SOURCE
com.google.gson.internal.LinkedHashTreeMap$LinkedTreeMapIterator	nextNode()	expectedModCount	com.google.gson.internal.LinkedHashTreeMap$LinkedTreeMapIterator	SOURCE
com.google.gson.internal.LinkedHashTreeMap$LinkedTreeMapIterator	nextNode()	next	com.google.gson.internal.LinkedHashTreeMap$LinkedTreeMapIterator	SOURCE
com.google.gson.internal.LinkedHashTreeMap$LinkedTreeMapIterator	nextNode()	next	com.google.gson.internal.LinkedHashTreeMap$Node	SOURCE
com.google.gson.internal.LinkedHashTreeMap$LinkedTreeMapIterator	nextNode()	lastReturned	com.google.gson.internal.LinkedHashTreeMap$LinkedTreeMapIterator	SOURCE
com.google.gson.internal.LinkedHashTreeMap$LinkedTreeMapIterator	remove()	lastReturned	com.google.gson.internal.LinkedHashTreeMap$LinkedTreeMapIterator	SOURCE
com.google.gson.internal.LinkedHashTreeMap$LinkedTreeMapIterator	remove()	lastReturned	com.google.gson.internal.LinkedHashTreeMap$LinkedTreeMapIterator	SOURCE
com.google.gson.internal.LinkedHashTreeMap$LinkedTreeMapIterator	remove()	lastReturned	com.google.gson.internal.LinkedHashTreeMap$LinkedTreeMapIterator	SOURCE
com.google.gson.internal.LinkedHashTreeMap$LinkedTreeMapIterator	remove()	expectedModCount	com.google.gson.internal.LinkedHashTreeMap$LinkedTreeMapIterator	SOURCE
com.google.gson.internal.LinkedHashTreeMap$LinkedTreeMapIterator	remove()	modCount	com.google.gson.internal.LinkedHashTreeMap	SOURCE
com.google.gson.internal.LinkedHashTreeMap$EntrySet	size()	size	com.google.gson.internal.LinkedHashTreeMap	SOURCE
com.google.gson.internal.LinkedHashTreeMap$EntrySet	clear()	this	com.google.gson.internal.LinkedHashTreeMap	SOURCE
com.google.gson.internal.LinkedHashTreeMap$KeySet	size()	size	com.google.gson.internal.LinkedHashTreeMap	SOURCE
com.google.gson.internal.LinkedHashTreeMap$KeySet$1	next()	key	com.google.gson.internal.LinkedHashTreeMap$Node	SOURCE
com.google.gson.internal.LinkedHashTreeMap$KeySet	clear()	this	com.google.gson.internal.LinkedHashTreeMap	SOURCE
com.google.gson.internal.LinkedHashTreeMap	writeReplace()	this	com.google.gson.internal.LinkedHashTreeMap	SOURCE
com.google.gson.internal.UnsafeAllocator	create()	class	java.lang.Class	SOURCE
com.google.gson.internal.UnsafeAllocator	create()	class	java.io.ObjectStreamClass	SOURCE
com.google.gson.internal.UnsafeAllocator	create()	class	java.lang.Class	SOURCE
com.google.gson.internal.UnsafeAllocator	create()	class	java.lang.Object	SOURCE
com.google.gson.internal.UnsafeAllocator	create()	class	java.io.ObjectStreamClass	SOURCE
com.google.gson.internal.UnsafeAllocator	create()	class	java.lang.Class	SOURCE
com.google.gson.internal.UnsafeAllocator	create()	class	null	SOURCE
com.google.gson.internal.UnsafeAllocator	create()	class	java.io.ObjectInputStream	SOURCE
com.google.gson.internal.UnsafeAllocator	create()	class	java.lang.Class	SOURCE
com.google.gson.internal.UnsafeAllocator	create()	class	java.lang.Class	SOURCE
com.google.gson.internal.UnsafeAllocator$3	<T>newInstance(java.lang.Class<T>)	class	java.lang.Object	SOURCE
com.google.gson.JsonStreamParser	JsonStreamParser(java.io.Reader)	parser	com.google.gson.JsonStreamParser	SOURCE
com.google.gson.JsonStreamParser	JsonStreamParser(java.io.Reader)	parser	com.google.gson.JsonStreamParser	SOURCE
com.google.gson.JsonStreamParser	JsonStreamParser(java.io.Reader)	lock	com.google.gson.JsonStreamParser	SOURCE
com.google.gson.JsonStreamParser	next()	parser	com.google.gson.JsonStreamParser	SOURCE
com.google.gson.JsonStreamParser	hasNext()	lock	com.google.gson.JsonStreamParser	SOURCE
com.google.gson.JsonStreamParser	hasNext()	parser	com.google.gson.JsonStreamParser	SOURCE
com.google.gson.DefaultDateTypeAdapter	DefaultDateTypeAdapter(java.lang.Class<? extends java.util.Date>)	dateType	com.google.gson.DefaultDateTypeAdapter	SOURCE
com.google.gson.DefaultDateTypeAdapter	DefaultDateTypeAdapter(java.lang.Class<? extends java.util.Date>)	this	com.google.gson.DefaultDateTypeAdapter	SOURCE
com.google.gson.DefaultDateTypeAdapter	DefaultDateTypeAdapter(java.lang.Class<? extends java.util.Date>)	dateFormats	com.google.gson.DefaultDateTypeAdapter	SOURCE
com.google.gson.DefaultDateTypeAdapter	DefaultDateTypeAdapter(java.lang.Class<? extends java.util.Date>)	DEFAULT	java.text.DateFormat	SOURCE
com.google.gson.DefaultDateTypeAdapter	DefaultDateTypeAdapter(java.lang.Class<? extends java.util.Date>)	DEFAULT	java.text.DateFormat	SOURCE
com.google.gson.DefaultDateTypeAdapter	DefaultDateTypeAdapter(java.lang.Class<? extends java.util.Date>)	US	java.util.Locale	SOURCE
com.google.gson.DefaultDateTypeAdapter	DefaultDateTypeAdapter(java.lang.Class<? extends java.util.Date>)	US	java.util.Locale	SOURCE
com.google.gson.DefaultDateTypeAdapter	DefaultDateTypeAdapter(java.lang.Class<? extends java.util.Date>)	dateFormats	com.google.gson.DefaultDateTypeAdapter	SOURCE
com.google.gson.DefaultDateTypeAdapter	DefaultDateTypeAdapter(java.lang.Class<? extends java.util.Date>)	DEFAULT	java.text.DateFormat	SOURCE
com.google.gson.DefaultDateTypeAdapter	DefaultDateTypeAdapter(java.lang.Class<? extends java.util.Date>)	DEFAULT	java.text.DateFormat	SOURCE
com.google.gson.DefaultDateTypeAdapter	DefaultDateTypeAdapter(java.lang.Class<? extends java.util.Date>)	dateFormats	com.google.gson.DefaultDateTypeAdapter	SOURCE
com.google.gson.DefaultDateTypeAdapter	DefaultDateTypeAdapter(java.lang.Class<? extends java.util.Date>)	DEFAULT	java.text.DateFormat	SOURCE
com.google.gson.DefaultDateTypeAdapter	DefaultDateTypeAdapter(java.lang.Class<? extends java.util.Date>)	DEFAULT	java.text.DateFormat	SOURCE
com.google.gson.DefaultDateTypeAdapter	DefaultDateTypeAdapter(java.lang.Class<? extends java.util.Date>,java.lang.String)	dateType	com.google.gson.DefaultDateTypeAdapter	SOURCE
com.google.gson.DefaultDateTypeAdapter	DefaultDateTypeAdapter(java.lang.Class<? extends java.util.Date>,java.lang.String)	this	com.google.gson.DefaultDateTypeAdapter	SOURCE
com.google.gson.DefaultDateTypeAdapter	DefaultDateTypeAdapter(java.lang.Class<? extends java.util.Date>,java.lang.String)	dateFormats	com.google.gson.DefaultDateTypeAdapter	SOURCE
com.google.gson.DefaultDateTypeAdapter	DefaultDateTypeAdapter(java.lang.Class<? extends java.util.Date>,java.lang.String)	US	java.util.Locale	SOURCE
com.google.gson.DefaultDateTypeAdapter	DefaultDateTypeAdapter(java.lang.Class<? extends java.util.Date>,java.lang.String)	US	java.util.Locale	SOURCE
com.google.gson.DefaultDateTypeAdapter	DefaultDateTypeAdapter(java.lang.Class<? extends java.util.Date>,java.lang.String)	dateFormats	com.google.gson.DefaultDateTypeAdapter	SOURCE
com.google.gson.DefaultDateTypeAdapter	DefaultDateTypeAdapter(java.lang.Class<? extends java.util.Date>,int)	dateType	com.google.gson.DefaultDateTypeAdapter	SOURCE
com.google.gson.DefaultDateTypeAdapter	DefaultDateTypeAdapter(java.lang.Class<? extends java.util.Date>,int)	this	com.google.gson.DefaultDateTypeAdapter	SOURCE
com.google.gson.DefaultDateTypeAdapter	DefaultDateTypeAdapter(java.lang.Class<? extends java.util.Date>,int)	dateFormats	com.google.gson.DefaultDateTypeAdapter	SOURCE
com.google.gson.DefaultDateTypeAdapter	DefaultDateTypeAdapter(java.lang.Class<? extends java.util.Date>,int)	US	java.util.Locale	SOURCE
com.google.gson.DefaultDateTypeAdapter	DefaultDateTypeAdapter(java.lang.Class<? extends java.util.Date>,int)	US	java.util.Locale	SOURCE
com.google.gson.DefaultDateTypeAdapter	DefaultDateTypeAdapter(java.lang.Class<? extends java.util.Date>,int)	dateFormats	com.google.gson.DefaultDateTypeAdapter	SOURCE
com.google.gson.DefaultDateTypeAdapter	DefaultDateTypeAdapter(java.lang.Class<? extends java.util.Date>,int)	dateFormats	com.google.gson.DefaultDateTypeAdapter	SOURCE
com.google.gson.DefaultDateTypeAdapter	DefaultDateTypeAdapter(int,int)	class	java.util.Date	SOURCE
com.google.gson.DefaultDateTypeAdapter	DefaultDateTypeAdapter(java.lang.Class<? extends java.util.Date>,int,int)	dateType	com.google.gson.DefaultDateTypeAdapter	SOURCE
com.google.gson.DefaultDateTypeAdapter	DefaultDateTypeAdapter(java.lang.Class<? extends java.util.Date>,int,int)	this	com.google.gson.DefaultDateTypeAdapter	SOURCE
com.google.gson.DefaultDateTypeAdapter	DefaultDateTypeAdapter(java.lang.Class<? extends java.util.Date>,int,int)	dateFormats	com.google.gson.DefaultDateTypeAdapter	SOURCE
com.google.gson.DefaultDateTypeAdapter	DefaultDateTypeAdapter(java.lang.Class<? extends java.util.Date>,int,int)	US	java.util.Locale	SOURCE
com.google.gson.DefaultDateTypeAdapter	DefaultDateTypeAdapter(java.lang.Class<? extends java.util.Date>,int,int)	US	java.util.Locale	SOURCE
com.google.gson.DefaultDateTypeAdapter	DefaultDateTypeAdapter(java.lang.Class<? extends java.util.Date>,int,int)	dateFormats	com.google.gson.DefaultDateTypeAdapter	SOURCE
com.google.gson.DefaultDateTypeAdapter	DefaultDateTypeAdapter(java.lang.Class<? extends java.util.Date>,int,int)	dateFormats	com.google.gson.DefaultDateTypeAdapter	SOURCE
com.google.gson.DefaultDateTypeAdapter	verifyDateType(java.lang.Class<? extends java.util.Date>)	class	java.util.Date	SOURCE
com.google.gson.DefaultDateTypeAdapter	verifyDateType(java.lang.Class<? extends java.util.Date>)	class	java.sql.Date	SOURCE
com.google.gson.DefaultDateTypeAdapter	verifyDateType(java.lang.Class<? extends java.util.Date>)	class	java.sql.Timestamp	SOURCE
com.google.gson.DefaultDateTypeAdapter	verifyDateType(java.lang.Class<? extends java.util.Date>)	class	java.util.Date	SOURCE
com.google.gson.DefaultDateTypeAdapter	verifyDateType(java.lang.Class<? extends java.util.Date>)	class	java.sql.Timestamp	SOURCE
com.google.gson.DefaultDateTypeAdapter	verifyDateType(java.lang.Class<? extends java.util.Date>)	class	java.sql.Date	SOURCE
com.google.gson.DefaultDateTypeAdapter	write(com.google.gson.stream.JsonWriter,java.util.Date)	dateFormats	com.google.gson.DefaultDateTypeAdapter	SOURCE
com.google.gson.DefaultDateTypeAdapter	write(com.google.gson.stream.JsonWriter,java.util.Date)	dateFormats	com.google.gson.DefaultDateTypeAdapter	SOURCE
com.google.gson.DefaultDateTypeAdapter	read(com.google.gson.stream.JsonReader)	dateType	com.google.gson.DefaultDateTypeAdapter	SOURCE
com.google.gson.DefaultDateTypeAdapter	read(com.google.gson.stream.JsonReader)	class	java.util.Date	SOURCE
com.google.gson.DefaultDateTypeAdapter	read(com.google.gson.stream.JsonReader)	dateType	com.google.gson.DefaultDateTypeAdapter	SOURCE
com.google.gson.DefaultDateTypeAdapter	read(com.google.gson.stream.JsonReader)	class	java.sql.Timestamp	SOURCE
com.google.gson.DefaultDateTypeAdapter	read(com.google.gson.stream.JsonReader)	dateType	com.google.gson.DefaultDateTypeAdapter	SOURCE
com.google.gson.DefaultDateTypeAdapter	read(com.google.gson.stream.JsonReader)	class	java.sql.Date	SOURCE
com.google.gson.DefaultDateTypeAdapter	deserializeToDate(java.lang.String)	dateFormats	com.google.gson.DefaultDateTypeAdapter	SOURCE
com.google.gson.DefaultDateTypeAdapter	deserializeToDate(java.lang.String)	dateFormats	com.google.gson.DefaultDateTypeAdapter	SOURCE
com.google.gson.DefaultDateTypeAdapter	toString()	dateFormats	com.google.gson.DefaultDateTypeAdapter	SOURCE
com.google.gson.DefaultDateTypeAdapter	toString()	SIMPLE_NAME	com.google.gson.DefaultDateTypeAdapter	SOURCE
com.google.gson.DefaultDateTypeAdapter	toString()	SIMPLE_NAME	com.google.gson.DefaultDateTypeAdapter	SOURCE
