id	class	method	parent	size	flags	nullable	visibility	non-primitive-return	uri
1	com.google.gson.FieldNamingStrategy	translateName(java.lang.reflect.Field)	0	1	[false]	false	public	true	file:///tmp/projects/gson/gson/src/main/java/com/google/gson/FieldNamingStrategy.java
2	com.google.gson.JsonObject	deepCopy()	3	0	[]	false	public	true	file:///tmp/projects/gson/gson/src/main/java/com/google/gson/JsonObject.java
4	com.google.gson.JsonObject	add(java.lang.String,com.google.gson.JsonElement)	0	2	[false, false]	false	public	false	file:///tmp/projects/gson/gson/src/main/java/com/google/gson/JsonObject.java
5	com.google.gson.JsonObject	remove(java.lang.String)	0	1	[false]	false	public	true	file:///tmp/projects/gson/gson/src/main/java/com/google/gson/JsonObject.java
6	com.google.gson.JsonObject	addProperty(java.lang.String,java.lang.String)	0	2	[false, false]	false	public	false	file:///tmp/projects/gson/gson/src/main/java/com/google/gson/JsonObject.java
7	com.google.gson.JsonObject	addProperty(java.lang.String,java.lang.Number)	0	2	[false, false]	false	public	false	file:///tmp/projects/gson/gson/src/main/java/com/google/gson/JsonObject.java
8	com.google.gson.JsonObject	addProperty(java.lang.String,java.lang.Boolean)	0	2	[false, false]	false	public	false	file:///tmp/projects/gson/gson/src/main/java/com/google/gson/JsonObject.java
9	com.google.gson.JsonObject	addProperty(java.lang.String,java.lang.Character)	0	2	[false, false]	false	public	false	file:///tmp/projects/gson/gson/src/main/java/com/google/gson/JsonObject.java
10	com.google.gson.JsonObject	entrySet()	0	0	[]	false	public	true	file:///tmp/projects/gson/gson/src/main/java/com/google/gson/JsonObject.java
11	com.google.gson.JsonObject	keySet()	0	0	[]	false	public	true	file:///tmp/projects/gson/gson/src/main/java/com/google/gson/JsonObject.java
12	com.google.gson.JsonObject	size()	0	0	[]	false	public	false	file:///tmp/projects/gson/gson/src/main/java/com/google/gson/JsonObject.java
13	com.google.gson.JsonObject	has(java.lang.String)	0	1	[false]	false	public	false	file:///tmp/projects/gson/gson/src/main/java/com/google/gson/JsonObject.java
14	com.google.gson.JsonObject	get(java.lang.String)	0	1	[false]	false	public	true	file:///tmp/projects/gson/gson/src/main/java/com/google/gson/JsonObject.java
15	com.google.gson.JsonObject	getAsJsonPrimitive(java.lang.String)	0	1	[false]	false	public	true	file:///tmp/projects/gson/gson/src/main/java/com/google/gson/JsonObject.java
16	com.google.gson.JsonObject	getAsJsonArray(java.lang.String)	0	1	[false]	false	public	true	file:///tmp/projects/gson/gson/src/main/java/com/google/gson/JsonObject.java
17	com.google.gson.JsonObject	getAsJsonObject(java.lang.String)	0	1	[false]	false	public	true	file:///tmp/projects/gson/gson/src/main/java/com/google/gson/JsonObject.java
18	com.google.gson.JsonObject	equals(java.lang.Object)	19	1	[false]	false	public	false	file:///tmp/projects/gson/gson/src/main/java/com/google/gson/JsonObject.java
20	com.google.gson.JsonObject	hashCode()	21	0	[]	false	public	false	file:///tmp/projects/gson/gson/src/main/java/com/google/gson/JsonObject.java
3	com.google.gson.JsonElement	deepCopy()	0	0	[]	false	public	true	file:///tmp/projects/gson/gson/src/main/java/com/google/gson/JsonElement.java
22	com.google.gson.JsonElement	isJsonArray()	0	0	[]	false	public	false	file:///tmp/projects/gson/gson/src/main/java/com/google/gson/JsonElement.java
23	com.google.gson.JsonElement	isJsonObject()	0	0	[]	false	public	false	file:///tmp/projects/gson/gson/src/main/java/com/google/gson/JsonElement.java
24	com.google.gson.JsonElement	isJsonPrimitive()	0	0	[]	false	public	false	file:///tmp/projects/gson/gson/src/main/java/com/google/gson/JsonElement.java
25	com.google.gson.JsonElement	isJsonNull()	0	0	[]	false	public	false	file:///tmp/projects/gson/gson/src/main/java/com/google/gson/JsonElement.java
26	com.google.gson.JsonElement	getAsJsonObject()	0	0	[]	false	public	true	file:///tmp/projects/gson/gson/src/main/java/com/google/gson/JsonElement.java
27	com.google.gson.JsonElement	getAsJsonArray()	0	0	[]	false	public	true	file:///tmp/projects/gson/gson/src/main/java/com/google/gson/JsonElement.java
28	com.google.gson.JsonElement	getAsJsonPrimitive()	0	0	[]	false	public	true	file:///tmp/projects/gson/gson/src/main/java/com/google/gson/JsonElement.java
29	com.google.gson.JsonElement	getAsJsonNull()	0	0	[]	false	public	true	file:///tmp/projects/gson/gson/src/main/java/com/google/gson/JsonElement.java
30	com.google.gson.JsonElement	getAsBoolean()	0	0	[]	false	public	false	file:///tmp/projects/gson/gson/src/main/java/com/google/gson/JsonElement.java
31	com.google.gson.JsonElement	getAsNumber()	0	0	[]	false	public	true	file:///tmp/projects/gson/gson/src/main/java/com/google/gson/JsonElement.java
32	com.google.gson.JsonElement	getAsString()	0	0	[]	false	public	true	file:///tmp/projects/gson/gson/src/main/java/com/google/gson/JsonElement.java
33	com.google.gson.JsonElement	getAsDouble()	0	0	[]	false	public	false	file:///tmp/projects/gson/gson/src/main/java/com/google/gson/JsonElement.java
34	com.google.gson.JsonElement	getAsFloat()	0	0	[]	false	public	false	file:///tmp/projects/gson/gson/src/main/java/com/google/gson/JsonElement.java
35	com.google.gson.JsonElement	getAsLong()	0	0	[]	false	public	false	file:///tmp/projects/gson/gson/src/main/java/com/google/gson/JsonElement.java
36	com.google.gson.JsonElement	getAsInt()	0	0	[]	false	public	false	file:///tmp/projects/gson/gson/src/main/java/com/google/gson/JsonElement.java
37	com.google.gson.JsonElement	getAsByte()	0	0	[]	false	public	false	file:///tmp/projects/gson/gson/src/main/java/com/google/gson/JsonElement.java
38	com.google.gson.JsonElement	getAsCharacter()	0	0	[]	false	public	false	file:///tmp/projects/gson/gson/src/main/java/com/google/gson/JsonElement.java
39	com.google.gson.JsonElement	getAsBigDecimal()	0	0	[]	false	public	true	file:///tmp/projects/gson/gson/src/main/java/com/google/gson/JsonElement.java
40	com.google.gson.JsonElement	getAsBigInteger()	0	0	[]	false	public	true	file:///tmp/projects/gson/gson/src/main/java/com/google/gson/JsonElement.java
41	com.google.gson.JsonElement	getAsShort()	0	0	[]	false	public	false	file:///tmp/projects/gson/gson/src/main/java/com/google/gson/JsonElement.java
42	com.google.gson.JsonElement	toString()	43	0	[]	false	public	true	file:///tmp/projects/gson/gson/src/main/java/com/google/gson/JsonElement.java
44	com.google.gson.internal.LinkedTreeMap$1	compare(java.lang.Comparable,java.lang.Comparable)	45	2	[false, false]	false	public	false	file:///tmp/projects/gson/gson/src/main/java/com/google/gson/internal/LinkedTreeMap.java
46	com.google.gson.internal.LinkedTreeMap	LinkedTreeMap()	0	0	[]	false	public	false	file:///tmp/projects/gson/gson/src/main/java/com/google/gson/internal/LinkedTreeMap.java
47	com.google.gson.internal.LinkedTreeMap	LinkedTreeMap(java.util.Comparator<? super K>)	0	1	[false]	false	public	false	file:///tmp/projects/gson/gson/src/main/java/com/google/gson/internal/LinkedTreeMap.java
48	com.google.gson.internal.LinkedTreeMap	size()	49	0	[]	false	public	false	file:///tmp/projects/gson/gson/src/main/java/com/google/gson/internal/LinkedTreeMap.java
50	com.google.gson.internal.LinkedTreeMap	get(java.lang.Object)	51	1	[false]	false	public	true	file:///tmp/projects/gson/gson/src/main/java/com/google/gson/internal/LinkedTreeMap.java
52	com.google.gson.internal.LinkedTreeMap	containsKey(java.lang.Object)	53	1	[false]	false	public	false	file:///tmp/projects/gson/gson/src/main/java/com/google/gson/internal/LinkedTreeMap.java
54	com.google.gson.internal.LinkedTreeMap	put(K,V)	55	2	[false, false]	false	public	true	file:///tmp/projects/gson/gson/src/main/java/com/google/gson/internal/LinkedTreeMap.java
56	com.google.gson.internal.LinkedTreeMap	clear()	57	0	[]	false	public	false	file:///tmp/projects/gson/gson/src/main/java/com/google/gson/internal/LinkedTreeMap.java
58	com.google.gson.internal.LinkedTreeMap	remove(java.lang.Object)	59	1	[false]	false	public	true	file:///tmp/projects/gson/gson/src/main/java/com/google/gson/internal/LinkedTreeMap.java
60	com.google.gson.internal.LinkedTreeMap	find(K,boolean)	0	2	[false, false]	false	package	true	file:///tmp/projects/gson/gson/src/main/java/com/google/gson/internal/LinkedTreeMap.java
61	com.google.gson.internal.LinkedTreeMap	findByObject(java.lang.Object)	0	1	[false]	false	package	true	file:///tmp/projects/gson/gson/src/main/java/com/google/gson/internal/LinkedTreeMap.java
62	com.google.gson.internal.LinkedTreeMap	findByEntry(java.util.Map.Entry<?,?>)	0	1	[false]	false	package	true	file:///tmp/projects/gson/gson/src/main/java/com/google/gson/internal/LinkedTreeMap.java
63	com.google.gson.internal.LinkedTreeMap	equal(java.lang.Object,java.lang.Object)	0	2	[false, false]	false	private	false	file:///tmp/projects/gson/gson/src/main/java/com/google/gson/internal/LinkedTreeMap.java
64	com.google.gson.internal.LinkedTreeMap	removeInternal(com.google.gson.internal.LinkedTreeMap.Node<K,V>,boolean)	0	2	[false, false]	false	package	false	file:///tmp/projects/gson/gson/src/main/java/com/google/gson/internal/LinkedTreeMap.java
65	com.google.gson.internal.LinkedTreeMap	removeInternalByKey(java.lang.Object)	0	1	[false]	false	package	true	file:///tmp/projects/gson/gson/src/main/java/com/google/gson/internal/LinkedTreeMap.java
66	com.google.gson.internal.LinkedTreeMap	replaceInParent(com.google.gson.internal.LinkedTreeMap.Node<K,V>,com.google.gson.internal.LinkedTreeMap.Node<K,V>)	0	2	[false, false]	false	private	false	file:///tmp/projects/gson/gson/src/main/java/com/google/gson/internal/LinkedTreeMap.java
67	com.google.gson.internal.LinkedTreeMap	rebalance(com.google.gson.internal.LinkedTreeMap.Node<K,V>,boolean)	0	2	[false, false]	false	private	false	file:///tmp/projects/gson/gson/src/main/java/com/google/gson/internal/LinkedTreeMap.java
68	com.google.gson.internal.LinkedTreeMap	rotateLeft(com.google.gson.internal.LinkedTreeMap.Node<K,V>)	0	1	[false]	false	private	false	file:///tmp/projects/gson/gson/src/main/java/com/google/gson/internal/LinkedTreeMap.java
69	com.google.gson.internal.LinkedTreeMap	rotateRight(com.google.gson.internal.LinkedTreeMap.Node<K,V>)	0	1	[false]	false	private	false	file:///tmp/projects/gson/gson/src/main/java/com/google/gson/internal/LinkedTreeMap.java
70	com.google.gson.internal.LinkedTreeMap	entrySet()	71	0	[]	false	public	true	file:///tmp/projects/gson/gson/src/main/java/com/google/gson/internal/LinkedTreeMap.java
72	com.google.gson.internal.LinkedTreeMap	keySet()	73	0	[]	false	public	true	file:///tmp/projects/gson/gson/src/main/java/com/google/gson/internal/LinkedTreeMap.java
74	com.google.gson.internal.LinkedTreeMap$Node	Node()	0	0	[]	false	package	false	file:///tmp/projects/gson/gson/src/main/java/com/google/gson/internal/LinkedTreeMap.java
75	com.google.gson.internal.LinkedTreeMap$Node	Node(com.google.gson.internal.LinkedTreeMap.Node<K,V>,K,com.google.gson.internal.LinkedTreeMap.Node<K,V>,com.google.gson.internal.LinkedTreeMap.Node<K,V>)	0	4	[false, false, false, false]	false	package	false	file:///tmp/projects/gson/gson/src/main/java/com/google/gson/internal/LinkedTreeMap.java
76	com.google.gson.internal.LinkedTreeMap$Node	getKey()	77	0	[]	false	public	true	file:///tmp/projects/gson/gson/src/main/java/com/google/gson/internal/LinkedTreeMap.java
78	com.google.gson.internal.LinkedTreeMap$Node	getValue()	79	0	[]	false	public	true	file:///tmp/projects/gson/gson/src/main/java/com/google/gson/internal/LinkedTreeMap.java
80	com.google.gson.internal.LinkedTreeMap$Node	setValue(V)	81	1	[false]	false	public	true	file:///tmp/projects/gson/gson/src/main/java/com/google/gson/internal/LinkedTreeMap.java
82	com.google.gson.internal.LinkedTreeMap$Node	equals(java.lang.Object)	83	1	[false]	false	public	false	file:///tmp/projects/gson/gson/src/main/java/com/google/gson/internal/LinkedTreeMap.java
84	com.google.gson.internal.LinkedTreeMap$Node	hashCode()	85	0	[]	false	public	false	file:///tmp/projects/gson/gson/src/main/java/com/google/gson/internal/LinkedTreeMap.java
86	com.google.gson.internal.LinkedTreeMap$Node	toString()	43	0	[]	false	public	true	file:///tmp/projects/gson/gson/src/main/java/com/google/gson/internal/LinkedTreeMap.java
87	com.google.gson.internal.LinkedTreeMap$Node	first()	0	0	[]	false	public	true	file:///tmp/projects/gson/gson/src/main/java/com/google/gson/internal/LinkedTreeMap.java
88	com.google.gson.internal.LinkedTreeMap$Node	last()	0	0	[]	false	public	true	file:///tmp/projects/gson/gson/src/main/java/com/google/gson/internal/LinkedTreeMap.java
89	com.google.gson.internal.LinkedTreeMap$LinkedTreeMapIterator	LinkedTreeMapIterator()	0	0	[]	false	package	false	file:///tmp/projects/gson/gson/src/main/java/com/google/gson/internal/LinkedTreeMap.java
90	com.google.gson.internal.LinkedTreeMap$LinkedTreeMapIterator	hasNext()	91	0	[]	false	public	false	file:///tmp/projects/gson/gson/src/main/java/com/google/gson/internal/LinkedTreeMap.java
92	com.google.gson.internal.LinkedTreeMap$LinkedTreeMapIterator	nextNode()	0	0	[]	false	package	true	file:///tmp/projects/gson/gson/src/main/java/com/google/gson/internal/LinkedTreeMap.java
93	com.google.gson.internal.LinkedTreeMap$LinkedTreeMapIterator	remove()	94	0	[]	false	public	false	file:///tmp/projects/gson/gson/src/main/java/com/google/gson/internal/LinkedTreeMap.java
95	com.google.gson.internal.LinkedTreeMap$EntrySet	size()	96	0	[]	false	public	false	file:///tmp/projects/gson/gson/src/main/java/com/google/gson/internal/LinkedTreeMap.java
97	com.google.gson.internal.LinkedTreeMap$EntrySet	iterator()	98	0	[]	false	public	true	file:///tmp/projects/gson/gson/src/main/java/com/google/gson/internal/LinkedTreeMap.java
99	com.google.gson.internal.LinkedTreeMap$EntrySet$1	next()	100	0	[]	false	public	true	file:///tmp/projects/gson/gson/src/main/java/com/google/gson/internal/LinkedTreeMap.java
101	com.google.gson.internal.LinkedTreeMap$EntrySet	contains(java.lang.Object)	102	1	[false]	false	public	false	file:///tmp/projects/gson/gson/src/main/java/com/google/gson/internal/LinkedTreeMap.java
103	com.google.gson.internal.LinkedTreeMap$EntrySet	remove(java.lang.Object)	104	1	[false]	false	public	false	file:///tmp/projects/gson/gson/src/main/java/com/google/gson/internal/LinkedTreeMap.java
105	com.google.gson.internal.LinkedTreeMap$EntrySet	clear()	106	0	[]	false	public	false	file:///tmp/projects/gson/gson/src/main/java/com/google/gson/internal/LinkedTreeMap.java
107	com.google.gson.internal.LinkedTreeMap$KeySet	size()	96	0	[]	false	public	false	file:///tmp/projects/gson/gson/src/main/java/com/google/gson/internal/LinkedTreeMap.java
108	com.google.gson.internal.LinkedTreeMap$KeySet	iterator()	98	0	[]	false	public	true	file:///tmp/projects/gson/gson/src/main/java/com/google/gson/internal/LinkedTreeMap.java
109	com.google.gson.internal.LinkedTreeMap$KeySet$1	next()	100	0	[]	false	public	true	file:///tmp/projects/gson/gson/src/main/java/com/google/gson/internal/LinkedTreeMap.java
110	com.google.gson.internal.LinkedTreeMap$KeySet	contains(java.lang.Object)	102	1	[false]	false	public	false	file:///tmp/projects/gson/gson/src/main/java/com/google/gson/internal/LinkedTreeMap.java
111	com.google.gson.internal.LinkedTreeMap$KeySet	remove(java.lang.Object)	104	1	[false]	false	public	false	file:///tmp/projects/gson/gson/src/main/java/com/google/gson/internal/LinkedTreeMap.java
112	com.google.gson.internal.LinkedTreeMap$KeySet	clear()	106	0	[]	false	public	false	file:///tmp/projects/gson/gson/src/main/java/com/google/gson/internal/LinkedTreeMap.java
113	com.google.gson.internal.LinkedTreeMap	writeReplace()	0	0	[]	false	private	true	file:///tmp/projects/gson/gson/src/main/java/com/google/gson/internal/LinkedTreeMap.java
114	com.google.gson.JsonPrimitive	JsonPrimitive(java.lang.Boolean)	0	1	[false]	false	public	false	file:///tmp/projects/gson/gson/src/main/java/com/google/gson/JsonPrimitive.java
115	com.google.gson.JsonPrimitive	JsonPrimitive(java.lang.Number)	0	1	[false]	false	public	false	file:///tmp/projects/gson/gson/src/main/java/com/google/gson/JsonPrimitive.java
116	com.google.gson.JsonPrimitive	JsonPrimitive(java.lang.String)	0	1	[false]	false	public	false	file:///tmp/projects/gson/gson/src/main/java/com/google/gson/JsonPrimitive.java
117	com.google.gson.JsonPrimitive	JsonPrimitive(java.lang.Character)	0	1	[false]	false	public	false	file:///tmp/projects/gson/gson/src/main/java/com/google/gson/JsonPrimitive.java
118	com.google.gson.JsonPrimitive	deepCopy()	3	0	[]	false	public	true	file:///tmp/projects/gson/gson/src/main/java/com/google/gson/JsonPrimitive.java
119	com.google.gson.JsonPrimitive	isBoolean()	0	0	[]	false	public	false	file:///tmp/projects/gson/gson/src/main/java/com/google/gson/JsonPrimitive.java
120	com.google.gson.JsonPrimitive	getAsBoolean()	30	0	[]	false	public	false	file:///tmp/projects/gson/gson/src/main/java/com/google/gson/JsonPrimitive.java
121	com.google.gson.JsonPrimitive	isNumber()	0	0	[]	false	public	false	file:///tmp/projects/gson/gson/src/main/java/com/google/gson/JsonPrimitive.java
122	com.google.gson.JsonPrimitive	getAsNumber()	31	0	[]	false	public	true	file:///tmp/projects/gson/gson/src/main/java/com/google/gson/JsonPrimitive.java
123	com.google.gson.JsonPrimitive	isString()	0	0	[]	false	public	false	file:///tmp/projects/gson/gson/src/main/java/com/google/gson/JsonPrimitive.java
124	com.google.gson.JsonPrimitive	getAsString()	32	0	[]	false	public	true	file:///tmp/projects/gson/gson/src/main/java/com/google/gson/JsonPrimitive.java
125	com.google.gson.JsonPrimitive	getAsDouble()	33	0	[]	false	public	false	file:///tmp/projects/gson/gson/src/main/java/com/google/gson/JsonPrimitive.java
126	com.google.gson.JsonPrimitive	getAsBigDecimal()	39	0	[]	false	public	true	file:///tmp/projects/gson/gson/src/main/java/com/google/gson/JsonPrimitive.java
127	com.google.gson.JsonPrimitive	getAsBigInteger()	40	0	[]	false	public	true	file:///tmp/projects/gson/gson/src/main/java/com/google/gson/JsonPrimitive.java
128	com.google.gson.JsonPrimitive	getAsFloat()	34	0	[]	false	public	false	file:///tmp/projects/gson/gson/src/main/java/com/google/gson/JsonPrimitive.java
129	com.google.gson.JsonPrimitive	getAsLong()	35	0	[]	false	public	false	file:///tmp/projects/gson/gson/src/main/java/com/google/gson/JsonPrimitive.java
130	com.google.gson.JsonPrimitive	getAsShort()	41	0	[]	false	public	false	file:///tmp/projects/gson/gson/src/main/java/com/google/gson/JsonPrimitive.java
131	com.google.gson.JsonPrimitive	getAsInt()	36	0	[]	false	public	false	file:///tmp/projects/gson/gson/src/main/java/com/google/gson/JsonPrimitive.java
132	com.google.gson.JsonPrimitive	getAsByte()	37	0	[]	false	public	false	file:///tmp/projects/gson/gson/src/main/java/com/google/gson/JsonPrimitive.java
133	com.google.gson.JsonPrimitive	getAsCharacter()	38	0	[]	false	public	false	file:///tmp/projects/gson/gson/src/main/java/com/google/gson/JsonPrimitive.java
134	com.google.gson.JsonPrimitive	hashCode()	21	0	[]	false	public	false	file:///tmp/projects/gson/gson/src/main/java/com/google/gson/JsonPrimitive.java
135	com.google.gson.JsonPrimitive	equals(java.lang.Object)	19	1	[false]	false	public	false	file:///tmp/projects/gson/gson/src/main/java/com/google/gson/JsonPrimitive.java
136	com.google.gson.JsonPrimitive	isIntegral(com.google.gson.JsonPrimitive)	0	1	[false]	false	private	false	file:///tmp/projects/gson/gson/src/main/java/com/google/gson/JsonPrimitive.java
137	com.google.gson.JsonArray	JsonArray()	0	0	[]	false	public	false	file:///tmp/projects/gson/gson/src/main/java/com/google/gson/JsonArray.java
138	com.google.gson.JsonArray	JsonArray(int)	0	1	[false]	false	public	false	file:///tmp/projects/gson/gson/src/main/java/com/google/gson/JsonArray.java
139	com.google.gson.JsonArray	deepCopy()	3	0	[]	false	public	true	file:///tmp/projects/gson/gson/src/main/java/com/google/gson/JsonArray.java
140	com.google.gson.JsonArray	add(java.lang.Boolean)	0	1	[false]	false	public	false	file:///tmp/projects/gson/gson/src/main/java/com/google/gson/JsonArray.java
141	com.google.gson.JsonArray	add(java.lang.Character)	0	1	[false]	false	public	false	file:///tmp/projects/gson/gson/src/main/java/com/google/gson/JsonArray.java
142	com.google.gson.JsonArray	add(java.lang.Number)	0	1	[false]	false	public	false	file:///tmp/projects/gson/gson/src/main/java/com/google/gson/JsonArray.java
143	com.google.gson.JsonArray	add(java.lang.String)	0	1	[false]	false	public	false	file:///tmp/projects/gson/gson/src/main/java/com/google/gson/JsonArray.java
144	com.google.gson.JsonArray	add(com.google.gson.JsonElement)	0	1	[false]	false	public	false	file:///tmp/projects/gson/gson/src/main/java/com/google/gson/JsonArray.java
145	com.google.gson.JsonArray	addAll(com.google.gson.JsonArray)	0	1	[false]	false	public	false	file:///tmp/projects/gson/gson/src/main/java/com/google/gson/JsonArray.java
146	com.google.gson.JsonArray	set(int,com.google.gson.JsonElement)	0	2	[false, false]	false	public	true	file:///tmp/projects/gson/gson/src/main/java/com/google/gson/JsonArray.java
147	com.google.gson.JsonArray	remove(com.google.gson.JsonElement)	0	1	[false]	false	public	false	file:///tmp/projects/gson/gson/src/main/java/com/google/gson/JsonArray.java
148	com.google.gson.JsonArray	remove(int)	0	1	[false]	false	public	true	file:///tmp/projects/gson/gson/src/main/java/com/google/gson/JsonArray.java
149	com.google.gson.JsonArray	contains(com.google.gson.JsonElement)	0	1	[false]	false	public	false	file:///tmp/projects/gson/gson/src/main/java/com/google/gson/JsonArray.java
150	com.google.gson.JsonArray	size()	0	0	[]	false	public	false	file:///tmp/projects/gson/gson/src/main/java/com/google/gson/JsonArray.java
151	com.google.gson.JsonArray	isEmpty()	0	0	[]	false	public	false	file:///tmp/projects/gson/gson/src/main/java/com/google/gson/JsonArray.java
152	com.google.gson.JsonArray	iterator()	153	0	[]	false	public	true	file:///tmp/projects/gson/gson/src/main/java/com/google/gson/JsonArray.java
154	com.google.gson.JsonArray	get(int)	0	1	[false]	false	public	true	file:///tmp/projects/gson/gson/src/main/java/com/google/gson/JsonArray.java
155	com.google.gson.JsonArray	getAsNumber()	31	0	[]	false	public	true	file:///tmp/projects/gson/gson/src/main/java/com/google/gson/JsonArray.java
156	com.google.gson.JsonArray	getAsString()	32	0	[]	false	public	true	file:///tmp/projects/gson/gson/src/main/java/com/google/gson/JsonArray.java
157	com.google.gson.JsonArray	getAsDouble()	33	0	[]	false	public	false	file:///tmp/projects/gson/gson/src/main/java/com/google/gson/JsonArray.java
158	com.google.gson.JsonArray	getAsBigDecimal()	39	0	[]	false	public	true	file:///tmp/projects/gson/gson/src/main/java/com/google/gson/JsonArray.java
159	com.google.gson.JsonArray	getAsBigInteger()	40	0	[]	false	public	true	file:///tmp/projects/gson/gson/src/main/java/com/google/gson/JsonArray.java
160	com.google.gson.JsonArray	getAsFloat()	34	0	[]	false	public	false	file:///tmp/projects/gson/gson/src/main/java/com/google/gson/JsonArray.java
161	com.google.gson.JsonArray	getAsLong()	35	0	[]	false	public	false	file:///tmp/projects/gson/gson/src/main/java/com/google/gson/JsonArray.java
162	com.google.gson.JsonArray	getAsInt()	36	0	[]	false	public	false	file:///tmp/projects/gson/gson/src/main/java/com/google/gson/JsonArray.java
163	com.google.gson.JsonArray	getAsByte()	37	0	[]	false	public	false	file:///tmp/projects/gson/gson/src/main/java/com/google/gson/JsonArray.java
164	com.google.gson.JsonArray	getAsCharacter()	38	0	[]	false	public	false	file:///tmp/projects/gson/gson/src/main/java/com/google/gson/JsonArray.java
165	com.google.gson.JsonArray	getAsShort()	41	0	[]	false	public	false	file:///tmp/projects/gson/gson/src/main/java/com/google/gson/JsonArray.java
166	com.google.gson.JsonArray	getAsBoolean()	30	0	[]	false	public	false	file:///tmp/projects/gson/gson/src/main/java/com/google/gson/JsonArray.java
167	com.google.gson.JsonArray	equals(java.lang.Object)	19	1	[false]	false	public	false	file:///tmp/projects/gson/gson/src/main/java/com/google/gson/JsonArray.java
168	com.google.gson.JsonArray	hashCode()	21	0	[]	false	public	false	file:///tmp/projects/gson/gson/src/main/java/com/google/gson/JsonArray.java
169	com.google.gson.JsonNull	JsonNull()	0	0	[]	false	public	false	file:///tmp/projects/gson/gson/src/main/java/com/google/gson/JsonNull.java
170	com.google.gson.JsonNull	deepCopy()	3	0	[]	false	public	true	file:///tmp/projects/gson/gson/src/main/java/com/google/gson/JsonNull.java
171	com.google.gson.JsonNull	hashCode()	21	0	[]	false	public	false	file:///tmp/projects/gson/gson/src/main/java/com/google/gson/JsonNull.java
172	com.google.gson.JsonNull	equals(java.lang.Object)	19	1	[false]	false	public	false	file:///tmp/projects/gson/gson/src/main/java/com/google/gson/JsonNull.java
173	com.google.gson.JsonParser	JsonParser()	0	0	[]	false	public	false	file:///tmp/projects/gson/gson/src/main/java/com/google/gson/JsonParser.java
174	com.google.gson.JsonParser	parseString(java.lang.String)	0	1	[false]	false	public	true	file:///tmp/projects/gson/gson/src/main/java/com/google/gson/JsonParser.java
175	com.google.gson.JsonParser	parseReader(java.io.Reader)	0	1	[false]	false	public	true	file:///tmp/projects/gson/gson/src/main/java/com/google/gson/JsonParser.java
176	com.google.gson.JsonParser	parseReader(com.google.gson.stream.JsonReader)	0	1	[false]	false	public	true	file:///tmp/projects/gson/gson/src/main/java/com/google/gson/JsonParser.java
177	com.google.gson.JsonParser	parse(java.lang.String)	0	1	[false]	false	public	true	file:///tmp/projects/gson/gson/src/main/java/com/google/gson/JsonParser.java
178	com.google.gson.JsonParser	parse(java.io.Reader)	0	1	[false]	false	public	true	file:///tmp/projects/gson/gson/src/main/java/com/google/gson/JsonParser.java
179	com.google.gson.JsonParser	parse(com.google.gson.stream.JsonReader)	0	1	[false]	false	public	true	file:///tmp/projects/gson/gson/src/main/java/com/google/gson/JsonParser.java
180	com.google.gson.JsonSyntaxException	JsonSyntaxException(java.lang.String)	0	1	[false]	false	public	false	file:///tmp/projects/gson/gson/src/main/java/com/google/gson/JsonSyntaxException.java
181	com.google.gson.JsonSyntaxException	JsonSyntaxException(java.lang.String,java.lang.Throwable)	0	2	[false, false]	false	public	false	file:///tmp/projects/gson/gson/src/main/java/com/google/gson/JsonSyntaxException.java
182	com.google.gson.JsonSyntaxException	JsonSyntaxException(java.lang.Throwable)	0	1	[false]	false	public	false	file:///tmp/projects/gson/gson/src/main/java/com/google/gson/JsonSyntaxException.java
183	com.google.gson.JsonParseException	JsonParseException(java.lang.String)	0	1	[false]	false	public	false	file:///tmp/projects/gson/gson/src/main/java/com/google/gson/JsonParseException.java
184	com.google.gson.JsonParseException	JsonParseException(java.lang.String,java.lang.Throwable)	0	2	[false, false]	false	public	false	file:///tmp/projects/gson/gson/src/main/java/com/google/gson/JsonParseException.java
185	com.google.gson.JsonParseException	JsonParseException(java.lang.Throwable)	0	1	[false]	false	public	false	file:///tmp/projects/gson/gson/src/main/java/com/google/gson/JsonParseException.java
186	com.google.gson.JsonIOException	JsonIOException(java.lang.String)	0	1	[false]	false	public	false	file:///tmp/projects/gson/gson/src/main/java/com/google/gson/JsonIOException.java
187	com.google.gson.JsonIOException	JsonIOException(java.lang.String,java.lang.Throwable)	0	2	[false, false]	false	public	false	file:///tmp/projects/gson/gson/src/main/java/com/google/gson/JsonIOException.java
188	com.google.gson.JsonIOException	JsonIOException(java.lang.Throwable)	0	1	[false]	false	public	false	file:///tmp/projects/gson/gson/src/main/java/com/google/gson/JsonIOException.java
189	com.google.gson.stream.JsonReader	JsonReader(java.io.Reader)	0	1	[false]	false	public	false	file:///tmp/projects/gson/gson/src/main/java/com/google/gson/stream/JsonReader.java
190	com.google.gson.stream.JsonReader	setLenient(boolean)	0	1	[false]	false	public	false	file:///tmp/projects/gson/gson/src/main/java/com/google/gson/stream/JsonReader.java
191	com.google.gson.stream.JsonReader	isLenient()	0	0	[]	false	public	false	file:///tmp/projects/gson/gson/src/main/java/com/google/gson/stream/JsonReader.java
192	com.google.gson.stream.JsonReader	beginArray()	0	0	[]	false	public	false	file:///tmp/projects/gson/gson/src/main/java/com/google/gson/stream/JsonReader.java
193	com.google.gson.stream.JsonReader	endArray()	0	0	[]	false	public	false	file:///tmp/projects/gson/gson/src/main/java/com/google/gson/stream/JsonReader.java
194	com.google.gson.stream.JsonReader	beginObject()	0	0	[]	false	public	false	file:///tmp/projects/gson/gson/src/main/java/com/google/gson/stream/JsonReader.java
195	com.google.gson.stream.JsonReader	endObject()	0	0	[]	false	public	false	file:///tmp/projects/gson/gson/src/main/java/com/google/gson/stream/JsonReader.java
196	com.google.gson.stream.JsonReader	hasNext()	0	0	[]	false	public	false	file:///tmp/projects/gson/gson/src/main/java/com/google/gson/stream/JsonReader.java
197	com.google.gson.stream.JsonReader	peek()	0	0	[]	false	public	true	file:///tmp/projects/gson/gson/src/main/java/com/google/gson/stream/JsonReader.java
198	com.google.gson.stream.JsonReader	doPeek()	0	0	[]	false	package	false	file:///tmp/projects/gson/gson/src/main/java/com/google/gson/stream/JsonReader.java
199	com.google.gson.stream.JsonReader	peekKeyword()	0	0	[]	false	private	false	file:///tmp/projects/gson/gson/src/main/java/com/google/gson/stream/JsonReader.java
200	com.google.gson.stream.JsonReader	peekNumber()	0	0	[]	false	private	false	file:///tmp/projects/gson/gson/src/main/java/com/google/gson/stream/JsonReader.java
201	com.google.gson.stream.JsonReader	isLiteral(char)	0	1	[false]	false	private	false	file:///tmp/projects/gson/gson/src/main/java/com/google/gson/stream/JsonReader.java
202	com.google.gson.stream.JsonReader	nextName()	0	0	[]	false	public	true	file:///tmp/projects/gson/gson/src/main/java/com/google/gson/stream/JsonReader.java
203	com.google.gson.stream.JsonReader	nextString()	0	0	[]	false	public	true	file:///tmp/projects/gson/gson/src/main/java/com/google/gson/stream/JsonReader.java
204	com.google.gson.stream.JsonReader	nextBoolean()	0	0	[]	false	public	false	file:///tmp/projects/gson/gson/src/main/java/com/google/gson/stream/JsonReader.java
205	com.google.gson.stream.JsonReader	nextNull()	0	0	[]	false	public	false	file:///tmp/projects/gson/gson/src/main/java/com/google/gson/stream/JsonReader.java
206	com.google.gson.stream.JsonReader	nextDouble()	0	0	[]	false	public	false	file:///tmp/projects/gson/gson/src/main/java/com/google/gson/stream/JsonReader.java
207	com.google.gson.stream.JsonReader	nextLong()	0	0	[]	false	public	false	file:///tmp/projects/gson/gson/src/main/java/com/google/gson/stream/JsonReader.java
208	com.google.gson.stream.JsonReader	nextQuotedValue(char)	0	1	[false]	false	private	true	file:///tmp/projects/gson/gson/src/main/java/com/google/gson/stream/JsonReader.java
209	com.google.gson.stream.JsonReader	nextUnquotedValue()	0	0	[]	false	private	true	file:///tmp/projects/gson/gson/src/main/java/com/google/gson/stream/JsonReader.java
210	com.google.gson.stream.JsonReader	skipQuotedValue(char)	0	1	[false]	false	private	false	file:///tmp/projects/gson/gson/src/main/java/com/google/gson/stream/JsonReader.java
211	com.google.gson.stream.JsonReader	skipUnquotedValue()	0	0	[]	false	private	false	file:///tmp/projects/gson/gson/src/main/java/com/google/gson/stream/JsonReader.java
212	com.google.gson.stream.JsonReader	nextInt()	0	0	[]	false	public	false	file:///tmp/projects/gson/gson/src/main/java/com/google/gson/stream/JsonReader.java
213	com.google.gson.stream.JsonReader	close()	214	0	[]	false	public	false	file:///tmp/projects/gson/gson/src/main/java/com/google/gson/stream/JsonReader.java
215	com.google.gson.stream.JsonReader	skipValue()	0	0	[]	false	public	false	file:///tmp/projects/gson/gson/src/main/java/com/google/gson/stream/JsonReader.java
216	com.google.gson.stream.JsonReader	push(int)	0	1	[false]	false	private	false	file:///tmp/projects/gson/gson/src/main/java/com/google/gson/stream/JsonReader.java
217	com.google.gson.stream.JsonReader	fillBuffer(int)	0	1	[false]	false	private	false	file:///tmp/projects/gson/gson/src/main/java/com/google/gson/stream/JsonReader.java
218	com.google.gson.stream.JsonReader	nextNonWhitespace(boolean)	0	1	[false]	false	private	false	file:///tmp/projects/gson/gson/src/main/java/com/google/gson/stream/JsonReader.java
219	com.google.gson.stream.JsonReader	checkLenient()	0	0	[]	false	private	false	file:///tmp/projects/gson/gson/src/main/java/com/google/gson/stream/JsonReader.java
220	com.google.gson.stream.JsonReader	skipToEndOfLine()	0	0	[]	false	private	false	file:///tmp/projects/gson/gson/src/main/java/com/google/gson/stream/JsonReader.java
221	com.google.gson.stream.JsonReader	skipTo(java.lang.String)	0	1	[false]	false	private	false	file:///tmp/projects/gson/gson/src/main/java/com/google/gson/stream/JsonReader.java
222	com.google.gson.stream.JsonReader	toString()	43	0	[]	false	public	true	file:///tmp/projects/gson/gson/src/main/java/com/google/gson/stream/JsonReader.java
223	com.google.gson.stream.JsonReader	locationString()	0	0	[]	false	package	true	file:///tmp/projects/gson/gson/src/main/java/com/google/gson/stream/JsonReader.java
224	com.google.gson.stream.JsonReader	getPath()	0	0	[]	false	public	true	file:///tmp/projects/gson/gson/src/main/java/com/google/gson/stream/JsonReader.java
225	com.google.gson.stream.JsonReader	readEscapeCharacter()	0	0	[]	false	private	false	file:///tmp/projects/gson/gson/src/main/java/com/google/gson/stream/JsonReader.java
226	com.google.gson.stream.JsonReader	syntaxError(java.lang.String)	0	1	[false]	false	private	true	file:///tmp/projects/gson/gson/src/main/java/com/google/gson/stream/JsonReader.java
227	com.google.gson.stream.JsonReader	consumeNonExecutePrefix()	0	0	[]	false	private	false	file:///tmp/projects/gson/gson/src/main/java/com/google/gson/stream/JsonReader.java
228	com.google.gson.stream.JsonReader$1	promoteNameToValue(com.google.gson.stream.JsonReader)	229	1	[false]	false	public	false	file:///tmp/projects/gson/gson/src/main/java/com/google/gson/stream/JsonReader.java
230	com.google.gson.ExclusionStrategy	shouldSkipField(com.google.gson.FieldAttributes)	0	1	[false]	false	public	false	file:///tmp/projects/gson/gson/src/main/java/com/google/gson/ExclusionStrategy.java
231	com.google.gson.ExclusionStrategy	shouldSkipClass(java.lang.Class<?>)	0	1	[false]	false	public	false	file:///tmp/projects/gson/gson/src/main/java/com/google/gson/ExclusionStrategy.java
232	com.google.gson.FieldAttributes	FieldAttributes(java.lang.reflect.Field)	0	1	[false]	false	public	false	file:///tmp/projects/gson/gson/src/main/java/com/google/gson/FieldAttributes.java
233	com.google.gson.FieldAttributes	getDeclaringClass()	0	0	[]	false	public	true	file:///tmp/projects/gson/gson/src/main/java/com/google/gson/FieldAttributes.java
234	com.google.gson.FieldAttributes	getName()	0	0	[]	false	public	true	file:///tmp/projects/gson/gson/src/main/java/com/google/gson/FieldAttributes.java
235	com.google.gson.FieldAttributes	getDeclaredType()	0	0	[]	false	public	true	file:///tmp/projects/gson/gson/src/main/java/com/google/gson/FieldAttributes.java
236	com.google.gson.FieldAttributes	getDeclaredClass()	0	0	[]	false	public	true	file:///tmp/projects/gson/gson/src/main/java/com/google/gson/FieldAttributes.java
237	com.google.gson.FieldAttributes	<T>getAnnotation(java.lang.Class<T>)	0	1	[false]	false	public	true	file:///tmp/projects/gson/gson/src/main/java/com/google/gson/FieldAttributes.java
238	com.google.gson.FieldAttributes	getAnnotations()	0	0	[]	false	public	true	file:///tmp/projects/gson/gson/src/main/java/com/google/gson/FieldAttributes.java
239	com.google.gson.FieldAttributes	hasModifier(int)	0	1	[false]	false	public	false	file:///tmp/projects/gson/gson/src/main/java/com/google/gson/FieldAttributes.java
240	com.google.gson.FieldAttributes	get(java.lang.Object)	0	1	[false]	false	package	true	file:///tmp/projects/gson/gson/src/main/java/com/google/gson/FieldAttributes.java
241	com.google.gson.FieldAttributes	isSynthetic()	0	0	[]	false	package	false	file:///tmp/projects/gson/gson/src/main/java/com/google/gson/FieldAttributes.java
242	com.google.gson.DefaultDateTypeAdapter	DefaultDateTypeAdapter(java.lang.Class<? extends java.util.Date>)	0	1	[false]	false	package	false	file:///tmp/projects/gson/gson/src/main/java/com/google/gson/DefaultDateTypeAdapter.java
243	com.google.gson.DefaultDateTypeAdapter	DefaultDateTypeAdapter(java.lang.Class<? extends java.util.Date>,java.lang.String)	0	2	[false, false]	false	package	false	file:///tmp/projects/gson/gson/src/main/java/com/google/gson/DefaultDateTypeAdapter.java
244	com.google.gson.DefaultDateTypeAdapter	DefaultDateTypeAdapter(java.lang.Class<? extends java.util.Date>,int)	0	2	[false, false]	false	package	false	file:///tmp/projects/gson/gson/src/main/java/com/google/gson/DefaultDateTypeAdapter.java
245	com.google.gson.DefaultDateTypeAdapter	DefaultDateTypeAdapter(int,int)	0	2	[false, false]	false	public	false	file:///tmp/projects/gson/gson/src/main/java/com/google/gson/DefaultDateTypeAdapter.java
246	com.google.gson.DefaultDateTypeAdapter	DefaultDateTypeAdapter(java.lang.Class<? extends java.util.Date>,int,int)	0	3	[false, false, false]	false	public	false	file:///tmp/projects/gson/gson/src/main/java/com/google/gson/DefaultDateTypeAdapter.java
247	com.google.gson.DefaultDateTypeAdapter	verifyDateType(java.lang.Class<? extends java.util.Date>)	0	1	[false]	false	private	true	file:///tmp/projects/gson/gson/src/main/java/com/google/gson/DefaultDateTypeAdapter.java
248	com.google.gson.DefaultDateTypeAdapter	write(com.google.gson.stream.JsonWriter,java.util.Date)	249	2	[false, false]	false	public	false	file:///tmp/projects/gson/gson/src/main/java/com/google/gson/DefaultDateTypeAdapter.java
250	com.google.gson.DefaultDateTypeAdapter	read(com.google.gson.stream.JsonReader)	251	1	[false]	false	public	true	file:///tmp/projects/gson/gson/src/main/java/com/google/gson/DefaultDateTypeAdapter.java
252	com.google.gson.DefaultDateTypeAdapter	deserializeToDate(java.lang.String)	0	1	[false]	false	private	true	file:///tmp/projects/gson/gson/src/main/java/com/google/gson/DefaultDateTypeAdapter.java
253	com.google.gson.DefaultDateTypeAdapter	toString()	43	0	[]	false	public	true	file:///tmp/projects/gson/gson/src/main/java/com/google/gson/DefaultDateTypeAdapter.java
249	com.google.gson.TypeAdapter	write(com.google.gson.stream.JsonWriter,T)	0	2	[false, false]	false	public	false	file:///tmp/projects/gson/gson/src/main/java/com/google/gson/TypeAdapter.java
254	com.google.gson.TypeAdapter	toJson(java.io.Writer,T)	0	2	[false, false]	false	public	false	file:///tmp/projects/gson/gson/src/main/java/com/google/gson/TypeAdapter.java
255	com.google.gson.TypeAdapter	nullSafe()	0	0	[]	false	public	true	file:///tmp/projects/gson/gson/src/main/java/com/google/gson/TypeAdapter.java
256	com.google.gson.TypeAdapter$1	write(com.google.gson.stream.JsonWriter,T)	249	2	[false, false]	false	public	false	file:///tmp/projects/gson/gson/src/main/java/com/google/gson/TypeAdapter.java
257	com.google.gson.TypeAdapter$1	read(com.google.gson.stream.JsonReader)	251	1	[false]	false	public	true	file:///tmp/projects/gson/gson/src/main/java/com/google/gson/TypeAdapter.java
258	com.google.gson.TypeAdapter	toJson(T)	0	1	[false]	false	public	true	file:///tmp/projects/gson/gson/src/main/java/com/google/gson/TypeAdapter.java
259	com.google.gson.TypeAdapter	toJsonTree(T)	0	1	[false]	false	public	true	file:///tmp/projects/gson/gson/src/main/java/com/google/gson/TypeAdapter.java
251	com.google.gson.TypeAdapter	read(com.google.gson.stream.JsonReader)	0	1	[false]	false	public	true	file:///tmp/projects/gson/gson/src/main/java/com/google/gson/TypeAdapter.java
260	com.google.gson.TypeAdapter	fromJson(java.io.Reader)	0	1	[false]	false	public	true	file:///tmp/projects/gson/gson/src/main/java/com/google/gson/TypeAdapter.java
261	com.google.gson.TypeAdapter	fromJson(java.lang.String)	0	1	[false]	false	public	true	file:///tmp/projects/gson/gson/src/main/java/com/google/gson/TypeAdapter.java
262	com.google.gson.TypeAdapter	fromJsonTree(com.google.gson.JsonElement)	0	1	[false]	false	public	true	file:///tmp/projects/gson/gson/src/main/java/com/google/gson/TypeAdapter.java
263	com.google.gson.stream.JsonWriter	JsonWriter(java.io.Writer)	0	1	[false]	false	public	false	file:///tmp/projects/gson/gson/src/main/java/com/google/gson/stream/JsonWriter.java
264	com.google.gson.stream.JsonWriter	setIndent(java.lang.String)	0	1	[false]	false	public	false	file:///tmp/projects/gson/gson/src/main/java/com/google/gson/stream/JsonWriter.java
265	com.google.gson.stream.JsonWriter	setLenient(boolean)	0	1	[false]	false	public	false	file:///tmp/projects/gson/gson/src/main/java/com/google/gson/stream/JsonWriter.java
266	com.google.gson.stream.JsonWriter	isLenient()	0	0	[]	false	public	false	file:///tmp/projects/gson/gson/src/main/java/com/google/gson/stream/JsonWriter.java
267	com.google.gson.stream.JsonWriter	setHtmlSafe(boolean)	0	1	[false]	false	public	false	file:///tmp/projects/gson/gson/src/main/java/com/google/gson/stream/JsonWriter.java
268	com.google.gson.stream.JsonWriter	isHtmlSafe()	0	0	[]	false	public	false	file:///tmp/projects/gson/gson/src/main/java/com/google/gson/stream/JsonWriter.java
269	com.google.gson.stream.JsonWriter	setSerializeNulls(boolean)	0	1	[false]	false	public	false	file:///tmp/projects/gson/gson/src/main/java/com/google/gson/stream/JsonWriter.java
270	com.google.gson.stream.JsonWriter	getSerializeNulls()	0	0	[]	false	public	false	file:///tmp/projects/gson/gson/src/main/java/com/google/gson/stream/JsonWriter.java
271	com.google.gson.stream.JsonWriter	beginArray()	0	0	[]	false	public	true	file:///tmp/projects/gson/gson/src/main/java/com/google/gson/stream/JsonWriter.java
272	com.google.gson.stream.JsonWriter	endArray()	0	0	[]	false	public	true	file:///tmp/projects/gson/gson/src/main/java/com/google/gson/stream/JsonWriter.java
273	com.google.gson.stream.JsonWriter	beginObject()	0	0	[]	false	public	true	file:///tmp/projects/gson/gson/src/main/java/com/google/gson/stream/JsonWriter.java
274	com.google.gson.stream.JsonWriter	endObject()	0	0	[]	false	public	true	file:///tmp/projects/gson/gson/src/main/java/com/google/gson/stream/JsonWriter.java
275	com.google.gson.stream.JsonWriter	open(int,char)	0	2	[false, false]	false	private	true	file:///tmp/projects/gson/gson/src/main/java/com/google/gson/stream/JsonWriter.java
276	com.google.gson.stream.JsonWriter	close(int,int,char)	0	3	[false, false, false]	false	private	true	file:///tmp/projects/gson/gson/src/main/java/com/google/gson/stream/JsonWriter.java
277	com.google.gson.stream.JsonWriter	push(int)	0	1	[false]	false	private	false	file:///tmp/projects/gson/gson/src/main/java/com/google/gson/stream/JsonWriter.java
278	com.google.gson.stream.JsonWriter	peek()	0	0	[]	false	private	false	file:///tmp/projects/gson/gson/src/main/java/com/google/gson/stream/JsonWriter.java
279	com.google.gson.stream.JsonWriter	replaceTop(int)	0	1	[false]	false	private	false	file:///tmp/projects/gson/gson/src/main/java/com/google/gson/stream/JsonWriter.java
280	com.google.gson.stream.JsonWriter	name(java.lang.String)	0	1	[false]	false	public	true	file:///tmp/projects/gson/gson/src/main/java/com/google/gson/stream/JsonWriter.java
281	com.google.gson.stream.JsonWriter	writeDeferredName()	0	0	[]	false	private	false	file:///tmp/projects/gson/gson/src/main/java/com/google/gson/stream/JsonWriter.java
282	com.google.gson.stream.JsonWriter	value(java.lang.String)	0	1	[false]	false	public	true	file:///tmp/projects/gson/gson/src/main/java/com/google/gson/stream/JsonWriter.java
283	com.google.gson.stream.JsonWriter	jsonValue(java.lang.String)	0	1	[false]	false	public	true	file:///tmp/projects/gson/gson/src/main/java/com/google/gson/stream/JsonWriter.java
284	com.google.gson.stream.JsonWriter	nullValue()	0	0	[]	false	public	true	file:///tmp/projects/gson/gson/src/main/java/com/google/gson/stream/JsonWriter.java
285	com.google.gson.stream.JsonWriter	value(boolean)	0	1	[false]	false	public	true	file:///tmp/projects/gson/gson/src/main/java/com/google/gson/stream/JsonWriter.java
286	com.google.gson.stream.JsonWriter	value(java.lang.Boolean)	0	1	[false]	false	public	true	file:///tmp/projects/gson/gson/src/main/java/com/google/gson/stream/JsonWriter.java
287	com.google.gson.stream.JsonWriter	value(double)	0	1	[false]	false	public	true	file:///tmp/projects/gson/gson/src/main/java/com/google/gson/stream/JsonWriter.java
288	com.google.gson.stream.JsonWriter	value(long)	0	1	[false]	false	public	true	file:///tmp/projects/gson/gson/src/main/java/com/google/gson/stream/JsonWriter.java
289	com.google.gson.stream.JsonWriter	value(java.lang.Number)	0	1	[false]	false	public	true	file:///tmp/projects/gson/gson/src/main/java/com/google/gson/stream/JsonWriter.java
290	com.google.gson.stream.JsonWriter	flush()	291	0	[]	false	public	false	file:///tmp/projects/gson/gson/src/main/java/com/google/gson/stream/JsonWriter.java
292	com.google.gson.stream.JsonWriter	close()	214	0	[]	false	public	false	file:///tmp/projects/gson/gson/src/main/java/com/google/gson/stream/JsonWriter.java
293	com.google.gson.stream.JsonWriter	string(java.lang.String)	0	1	[false]	false	private	false	file:///tmp/projects/gson/gson/src/main/java/com/google/gson/stream/JsonWriter.java
294	com.google.gson.stream.JsonWriter	newline()	0	0	[]	false	private	false	file:///tmp/projects/gson/gson/src/main/java/com/google/gson/stream/JsonWriter.java
295	com.google.gson.stream.JsonWriter	beforeName()	0	0	[]	false	private	false	file:///tmp/projects/gson/gson/src/main/java/com/google/gson/stream/JsonWriter.java
296	com.google.gson.stream.JsonWriter	beforeValue()	0	0	[]	false	private	false	file:///tmp/projects/gson/gson/src/main/java/com/google/gson/stream/JsonWriter.java
297	com.google.gson.Gson	Gson()	0	0	[]	false	public	false	file:///tmp/projects/gson/gson/src/main/java/com/google/gson/Gson.java
298	com.google.gson.Gson	Gson(com.google.gson.internal.Excluder,com.google.gson.FieldNamingStrategy,java.util.Map<java.lang.reflect.Type,com.google.gson.InstanceCreator<?>>,boolean,boolean,boolean,boolean,boolean,boolean,boolean,com.google.gson.LongSerializationPolicy,java.lang.String,int,int,java.util.List<com.google.gson.TypeAdapterFactory>,java.util.List<com.google.gson.TypeAdapterFactory>,java.util.List<com.google.gson.TypeAdapterFactory>)	0	17	[false, false, false, false, false, false, false, false, false, false, false, false, false, false, false, false, false]	false	package	false	file:///tmp/projects/gson/gson/src/main/java/com/google/gson/Gson.java
299	com.google.gson.Gson	newBuilder()	0	0	[]	false	public	true	file:///tmp/projects/gson/gson/src/main/java/com/google/gson/Gson.java
300	com.google.gson.Gson	excluder()	0	0	[]	false	public	true	file:///tmp/projects/gson/gson/src/main/java/com/google/gson/Gson.java
301	com.google.gson.Gson	fieldNamingStrategy()	0	0	[]	false	public	true	file:///tmp/projects/gson/gson/src/main/java/com/google/gson/Gson.java
302	com.google.gson.Gson	serializeNulls()	0	0	[]	false	public	false	file:///tmp/projects/gson/gson/src/main/java/com/google/gson/Gson.java
303	com.google.gson.Gson	htmlSafe()	0	0	[]	false	public	false	file:///tmp/projects/gson/gson/src/main/java/com/google/gson/Gson.java
304	com.google.gson.Gson	doubleAdapter(boolean)	0	1	[false]	false	private	true	file:///tmp/projects/gson/gson/src/main/java/com/google/gson/Gson.java
305	com.google.gson.Gson$1	read(com.google.gson.stream.JsonReader)	251	1	[false]	false	public	true	file:///tmp/projects/gson/gson/src/main/java/com/google/gson/Gson.java
306	com.google.gson.Gson$1	write(com.google.gson.stream.JsonWriter,java.lang.Number)	249	2	[false, false]	false	public	false	file:///tmp/projects/gson/gson/src/main/java/com/google/gson/Gson.java
307	com.google.gson.Gson	floatAdapter(boolean)	0	1	[false]	false	private	true	file:///tmp/projects/gson/gson/src/main/java/com/google/gson/Gson.java
308	com.google.gson.Gson$2	read(com.google.gson.stream.JsonReader)	251	1	[false]	false	public	true	file:///tmp/projects/gson/gson/src/main/java/com/google/gson/Gson.java
309	com.google.gson.Gson$2	write(com.google.gson.stream.JsonWriter,java.lang.Number)	249	2	[false, false]	false	public	false	file:///tmp/projects/gson/gson/src/main/java/com/google/gson/Gson.java
310	com.google.gson.Gson	checkValidFloatingPoint(double)	0	1	[false]	false	package	false	file:///tmp/projects/gson/gson/src/main/java/com/google/gson/Gson.java
311	com.google.gson.Gson	longAdapter(com.google.gson.LongSerializationPolicy)	0	1	[false]	false	private	true	file:///tmp/projects/gson/gson/src/main/java/com/google/gson/Gson.java
312	com.google.gson.Gson$3	read(com.google.gson.stream.JsonReader)	251	1	[false]	false	public	true	file:///tmp/projects/gson/gson/src/main/java/com/google/gson/Gson.java
313	com.google.gson.Gson$3	write(com.google.gson.stream.JsonWriter,java.lang.Number)	249	2	[false, false]	false	public	false	file:///tmp/projects/gson/gson/src/main/java/com/google/gson/Gson.java
314	com.google.gson.Gson	atomicLongAdapter(com.google.gson.TypeAdapter<java.lang.Number>)	0	1	[false]	false	private	true	file:///tmp/projects/gson/gson/src/main/java/com/google/gson/Gson.java
315	com.google.gson.Gson$4	write(com.google.gson.stream.JsonWriter,java.util.concurrent.atomic.AtomicLong)	249	2	[false, false]	false	public	false	file:///tmp/projects/gson/gson/src/main/java/com/google/gson/Gson.java
316	com.google.gson.Gson$4	read(com.google.gson.stream.JsonReader)	251	1	[false]	false	public	true	file:///tmp/projects/gson/gson/src/main/java/com/google/gson/Gson.java
317	com.google.gson.Gson	atomicLongArrayAdapter(com.google.gson.TypeAdapter<java.lang.Number>)	0	1	[false]	false	private	true	file:///tmp/projects/gson/gson/src/main/java/com/google/gson/Gson.java
318	com.google.gson.Gson$5	write(com.google.gson.stream.JsonWriter,java.util.concurrent.atomic.AtomicLongArray)	249	2	[false, false]	false	public	false	file:///tmp/projects/gson/gson/src/main/java/com/google/gson/Gson.java
319	com.google.gson.Gson$5	read(com.google.gson.stream.JsonReader)	251	1	[false]	false	public	true	file:///tmp/projects/gson/gson/src/main/java/com/google/gson/Gson.java
320	com.google.gson.Gson	<T>getAdapter(com.google.gson.reflect.TypeToken<T>)	0	1	[false]	false	public	true	file:///tmp/projects/gson/gson/src/main/java/com/google/gson/Gson.java
321	com.google.gson.Gson	<T>getDelegateAdapter(com.google.gson.TypeAdapterFactory,com.google.gson.reflect.TypeToken<T>)	0	2	[false, false]	false	public	true	file:///tmp/projects/gson/gson/src/main/java/com/google/gson/Gson.java
322	com.google.gson.Gson	<T>getAdapter(java.lang.Class<T>)	0	1	[false]	false	public	true	file:///tmp/projects/gson/gson/src/main/java/com/google/gson/Gson.java
323	com.google.gson.Gson	toJsonTree(java.lang.Object)	0	1	[false]	false	public	true	file:///tmp/projects/gson/gson/src/main/java/com/google/gson/Gson.java
324	com.google.gson.Gson	toJsonTree(java.lang.Object,java.lang.reflect.Type)	0	2	[false, false]	false	public	true	file:///tmp/projects/gson/gson/src/main/java/com/google/gson/Gson.java
325	com.google.gson.Gson	toJson(java.lang.Object)	0	1	[false]	false	public	true	file:///tmp/projects/gson/gson/src/main/java/com/google/gson/Gson.java
326	com.google.gson.Gson	toJson(java.lang.Object,java.lang.reflect.Type)	0	2	[false, false]	false	public	true	file:///tmp/projects/gson/gson/src/main/java/com/google/gson/Gson.java
327	com.google.gson.Gson	toJson(java.lang.Object,java.lang.Appendable)	0	2	[false, false]	false	public	false	file:///tmp/projects/gson/gson/src/main/java/com/google/gson/Gson.java
328	com.google.gson.Gson	toJson(java.lang.Object,java.lang.reflect.Type,java.lang.Appendable)	0	3	[false, false, false]	false	public	false	file:///tmp/projects/gson/gson/src/main/java/com/google/gson/Gson.java
329	com.google.gson.Gson	toJson(java.lang.Object,java.lang.reflect.Type,com.google.gson.stream.JsonWriter)	0	3	[false, false, false]	false	public	false	file:///tmp/projects/gson/gson/src/main/java/com/google/gson/Gson.java
330	com.google.gson.Gson	toJson(com.google.gson.JsonElement)	0	1	[false]	false	public	true	file:///tmp/projects/gson/gson/src/main/java/com/google/gson/Gson.java
331	com.google.gson.Gson	toJson(com.google.gson.JsonElement,java.lang.Appendable)	0	2	[false, false]	false	public	false	file:///tmp/projects/gson/gson/src/main/java/com/google/gson/Gson.java
332	com.google.gson.Gson	newJsonWriter(java.io.Writer)	0	1	[false]	false	public	true	file:///tmp/projects/gson/gson/src/main/java/com/google/gson/Gson.java
333	com.google.gson.Gson	newJsonReader(java.io.Reader)	0	1	[false]	false	public	true	file:///tmp/projects/gson/gson/src/main/java/com/google/gson/Gson.java
334	com.google.gson.Gson	toJson(com.google.gson.JsonElement,com.google.gson.stream.JsonWriter)	0	2	[false, false]	false	public	false	file:///tmp/projects/gson/gson/src/main/java/com/google/gson/Gson.java
335	com.google.gson.Gson	<T>fromJson(java.lang.String,java.lang.Class<T>)	0	2	[false, false]	false	public	true	file:///tmp/projects/gson/gson/src/main/java/com/google/gson/Gson.java
336	com.google.gson.Gson	<T>fromJson(java.lang.String,java.lang.reflect.Type)	0	2	[false, false]	false	public	true	file:///tmp/projects/gson/gson/src/main/java/com/google/gson/Gson.java
337	com.google.gson.Gson	<T>fromJson(java.io.Reader,java.lang.Class<T>)	0	2	[false, false]	false	public	true	file:///tmp/projects/gson/gson/src/main/java/com/google/gson/Gson.java
338	com.google.gson.Gson	<T>fromJson(java.io.Reader,java.lang.reflect.Type)	0	2	[false, false]	false	public	true	file:///tmp/projects/gson/gson/src/main/java/com/google/gson/Gson.java
339	com.google.gson.Gson	assertFullConsumption(java.lang.Object,com.google.gson.stream.JsonReader)	0	2	[false, false]	false	private	false	file:///tmp/projects/gson/gson/src/main/java/com/google/gson/Gson.java
340	com.google.gson.Gson	<T>fromJson(com.google.gson.stream.JsonReader,java.lang.reflect.Type)	0	2	[false, false]	false	public	true	file:///tmp/projects/gson/gson/src/main/java/com/google/gson/Gson.java
341	com.google.gson.Gson	<T>fromJson(com.google.gson.JsonElement,java.lang.Class<T>)	0	2	[false, false]	false	public	true	file:///tmp/projects/gson/gson/src/main/java/com/google/gson/Gson.java
342	com.google.gson.Gson	<T>fromJson(com.google.gson.JsonElement,java.lang.reflect.Type)	0	2	[false, false]	false	public	true	file:///tmp/projects/gson/gson/src/main/java/com/google/gson/Gson.java
343	com.google.gson.Gson$FutureTypeAdapter	setDelegate(com.google.gson.TypeAdapter<T>)	0	1	[false]	false	public	false	file:///tmp/projects/gson/gson/src/main/java/com/google/gson/Gson.java
344	com.google.gson.Gson$FutureTypeAdapter	read(com.google.gson.stream.JsonReader)	251	1	[false]	false	public	true	file:///tmp/projects/gson/gson/src/main/java/com/google/gson/Gson.java
345	com.google.gson.Gson$FutureTypeAdapter	write(com.google.gson.stream.JsonWriter,T)	249	2	[false, false]	false	public	false	file:///tmp/projects/gson/gson/src/main/java/com/google/gson/Gson.java
346	com.google.gson.Gson	toString()	43	0	[]	false	public	true	file:///tmp/projects/gson/gson/src/main/java/com/google/gson/Gson.java
347	com.google.gson.GsonBuilder	GsonBuilder()	0	0	[]	false	public	false	file:///tmp/projects/gson/gson/src/main/java/com/google/gson/GsonBuilder.java
348	com.google.gson.GsonBuilder	GsonBuilder(com.google.gson.Gson)	0	1	[false]	false	package	false	file:///tmp/projects/gson/gson/src/main/java/com/google/gson/GsonBuilder.java
349	com.google.gson.GsonBuilder	setVersion(double)	0	1	[false]	false	public	true	file:///tmp/projects/gson/gson/src/main/java/com/google/gson/GsonBuilder.java
350	com.google.gson.GsonBuilder	excludeFieldsWithModifiers(int...)	0	1	[false]	false	public	true	file:///tmp/projects/gson/gson/src/main/java/com/google/gson/GsonBuilder.java
351	com.google.gson.GsonBuilder	generateNonExecutableJson()	0	0	[]	false	public	true	file:///tmp/projects/gson/gson/src/main/java/com/google/gson/GsonBuilder.java
352	com.google.gson.GsonBuilder	excludeFieldsWithoutExposeAnnotation()	0	0	[]	false	public	true	file:///tmp/projects/gson/gson/src/main/java/com/google/gson/GsonBuilder.java
353	com.google.gson.GsonBuilder	serializeNulls()	0	0	[]	false	public	true	file:///tmp/projects/gson/gson/src/main/java/com/google/gson/GsonBuilder.java
354	com.google.gson.GsonBuilder	enableComplexMapKeySerialization()	0	0	[]	false	public	true	file:///tmp/projects/gson/gson/src/main/java/com/google/gson/GsonBuilder.java
355	com.google.gson.GsonBuilder	disableInnerClassSerialization()	0	0	[]	false	public	true	file:///tmp/projects/gson/gson/src/main/java/com/google/gson/GsonBuilder.java
356	com.google.gson.GsonBuilder	setLongSerializationPolicy(com.google.gson.LongSerializationPolicy)	0	1	[false]	false	public	true	file:///tmp/projects/gson/gson/src/main/java/com/google/gson/GsonBuilder.java
357	com.google.gson.GsonBuilder	setFieldNamingPolicy(com.google.gson.FieldNamingPolicy)	0	1	[false]	false	public	true	file:///tmp/projects/gson/gson/src/main/java/com/google/gson/GsonBuilder.java
358	com.google.gson.GsonBuilder	setFieldNamingStrategy(com.google.gson.FieldNamingStrategy)	0	1	[false]	false	public	true	file:///tmp/projects/gson/gson/src/main/java/com/google/gson/GsonBuilder.java
359	com.google.gson.GsonBuilder	setExclusionStrategies(com.google.gson.ExclusionStrategy...)	0	1	[false]	false	public	true	file:///tmp/projects/gson/gson/src/main/java/com/google/gson/GsonBuilder.java
360	com.google.gson.GsonBuilder	addSerializationExclusionStrategy(com.google.gson.ExclusionStrategy)	0	1	[false]	false	public	true	file:///tmp/projects/gson/gson/src/main/java/com/google/gson/GsonBuilder.java
361	com.google.gson.GsonBuilder	addDeserializationExclusionStrategy(com.google.gson.ExclusionStrategy)	0	1	[false]	false	public	true	file:///tmp/projects/gson/gson/src/main/java/com/google/gson/GsonBuilder.java
362	com.google.gson.GsonBuilder	setPrettyPrinting()	0	0	[]	false	public	true	file:///tmp/projects/gson/gson/src/main/java/com/google/gson/GsonBuilder.java
363	com.google.gson.GsonBuilder	setLenient()	0	0	[]	false	public	true	file:///tmp/projects/gson/gson/src/main/java/com/google/gson/GsonBuilder.java
364	com.google.gson.GsonBuilder	disableHtmlEscaping()	0	0	[]	false	public	true	file:///tmp/projects/gson/gson/src/main/java/com/google/gson/GsonBuilder.java
365	com.google.gson.GsonBuilder	setDateFormat(java.lang.String)	0	1	[false]	false	public	true	file:///tmp/projects/gson/gson/src/main/java/com/google/gson/GsonBuilder.java
366	com.google.gson.GsonBuilder	setDateFormat(int)	0	1	[false]	false	public	true	file:///tmp/projects/gson/gson/src/main/java/com/google/gson/GsonBuilder.java
367	com.google.gson.GsonBuilder	setDateFormat(int,int)	0	2	[false, false]	false	public	true	file:///tmp/projects/gson/gson/src/main/java/com/google/gson/GsonBuilder.java
368	com.google.gson.GsonBuilder	registerTypeAdapter(java.lang.reflect.Type,java.lang.Object)	0	2	[false, false]	false	public	true	file:///tmp/projects/gson/gson/src/main/java/com/google/gson/GsonBuilder.java
369	com.google.gson.GsonBuilder	registerTypeAdapterFactory(com.google.gson.TypeAdapterFactory)	0	1	[false]	false	public	true	file:///tmp/projects/gson/gson/src/main/java/com/google/gson/GsonBuilder.java
370	com.google.gson.GsonBuilder	registerTypeHierarchyAdapter(java.lang.Class<?>,java.lang.Object)	0	2	[false, false]	false	public	true	file:///tmp/projects/gson/gson/src/main/java/com/google/gson/GsonBuilder.java
371	com.google.gson.GsonBuilder	serializeSpecialFloatingPointValues()	0	0	[]	false	public	true	file:///tmp/projects/gson/gson/src/main/java/com/google/gson/GsonBuilder.java
372	com.google.gson.GsonBuilder	create()	0	0	[]	false	public	true	file:///tmp/projects/gson/gson/src/main/java/com/google/gson/GsonBuilder.java
373	com.google.gson.GsonBuilder	addTypeAdaptersForDate(java.lang.String,int,int,java.util.List<com.google.gson.TypeAdapterFactory>)	0	4	[false, false, false, false]	false	private	false	file:///tmp/projects/gson/gson/src/main/java/com/google/gson/GsonBuilder.java
374	com.google.gson.internal.Excluder	clone()	375	0	[]	false	protected	true	file:///tmp/projects/gson/gson/src/main/java/com/google/gson/internal/Excluder.java
376	com.google.gson.internal.Excluder	withVersion(double)	0	1	[false]	false	public	true	file:///tmp/projects/gson/gson/src/main/java/com/google/gson/internal/Excluder.java
377	com.google.gson.internal.Excluder	withModifiers(int...)	0	1	[false]	false	public	true	file:///tmp/projects/gson/gson/src/main/java/com/google/gson/internal/Excluder.java
378	com.google.gson.internal.Excluder	disableInnerClassSerialization()	0	0	[]	false	public	true	file:///tmp/projects/gson/gson/src/main/java/com/google/gson/internal/Excluder.java
379	com.google.gson.internal.Excluder	excludeFieldsWithoutExposeAnnotation()	0	0	[]	false	public	true	file:///tmp/projects/gson/gson/src/main/java/com/google/gson/internal/Excluder.java
380	com.google.gson.internal.Excluder	withExclusionStrategy(com.google.gson.ExclusionStrategy,boolean,boolean)	0	3	[false, false, false]	false	public	true	file:///tmp/projects/gson/gson/src/main/java/com/google/gson/internal/Excluder.java
381	com.google.gson.internal.Excluder	<T>create(com.google.gson.Gson,com.google.gson.reflect.TypeToken<T>)	382	2	[false, false]	false	public	true	file:///tmp/projects/gson/gson/src/main/java/com/google/gson/internal/Excluder.java
383	com.google.gson.internal.Excluder$1	read(com.google.gson.stream.JsonReader)	251	1	[false]	false	public	true	file:///tmp/projects/gson/gson/src/main/java/com/google/gson/internal/Excluder.java
384	com.google.gson.internal.Excluder$1	write(com.google.gson.stream.JsonWriter,T)	249	2	[false, false]	false	public	false	file:///tmp/projects/gson/gson/src/main/java/com/google/gson/internal/Excluder.java
385	com.google.gson.internal.Excluder$1	delegate()	0	0	[]	false	private	true	file:///tmp/projects/gson/gson/src/main/java/com/google/gson/internal/Excluder.java
386	com.google.gson.internal.Excluder	excludeField(java.lang.reflect.Field,boolean)	0	2	[false, false]	false	public	false	file:///tmp/projects/gson/gson/src/main/java/com/google/gson/internal/Excluder.java
387	com.google.gson.internal.Excluder	excludeClassChecks(java.lang.Class<?>)	0	1	[false]	false	private	false	file:///tmp/projects/gson/gson/src/main/java/com/google/gson/internal/Excluder.java
388	com.google.gson.internal.Excluder	excludeClass(java.lang.Class<?>,boolean)	0	2	[false, false]	false	public	false	file:///tmp/projects/gson/gson/src/main/java/com/google/gson/internal/Excluder.java
389	com.google.gson.internal.Excluder	excludeClassInStrategy(java.lang.Class<?>,boolean)	0	2	[false, false]	false	private	false	file:///tmp/projects/gson/gson/src/main/java/com/google/gson/internal/Excluder.java
390	com.google.gson.internal.Excluder	isAnonymousOrLocal(java.lang.Class<?>)	0	1	[false]	false	private	false	file:///tmp/projects/gson/gson/src/main/java/com/google/gson/internal/Excluder.java
391	com.google.gson.internal.Excluder	isInnerClass(java.lang.Class<?>)	0	1	[false]	false	private	false	file:///tmp/projects/gson/gson/src/main/java/com/google/gson/internal/Excluder.java
392	com.google.gson.internal.Excluder	isStatic(java.lang.Class<?>)	0	1	[false]	false	private	false	file:///tmp/projects/gson/gson/src/main/java/com/google/gson/internal/Excluder.java
393	com.google.gson.internal.Excluder	isValidVersion(com.google.gson.annotations.Since,com.google.gson.annotations.Until)	0	2	[false, false]	false	private	false	file:///tmp/projects/gson/gson/src/main/java/com/google/gson/internal/Excluder.java
394	com.google.gson.internal.Excluder	isValidSince(com.google.gson.annotations.Since)	0	1	[false]	false	private	false	file:///tmp/projects/gson/gson/src/main/java/com/google/gson/internal/Excluder.java
395	com.google.gson.internal.Excluder	isValidUntil(com.google.gson.annotations.Until)	0	1	[false]	false	private	false	file:///tmp/projects/gson/gson/src/main/java/com/google/gson/internal/Excluder.java
382	com.google.gson.TypeAdapterFactory	<T>create(com.google.gson.Gson,com.google.gson.reflect.TypeToken<T>)	0	2	[false, false]	false	public	true	file:///tmp/projects/gson/gson/src/main/java/com/google/gson/TypeAdapterFactory.java
396	com.google.gson.LongSerializationPolicy$1	serialize(java.lang.Long)	397	1	[false]	false	public	true	file:///tmp/projects/gson/gson/src/main/java/com/google/gson/LongSerializationPolicy.java
398	com.google.gson.LongSerializationPolicy$2	serialize(java.lang.Long)	397	1	[false]	false	public	true	file:///tmp/projects/gson/gson/src/main/java/com/google/gson/LongSerializationPolicy.java
397	com.google.gson.LongSerializationPolicy	serialize(java.lang.Long)	0	1	[false]	false	public	true	file:///tmp/projects/gson/gson/src/main/java/com/google/gson/LongSerializationPolicy.java
399	com.google.gson.InstanceCreator	createInstance(java.lang.reflect.Type)	0	1	[false]	false	public	true	file:///tmp/projects/gson/gson/src/main/java/com/google/gson/InstanceCreator.java
400	com.google.gson.FieldNamingPolicy$1	translateName(java.lang.reflect.Field)	1	1	[false]	false	public	true	file:///tmp/projects/gson/gson/src/main/java/com/google/gson/FieldNamingPolicy.java
401	com.google.gson.FieldNamingPolicy$2	translateName(java.lang.reflect.Field)	1	1	[false]	false	public	true	file:///tmp/projects/gson/gson/src/main/java/com/google/gson/FieldNamingPolicy.java
402	com.google.gson.FieldNamingPolicy$3	translateName(java.lang.reflect.Field)	1	1	[false]	false	public	true	file:///tmp/projects/gson/gson/src/main/java/com/google/gson/FieldNamingPolicy.java
403	com.google.gson.FieldNamingPolicy$4	translateName(java.lang.reflect.Field)	1	1	[false]	false	public	true	file:///tmp/projects/gson/gson/src/main/java/com/google/gson/FieldNamingPolicy.java
404	com.google.gson.FieldNamingPolicy$5	translateName(java.lang.reflect.Field)	1	1	[false]	false	public	true	file:///tmp/projects/gson/gson/src/main/java/com/google/gson/FieldNamingPolicy.java
405	com.google.gson.FieldNamingPolicy$6	translateName(java.lang.reflect.Field)	1	1	[false]	false	public	true	file:///tmp/projects/gson/gson/src/main/java/com/google/gson/FieldNamingPolicy.java
406	com.google.gson.FieldNamingPolicy	separateCamelCase(java.lang.String,java.lang.String)	0	2	[false, false]	false	package	true	file:///tmp/projects/gson/gson/src/main/java/com/google/gson/FieldNamingPolicy.java
407	com.google.gson.FieldNamingPolicy	upperCaseFirstLetter(java.lang.String)	0	1	[false]	false	package	true	file:///tmp/projects/gson/gson/src/main/java/com/google/gson/FieldNamingPolicy.java
408	com.google.gson.reflect.TypeToken	TypeToken()	0	0	[]	false	protected	false	file:///tmp/projects/gson/gson/src/main/java/com/google/gson/reflect/TypeToken.java
409	com.google.gson.reflect.TypeToken	TypeToken(java.lang.reflect.Type)	0	1	[false]	false	package	false	file:///tmp/projects/gson/gson/src/main/java/com/google/gson/reflect/TypeToken.java
410	com.google.gson.reflect.TypeToken	getSuperclassTypeParameter(java.lang.Class<?>)	0	1	[false]	false	package	true	file:///tmp/projects/gson/gson/src/main/java/com/google/gson/reflect/TypeToken.java
411	com.google.gson.reflect.TypeToken	getRawType()	0	0	[]	false	public	true	file:///tmp/projects/gson/gson/src/main/java/com/google/gson/reflect/TypeToken.java
412	com.google.gson.reflect.TypeToken	getType()	0	0	[]	false	public	true	file:///tmp/projects/gson/gson/src/main/java/com/google/gson/reflect/TypeToken.java
413	com.google.gson.reflect.TypeToken	isAssignableFrom(java.lang.Class<?>)	0	1	[false]	false	public	false	file:///tmp/projects/gson/gson/src/main/java/com/google/gson/reflect/TypeToken.java
414	com.google.gson.reflect.TypeToken	isAssignableFrom(java.lang.reflect.Type)	0	1	[false]	false	public	false	file:///tmp/projects/gson/gson/src/main/java/com/google/gson/reflect/TypeToken.java
415	com.google.gson.reflect.TypeToken	isAssignableFrom(com.google.gson.reflect.TypeToken<?>)	0	1	[false]	false	public	false	file:///tmp/projects/gson/gson/src/main/java/com/google/gson/reflect/TypeToken.java
416	com.google.gson.reflect.TypeToken	isAssignableFrom(java.lang.reflect.Type,java.lang.reflect.GenericArrayType)	0	2	[false, false]	false	private	false	file:///tmp/projects/gson/gson/src/main/java/com/google/gson/reflect/TypeToken.java
417	com.google.gson.reflect.TypeToken	isAssignableFrom(java.lang.reflect.Type,java.lang.reflect.ParameterizedType,java.util.Map<java.lang.String,java.lang.reflect.Type>)	0	3	[false, false, false]	false	private	false	file:///tmp/projects/gson/gson/src/main/java/com/google/gson/reflect/TypeToken.java
418	com.google.gson.reflect.TypeToken	typeEquals(java.lang.reflect.ParameterizedType,java.lang.reflect.ParameterizedType,java.util.Map<java.lang.String,java.lang.reflect.Type>)	0	3	[false, false, false]	false	private	false	file:///tmp/projects/gson/gson/src/main/java/com/google/gson/reflect/TypeToken.java
419	com.google.gson.reflect.TypeToken	buildUnexpectedTypeError(java.lang.reflect.Type,java.lang.Class<?>...)	0	2	[false, false]	false	private	true	file:///tmp/projects/gson/gson/src/main/java/com/google/gson/reflect/TypeToken.java
420	com.google.gson.reflect.TypeToken	matches(java.lang.reflect.Type,java.lang.reflect.Type,java.util.Map<java.lang.String,java.lang.reflect.Type>)	0	3	[false, false, false]	false	private	false	file:///tmp/projects/gson/gson/src/main/java/com/google/gson/reflect/TypeToken.java
421	com.google.gson.reflect.TypeToken	hashCode()	21	0	[]	false	public	false	file:///tmp/projects/gson/gson/src/main/java/com/google/gson/reflect/TypeToken.java
422	com.google.gson.reflect.TypeToken	equals(java.lang.Object)	19	1	[false]	false	public	false	file:///tmp/projects/gson/gson/src/main/java/com/google/gson/reflect/TypeToken.java
423	com.google.gson.reflect.TypeToken	toString()	43	0	[]	false	public	true	file:///tmp/projects/gson/gson/src/main/java/com/google/gson/reflect/TypeToken.java
424	com.google.gson.reflect.TypeToken	get(java.lang.reflect.Type)	0	1	[false]	false	public	true	file:///tmp/projects/gson/gson/src/main/java/com/google/gson/reflect/TypeToken.java
425	com.google.gson.reflect.TypeToken	<T>get(java.lang.Class<T>)	0	1	[false]	false	public	true	file:///tmp/projects/gson/gson/src/main/java/com/google/gson/reflect/TypeToken.java
426	com.google.gson.reflect.TypeToken	getParameterized(java.lang.reflect.Type,java.lang.reflect.Type...)	0	2	[false, false]	false	public	true	file:///tmp/projects/gson/gson/src/main/java/com/google/gson/reflect/TypeToken.java
427	com.google.gson.reflect.TypeToken	getArray(java.lang.reflect.Type)	0	1	[false]	false	public	true	file:///tmp/projects/gson/gson/src/main/java/com/google/gson/reflect/TypeToken.java
428	com.google.gson.annotations.Since	value()	0	0	[]	false	public	false	file:///tmp/projects/gson/gson/src/main/java/com/google/gson/annotations/Since.java
429	com.google.gson.annotations.Until	value()	0	0	[]	false	public	false	file:///tmp/projects/gson/gson/src/main/java/com/google/gson/annotations/Until.java
430	com.google.gson.internal.ConstructorConstructor	ConstructorConstructor(java.util.Map<java.lang.reflect.Type,com.google.gson.InstanceCreator<?>>)	0	1	[false]	false	public	false	file:///tmp/projects/gson/gson/src/main/java/com/google/gson/internal/ConstructorConstructor.java
431	com.google.gson.internal.ConstructorConstructor	<T>get(com.google.gson.reflect.TypeToken<T>)	0	1	[false]	false	public	true	file:///tmp/projects/gson/gson/src/main/java/com/google/gson/internal/ConstructorConstructor.java
432	com.google.gson.internal.ConstructorConstructor$1	construct()	433	0	[]	false	public	true	file:///tmp/projects/gson/gson/src/main/java/com/google/gson/internal/ConstructorConstructor.java
434	com.google.gson.internal.ConstructorConstructor$2	construct()	433	0	[]	false	public	true	file:///tmp/projects/gson/gson/src/main/java/com/google/gson/internal/ConstructorConstructor.java
435	com.google.gson.internal.ConstructorConstructor	<T>newDefaultConstructor(java.lang.Class<? super T>)	0	1	[false]	false	private	true	file:///tmp/projects/gson/gson/src/main/java/com/google/gson/internal/ConstructorConstructor.java
436	com.google.gson.internal.ConstructorConstructor$3	construct()	433	0	[]	false	public	true	file:///tmp/projects/gson/gson/src/main/java/com/google/gson/internal/ConstructorConstructor.java
437	com.google.gson.internal.ConstructorConstructor	<T>newDefaultImplementationConstructor(java.lang.reflect.Type,java.lang.Class<? super T>)	0	2	[false, false]	true	private	true	file:///tmp/projects/gson/gson/src/main/java/com/google/gson/internal/ConstructorConstructor.java
438	com.google.gson.internal.ConstructorConstructor$4	construct()	433	0	[]	false	public	true	file:///tmp/projects/gson/gson/src/main/java/com/google/gson/internal/ConstructorConstructor.java
439	com.google.gson.internal.ConstructorConstructor$5	construct()	433	0	[]	false	public	true	file:///tmp/projects/gson/gson/src/main/java/com/google/gson/internal/ConstructorConstructor.java
440	com.google.gson.internal.ConstructorConstructor$6	construct()	433	0	[]	false	public	true	file:///tmp/projects/gson/gson/src/main/java/com/google/gson/internal/ConstructorConstructor.java
441	com.google.gson.internal.ConstructorConstructor$7	construct()	433	0	[]	false	public	true	file:///tmp/projects/gson/gson/src/main/java/com/google/gson/internal/ConstructorConstructor.java
442	com.google.gson.internal.ConstructorConstructor$8	construct()	433	0	[]	false	public	true	file:///tmp/projects/gson/gson/src/main/java/com/google/gson/internal/ConstructorConstructor.java
443	com.google.gson.internal.ConstructorConstructor$9	construct()	433	0	[]	false	public	true	file:///tmp/projects/gson/gson/src/main/java/com/google/gson/internal/ConstructorConstructor.java
444	com.google.gson.internal.ConstructorConstructor$10	construct()	433	0	[]	false	public	true	file:///tmp/projects/gson/gson/src/main/java/com/google/gson/internal/ConstructorConstructor.java
445	com.google.gson.internal.ConstructorConstructor$11	construct()	433	0	[]	false	public	true	file:///tmp/projects/gson/gson/src/main/java/com/google/gson/internal/ConstructorConstructor.java
446	com.google.gson.internal.ConstructorConstructor$12	construct()	433	0	[]	false	public	true	file:///tmp/projects/gson/gson/src/main/java/com/google/gson/internal/ConstructorConstructor.java
447	com.google.gson.internal.ConstructorConstructor$13	construct()	433	0	[]	false	public	true	file:///tmp/projects/gson/gson/src/main/java/com/google/gson/internal/ConstructorConstructor.java
448	com.google.gson.internal.ConstructorConstructor	<T>newUnsafeAllocator(java.lang.reflect.Type,java.lang.Class<? super T>)	0	2	[false, false]	false	private	true	file:///tmp/projects/gson/gson/src/main/java/com/google/gson/internal/ConstructorConstructor.java
449	com.google.gson.internal.ConstructorConstructor$14	construct()	433	0	[]	false	public	true	file:///tmp/projects/gson/gson/src/main/java/com/google/gson/internal/ConstructorConstructor.java
450	com.google.gson.internal.ConstructorConstructor	toString()	43	0	[]	false	public	true	file:///tmp/projects/gson/gson/src/main/java/com/google/gson/internal/ConstructorConstructor.java
451	com.google.gson.internal.bind.JsonAdapterAnnotationTypeAdapterFactory	JsonAdapterAnnotationTypeAdapterFactory(com.google.gson.internal.ConstructorConstructor)	0	1	[false]	false	public	false	file:///tmp/projects/gson/gson/src/main/java/com/google/gson/internal/bind/JsonAdapterAnnotationTypeAdapterFactory.java
452	com.google.gson.internal.bind.JsonAdapterAnnotationTypeAdapterFactory	<T>create(com.google.gson.Gson,com.google.gson.reflect.TypeToken<T>)	382	2	[false, false]	false	public	true	file:///tmp/projects/gson/gson/src/main/java/com/google/gson/internal/bind/JsonAdapterAnnotationTypeAdapterFactory.java
453	com.google.gson.internal.bind.JsonAdapterAnnotationTypeAdapterFactory	getTypeAdapter(com.google.gson.internal.ConstructorConstructor,com.google.gson.Gson,com.google.gson.reflect.TypeToken<?>,com.google.gson.annotations.JsonAdapter)	0	4	[false, false, false, false]	false	package	true	file:///tmp/projects/gson/gson/src/main/java/com/google/gson/internal/bind/JsonAdapterAnnotationTypeAdapterFactory.java
454	com.google.gson.annotations.JsonAdapter	value()	0	0	[]	false	public	true	file:///tmp/projects/gson/gson/src/main/java/com/google/gson/annotations/JsonAdapter.java
455	com.google.gson.annotations.JsonAdapter	nullSafe()	0	0	[]	false	public	false	file:///tmp/projects/gson/gson/src/main/java/com/google/gson/annotations/JsonAdapter.java
456	com.google.gson.internal.reflect.ReflectionAccessor	makeAccessible(java.lang.reflect.AccessibleObject)	0	1	[false]	false	public	false	file:///tmp/projects/gson/gson/src/main/java/com/google/gson/internal/reflect/ReflectionAccessor.java
457	com.google.gson.internal.reflect.ReflectionAccessor	getInstance()	0	0	[]	false	public	true	file:///tmp/projects/gson/gson/src/main/java/com/google/gson/internal/reflect/ReflectionAccessor.java
433	com.google.gson.internal.ObjectConstructor	construct()	0	0	[]	false	public	true	file:///tmp/projects/gson/gson/src/main/java/com/google/gson/internal/ObjectConstructor.java
458	com.google.gson.JsonSerializer	serialize(T,java.lang.reflect.Type,com.google.gson.JsonSerializationContext)	0	3	[false, false, false]	false	public	true	file:///tmp/projects/gson/gson/src/main/java/com/google/gson/JsonSerializer.java
459	com.google.gson.JsonSerializationContext	serialize(java.lang.Object)	0	1	[false]	false	public	true	file:///tmp/projects/gson/gson/src/main/java/com/google/gson/JsonSerializationContext.java
460	com.google.gson.JsonSerializationContext	serialize(java.lang.Object,java.lang.reflect.Type)	0	2	[false, false]	false	public	true	file:///tmp/projects/gson/gson/src/main/java/com/google/gson/JsonSerializationContext.java
229	com.google.gson.internal.JsonReaderInternalAccess	promoteNameToValue(com.google.gson.stream.JsonReader)	0	1	[false]	false	public	false	file:///tmp/projects/gson/gson/src/main/java/com/google/gson/internal/JsonReaderInternalAccess.java
461	com.google.gson.internal.UnsafeAllocator	<T>newInstance(java.lang.Class<T>)	0	1	[false]	false	public	true	file:///tmp/projects/gson/gson/src/main/java/com/google/gson/internal/UnsafeAllocator.java
462	com.google.gson.internal.UnsafeAllocator	create()	0	0	[]	false	public	true	file:///tmp/projects/gson/gson/src/main/java/com/google/gson/internal/UnsafeAllocator.java
463	com.google.gson.internal.UnsafeAllocator$1	<T>newInstance(java.lang.Class<T>)	461	1	[false]	false	public	true	file:///tmp/projects/gson/gson/src/main/java/com/google/gson/internal/UnsafeAllocator.java
464	com.google.gson.internal.UnsafeAllocator$2	<T>newInstance(java.lang.Class<T>)	461	1	[false]	false	public	true	file:///tmp/projects/gson/gson/src/main/java/com/google/gson/internal/UnsafeAllocator.java
465	com.google.gson.internal.UnsafeAllocator$3	<T>newInstance(java.lang.Class<T>)	461	1	[false]	false	public	true	file:///tmp/projects/gson/gson/src/main/java/com/google/gson/internal/UnsafeAllocator.java
466	com.google.gson.internal.UnsafeAllocator$4	<T>newInstance(java.lang.Class<T>)	461	1	[false]	false	public	true	file:///tmp/projects/gson/gson/src/main/java/com/google/gson/internal/UnsafeAllocator.java
467	com.google.gson.internal.UnsafeAllocator	assertInstantiable(java.lang.Class<?>)	0	1	[false]	false	package	false	file:///tmp/projects/gson/gson/src/main/java/com/google/gson/internal/UnsafeAllocator.java
468	com.google.gson.internal.Primitives	Primitives()	0	0	[]	false	private	false	file:///tmp/projects/gson/gson/src/main/java/com/google/gson/internal/Primitives.java
469	com.google.gson.internal.Primitives	isPrimitive(java.lang.reflect.Type)	0	1	[false]	false	public	false	file:///tmp/projects/gson/gson/src/main/java/com/google/gson/internal/Primitives.java
470	com.google.gson.internal.Primitives	isWrapperType(java.lang.reflect.Type)	0	1	[false]	false	public	false	file:///tmp/projects/gson/gson/src/main/java/com/google/gson/internal/Primitives.java
471	com.google.gson.internal.Primitives	<T>wrap(java.lang.Class<T>)	0	1	[false]	false	public	true	file:///tmp/projects/gson/gson/src/main/java/com/google/gson/internal/Primitives.java
472	com.google.gson.internal.Primitives	<T>unwrap(java.lang.Class<T>)	0	1	[false]	false	public	true	file:///tmp/projects/gson/gson/src/main/java/com/google/gson/internal/Primitives.java
473	com.google.gson.internal.PreJava9DateFormatProvider	getUSDateFormat(int)	0	1	[false]	false	public	true	file:///tmp/projects/gson/gson/src/main/java/com/google/gson/internal/PreJava9DateFormatProvider.java
474	com.google.gson.internal.PreJava9DateFormatProvider	getUSDateTimeFormat(int,int)	0	2	[false, false]	false	public	true	file:///tmp/projects/gson/gson/src/main/java/com/google/gson/internal/PreJava9DateFormatProvider.java
475	com.google.gson.internal.PreJava9DateFormatProvider	getDateFormatPattern(int)	0	1	[false]	false	private	true	file:///tmp/projects/gson/gson/src/main/java/com/google/gson/internal/PreJava9DateFormatProvider.java
476	com.google.gson.internal.PreJava9DateFormatProvider	getDatePartOfDateTimePattern(int)	0	1	[false]	false	private	true	file:///tmp/projects/gson/gson/src/main/java/com/google/gson/internal/PreJava9DateFormatProvider.java
477	com.google.gson.internal.PreJava9DateFormatProvider	getTimePartOfDateTimePattern(int)	0	1	[false]	false	private	true	file:///tmp/projects/gson/gson/src/main/java/com/google/gson/internal/PreJava9DateFormatProvider.java
478	com.google.gson.internal.bind.CollectionTypeAdapterFactory	CollectionTypeAdapterFactory(com.google.gson.internal.ConstructorConstructor)	0	1	[false]	false	public	false	file:///tmp/projects/gson/gson/src/main/java/com/google/gson/internal/bind/CollectionTypeAdapterFactory.java
479	com.google.gson.internal.bind.CollectionTypeAdapterFactory	<T>create(com.google.gson.Gson,com.google.gson.reflect.TypeToken<T>)	382	2	[false, false]	false	public	true	file:///tmp/projects/gson/gson/src/main/java/com/google/gson/internal/bind/CollectionTypeAdapterFactory.java
480	com.google.gson.internal.bind.CollectionTypeAdapterFactory$Adapter	Adapter(com.google.gson.Gson,java.lang.reflect.Type,com.google.gson.TypeAdapter<E>,com.google.gson.internal.ObjectConstructor<? extends java.util.Collection<E>>)	0	4	[false, false, false, false]	false	public	false	file:///tmp/projects/gson/gson/src/main/java/com/google/gson/internal/bind/CollectionTypeAdapterFactory.java
481	com.google.gson.internal.bind.CollectionTypeAdapterFactory$Adapter	read(com.google.gson.stream.JsonReader)	251	1	[false]	false	public	true	file:///tmp/projects/gson/gson/src/main/java/com/google/gson/internal/bind/CollectionTypeAdapterFactory.java
482	com.google.gson.internal.bind.CollectionTypeAdapterFactory$Adapter	write(com.google.gson.stream.JsonWriter,java.util.Collection<E>)	249	2	[false, false]	false	public	false	file:///tmp/projects/gson/gson/src/main/java/com/google/gson/internal/bind/CollectionTypeAdapterFactory.java
483	com.google.gson.internal.bind.DateTypeAdapter$1	<T>create(com.google.gson.Gson,com.google.gson.reflect.TypeToken<T>)	382	2	[false, false]	true	public	true	file:///tmp/projects/gson/gson/src/main/java/com/google/gson/internal/bind/DateTypeAdapter.java
484	com.google.gson.internal.bind.DateTypeAdapter	DateTypeAdapter()	0	0	[]	false	public	false	file:///tmp/projects/gson/gson/src/main/java/com/google/gson/internal/bind/DateTypeAdapter.java
485	com.google.gson.internal.bind.DateTypeAdapter	read(com.google.gson.stream.JsonReader)	251	1	[false]	false	public	true	file:///tmp/projects/gson/gson/src/main/java/com/google/gson/internal/bind/DateTypeAdapter.java
486	com.google.gson.internal.bind.DateTypeAdapter	deserializeToDate(java.lang.String)	0	1	[false]	false	private	true	file:///tmp/projects/gson/gson/src/main/java/com/google/gson/internal/bind/DateTypeAdapter.java
487	com.google.gson.internal.bind.DateTypeAdapter	write(com.google.gson.stream.JsonWriter,java.util.Date)	249	2	[false, false]	false	public	false	file:///tmp/projects/gson/gson/src/main/java/com/google/gson/internal/bind/DateTypeAdapter.java
488	com.google.gson.internal.bind.TypeAdapterRuntimeTypeWrapper	TypeAdapterRuntimeTypeWrapper(com.google.gson.Gson,com.google.gson.TypeAdapter<T>,java.lang.reflect.Type)	0	3	[false, false, false]	false	package	false	file:///tmp/projects/gson/gson/src/main/java/com/google/gson/internal/bind/TypeAdapterRuntimeTypeWrapper.java
489	com.google.gson.internal.bind.TypeAdapterRuntimeTypeWrapper	read(com.google.gson.stream.JsonReader)	251	1	[false]	false	public	true	file:///tmp/projects/gson/gson/src/main/java/com/google/gson/internal/bind/TypeAdapterRuntimeTypeWrapper.java
490	com.google.gson.internal.bind.TypeAdapterRuntimeTypeWrapper	write(com.google.gson.stream.JsonWriter,T)	249	2	[false, false]	false	public	false	file:///tmp/projects/gson/gson/src/main/java/com/google/gson/internal/bind/TypeAdapterRuntimeTypeWrapper.java
491	com.google.gson.internal.bind.TypeAdapterRuntimeTypeWrapper	getRuntimeTypeIfMoreSpecific(java.lang.reflect.Type,java.lang.Object)	0	2	[false, false]	false	private	true	file:///tmp/projects/gson/gson/src/main/java/com/google/gson/internal/bind/TypeAdapterRuntimeTypeWrapper.java
492	com.google.gson.internal.bind.TreeTypeAdapter	TreeTypeAdapter(com.google.gson.JsonSerializer<T>,com.google.gson.JsonDeserializer<T>,com.google.gson.Gson,com.google.gson.reflect.TypeToken<T>,com.google.gson.TypeAdapterFactory)	0	5	[false, false, false, false, false]	false	public	false	file:///tmp/projects/gson/gson/src/main/java/com/google/gson/internal/bind/TreeTypeAdapter.java
493	com.google.gson.internal.bind.TreeTypeAdapter	read(com.google.gson.stream.JsonReader)	251	1	[false]	false	public	true	file:///tmp/projects/gson/gson/src/main/java/com/google/gson/internal/bind/TreeTypeAdapter.java
494	com.google.gson.internal.bind.TreeTypeAdapter	write(com.google.gson.stream.JsonWriter,T)	249	2	[false, false]	false	public	false	file:///tmp/projects/gson/gson/src/main/java/com/google/gson/internal/bind/TreeTypeAdapter.java
495	com.google.gson.internal.bind.TreeTypeAdapter	delegate()	0	0	[]	false	private	true	file:///tmp/projects/gson/gson/src/main/java/com/google/gson/internal/bind/TreeTypeAdapter.java
496	com.google.gson.internal.bind.TreeTypeAdapter	newFactory(com.google.gson.reflect.TypeToken<?>,java.lang.Object)	0	2	[false, false]	false	public	true	file:///tmp/projects/gson/gson/src/main/java/com/google/gson/internal/bind/TreeTypeAdapter.java
497	com.google.gson.internal.bind.TreeTypeAdapter	newFactoryWithMatchRawType(com.google.gson.reflect.TypeToken<?>,java.lang.Object)	0	2	[false, false]	false	public	true	file:///tmp/projects/gson/gson/src/main/java/com/google/gson/internal/bind/TreeTypeAdapter.java
498	com.google.gson.internal.bind.TreeTypeAdapter	newTypeHierarchyFactory(java.lang.Class<?>,java.lang.Object)	0	2	[false, false]	false	public	true	file:///tmp/projects/gson/gson/src/main/java/com/google/gson/internal/bind/TreeTypeAdapter.java
499	com.google.gson.internal.bind.TreeTypeAdapter$SingleTypeFactory	SingleTypeFactory(java.lang.Object,com.google.gson.reflect.TypeToken<?>,boolean,java.lang.Class<?>)	0	4	[false, false, false, false]	false	package	false	file:///tmp/projects/gson/gson/src/main/java/com/google/gson/internal/bind/TreeTypeAdapter.java
500	com.google.gson.internal.bind.TreeTypeAdapter$SingleTypeFactory	<T>create(com.google.gson.Gson,com.google.gson.reflect.TypeToken<T>)	382	2	[false, false]	true	public	true	file:///tmp/projects/gson/gson/src/main/java/com/google/gson/internal/bind/TreeTypeAdapter.java
501	com.google.gson.internal.bind.TreeTypeAdapter$GsonContextImpl	serialize(java.lang.Object)	459	1	[false]	false	public	true	file:///tmp/projects/gson/gson/src/main/java/com/google/gson/internal/bind/TreeTypeAdapter.java
502	com.google.gson.internal.bind.TreeTypeAdapter$GsonContextImpl	serialize(java.lang.Object,java.lang.reflect.Type)	460	2	[false, false]	false	public	true	file:///tmp/projects/gson/gson/src/main/java/com/google/gson/internal/bind/TreeTypeAdapter.java
503	com.google.gson.internal.bind.TreeTypeAdapter$GsonContextImpl	<R>deserialize(com.google.gson.JsonElement,java.lang.reflect.Type)	504	2	[false, false]	false	public	true	file:///tmp/projects/gson/gson/src/main/java/com/google/gson/internal/bind/TreeTypeAdapter.java
505	com.google.gson.JsonDeserializer	deserialize(com.google.gson.JsonElement,java.lang.reflect.Type,com.google.gson.JsonDeserializationContext)	0	3	[false, false, false]	false	public	true	file:///tmp/projects/gson/gson/src/main/java/com/google/gson/JsonDeserializer.java
504	com.google.gson.JsonDeserializationContext	<T>deserialize(com.google.gson.JsonElement,java.lang.reflect.Type)	0	2	[false, false]	false	public	true	file:///tmp/projects/gson/gson/src/main/java/com/google/gson/JsonDeserializationContext.java
506	com.google.gson.internal.bind.ObjectTypeAdapter$1	<T>create(com.google.gson.Gson,com.google.gson.reflect.TypeToken<T>)	382	2	[false, false]	false	public	true	file:///tmp/projects/gson/gson/src/main/java/com/google/gson/internal/bind/ObjectTypeAdapter.java
507	com.google.gson.internal.bind.ObjectTypeAdapter	ObjectTypeAdapter(com.google.gson.Gson)	0	1	[false]	false	package	false	file:///tmp/projects/gson/gson/src/main/java/com/google/gson/internal/bind/ObjectTypeAdapter.java
508	com.google.gson.internal.bind.ObjectTypeAdapter	read(com.google.gson.stream.JsonReader)	251	1	[false]	false	public	true	file:///tmp/projects/gson/gson/src/main/java/com/google/gson/internal/bind/ObjectTypeAdapter.java
509	com.google.gson.internal.bind.ObjectTypeAdapter	write(com.google.gson.stream.JsonWriter,java.lang.Object)	249	2	[false, false]	false	public	false	file:///tmp/projects/gson/gson/src/main/java/com/google/gson/internal/bind/ObjectTypeAdapter.java
510	com.google.gson.internal.bind.SqlDateTypeAdapter$1	<T>create(com.google.gson.Gson,com.google.gson.reflect.TypeToken<T>)	382	2	[false, false]	true	public	true	file:///tmp/projects/gson/gson/src/main/java/com/google/gson/internal/bind/SqlDateTypeAdapter.java
511	com.google.gson.internal.bind.SqlDateTypeAdapter	read(com.google.gson.stream.JsonReader)	251	1	[false]	false	public	true	file:///tmp/projects/gson/gson/src/main/java/com/google/gson/internal/bind/SqlDateTypeAdapter.java
512	com.google.gson.internal.bind.SqlDateTypeAdapter	write(com.google.gson.stream.JsonWriter,java.sql.Date)	249	2	[false, false]	false	public	false	file:///tmp/projects/gson/gson/src/main/java/com/google/gson/internal/bind/SqlDateTypeAdapter.java
513	com.google.gson.internal.bind.MapTypeAdapterFactory	MapTypeAdapterFactory(com.google.gson.internal.ConstructorConstructor,boolean)	0	2	[false, false]	false	public	false	file:///tmp/projects/gson/gson/src/main/java/com/google/gson/internal/bind/MapTypeAdapterFactory.java
514	com.google.gson.internal.bind.MapTypeAdapterFactory	<T>create(com.google.gson.Gson,com.google.gson.reflect.TypeToken<T>)	382	2	[false, false]	false	public	true	file:///tmp/projects/gson/gson/src/main/java/com/google/gson/internal/bind/MapTypeAdapterFactory.java
515	com.google.gson.internal.bind.MapTypeAdapterFactory	getKeyAdapter(com.google.gson.Gson,java.lang.reflect.Type)	0	2	[false, false]	false	private	true	file:///tmp/projects/gson/gson/src/main/java/com/google/gson/internal/bind/MapTypeAdapterFactory.java
516	com.google.gson.internal.bind.MapTypeAdapterFactory$Adapter	Adapter(com.google.gson.Gson,java.lang.reflect.Type,com.google.gson.TypeAdapter<K>,java.lang.reflect.Type,com.google.gson.TypeAdapter<V>,com.google.gson.internal.ObjectConstructor<? extends java.util.Map<K,V>>)	0	6	[false, false, false, false, false, false]	false	public	false	file:///tmp/projects/gson/gson/src/main/java/com/google/gson/internal/bind/MapTypeAdapterFactory.java
517	com.google.gson.internal.bind.MapTypeAdapterFactory$Adapter	read(com.google.gson.stream.JsonReader)	251	1	[false]	false	public	true	file:///tmp/projects/gson/gson/src/main/java/com/google/gson/internal/bind/MapTypeAdapterFactory.java
518	com.google.gson.internal.bind.MapTypeAdapterFactory$Adapter	write(com.google.gson.stream.JsonWriter,java.util.Map<K,V>)	249	2	[false, false]	false	public	false	file:///tmp/projects/gson/gson/src/main/java/com/google/gson/internal/bind/MapTypeAdapterFactory.java
519	com.google.gson.internal.bind.MapTypeAdapterFactory$Adapter	keyToString(com.google.gson.JsonElement)	0	1	[false]	false	private	true	file:///tmp/projects/gson/gson/src/main/java/com/google/gson/internal/bind/MapTypeAdapterFactory.java
520	com.google.gson.internal.bind.ArrayTypeAdapter$1	<T>create(com.google.gson.Gson,com.google.gson.reflect.TypeToken<T>)	382	2	[false, false]	false	public	true	file:///tmp/projects/gson/gson/src/main/java/com/google/gson/internal/bind/ArrayTypeAdapter.java
521	com.google.gson.internal.bind.ArrayTypeAdapter	ArrayTypeAdapter(com.google.gson.Gson,com.google.gson.TypeAdapter<E>,java.lang.Class<E>)	0	3	[false, false, false]	false	public	false	file:///tmp/projects/gson/gson/src/main/java/com/google/gson/internal/bind/ArrayTypeAdapter.java
522	com.google.gson.internal.bind.ArrayTypeAdapter	read(com.google.gson.stream.JsonReader)	251	1	[false]	false	public	true	file:///tmp/projects/gson/gson/src/main/java/com/google/gson/internal/bind/ArrayTypeAdapter.java
523	com.google.gson.internal.bind.ArrayTypeAdapter	write(com.google.gson.stream.JsonWriter,java.lang.Object)	249	2	[false, false]	false	public	false	file:///tmp/projects/gson/gson/src/main/java/com/google/gson/internal/bind/ArrayTypeAdapter.java
524	com.google.gson.internal.bind.util.ISO8601Utils	format(java.util.Date)	0	1	[false]	false	public	true	file:///tmp/projects/gson/gson/src/main/java/com/google/gson/internal/bind/util/ISO8601Utils.java
525	com.google.gson.internal.bind.util.ISO8601Utils	format(java.util.Date,boolean)	0	2	[false, false]	false	public	true	file:///tmp/projects/gson/gson/src/main/java/com/google/gson/internal/bind/util/ISO8601Utils.java
526	com.google.gson.internal.bind.util.ISO8601Utils	format(java.util.Date,boolean,java.util.TimeZone)	0	3	[false, false, false]	false	public	true	file:///tmp/projects/gson/gson/src/main/java/com/google/gson/internal/bind/util/ISO8601Utils.java
527	com.google.gson.internal.bind.util.ISO8601Utils	parse(java.lang.String,java.text.ParsePosition)	0	2	[false, false]	false	public	true	file:///tmp/projects/gson/gson/src/main/java/com/google/gson/internal/bind/util/ISO8601Utils.java
528	com.google.gson.internal.bind.util.ISO8601Utils	checkOffset(java.lang.String,int,char)	0	3	[false, false, false]	false	private	false	file:///tmp/projects/gson/gson/src/main/java/com/google/gson/internal/bind/util/ISO8601Utils.java
529	com.google.gson.internal.bind.util.ISO8601Utils	parseInt(java.lang.String,int,int)	0	3	[false, false, false]	false	private	false	file:///tmp/projects/gson/gson/src/main/java/com/google/gson/internal/bind/util/ISO8601Utils.java
530	com.google.gson.internal.bind.util.ISO8601Utils	padInt(java.lang.StringBuilder,int,int)	0	3	[false, false, false]	false	private	false	file:///tmp/projects/gson/gson/src/main/java/com/google/gson/internal/bind/util/ISO8601Utils.java
531	com.google.gson.internal.bind.util.ISO8601Utils	indexOfNonDigit(java.lang.String,int)	0	2	[false, false]	false	private	false	file:///tmp/projects/gson/gson/src/main/java/com/google/gson/internal/bind/util/ISO8601Utils.java
532	com.google.gson.internal.bind.TimeTypeAdapter$1	<T>create(com.google.gson.Gson,com.google.gson.reflect.TypeToken<T>)	382	2	[false, false]	true	public	true	file:///tmp/projects/gson/gson/src/main/java/com/google/gson/internal/bind/TimeTypeAdapter.java
533	com.google.gson.internal.bind.TimeTypeAdapter	read(com.google.gson.stream.JsonReader)	251	1	[false]	false	public	true	file:///tmp/projects/gson/gson/src/main/java/com/google/gson/internal/bind/TimeTypeAdapter.java
534	com.google.gson.internal.bind.TimeTypeAdapter	write(com.google.gson.stream.JsonWriter,java.sql.Time)	249	2	[false, false]	false	public	false	file:///tmp/projects/gson/gson/src/main/java/com/google/gson/internal/bind/TimeTypeAdapter.java
535	com.google.gson.internal.bind.JsonTreeReader$1	read(char[],int,int)	536	3	[false, false, false]	false	public	false	file:///tmp/projects/gson/gson/src/main/java/com/google/gson/internal/bind/JsonTreeReader.java
537	com.google.gson.internal.bind.JsonTreeReader$1	close()	538	0	[]	false	public	false	file:///tmp/projects/gson/gson/src/main/java/com/google/gson/internal/bind/JsonTreeReader.java
539	com.google.gson.internal.bind.JsonTreeReader	JsonTreeReader(com.google.gson.JsonElement)	0	1	[false]	false	public	false	file:///tmp/projects/gson/gson/src/main/java/com/google/gson/internal/bind/JsonTreeReader.java
540	com.google.gson.internal.bind.JsonTreeReader	beginArray()	192	0	[]	false	public	false	file:///tmp/projects/gson/gson/src/main/java/com/google/gson/internal/bind/JsonTreeReader.java
541	com.google.gson.internal.bind.JsonTreeReader	endArray()	193	0	[]	false	public	false	file:///tmp/projects/gson/gson/src/main/java/com/google/gson/internal/bind/JsonTreeReader.java
542	com.google.gson.internal.bind.JsonTreeReader	beginObject()	194	0	[]	false	public	false	file:///tmp/projects/gson/gson/src/main/java/com/google/gson/internal/bind/JsonTreeReader.java
543	com.google.gson.internal.bind.JsonTreeReader	endObject()	195	0	[]	false	public	false	file:///tmp/projects/gson/gson/src/main/java/com/google/gson/internal/bind/JsonTreeReader.java
544	com.google.gson.internal.bind.JsonTreeReader	hasNext()	196	0	[]	false	public	false	file:///tmp/projects/gson/gson/src/main/java/com/google/gson/internal/bind/JsonTreeReader.java
545	com.google.gson.internal.bind.JsonTreeReader	peek()	197	0	[]	false	public	true	file:///tmp/projects/gson/gson/src/main/java/com/google/gson/internal/bind/JsonTreeReader.java
546	com.google.gson.internal.bind.JsonTreeReader	peekStack()	0	0	[]	false	private	true	file:///tmp/projects/gson/gson/src/main/java/com/google/gson/internal/bind/JsonTreeReader.java
547	com.google.gson.internal.bind.JsonTreeReader	popStack()	0	0	[]	false	private	true	file:///tmp/projects/gson/gson/src/main/java/com/google/gson/internal/bind/JsonTreeReader.java
548	com.google.gson.internal.bind.JsonTreeReader	expect(com.google.gson.stream.JsonToken)	0	1	[false]	false	private	false	file:///tmp/projects/gson/gson/src/main/java/com/google/gson/internal/bind/JsonTreeReader.java
549	com.google.gson.internal.bind.JsonTreeReader	nextName()	202	0	[]	false	public	true	file:///tmp/projects/gson/gson/src/main/java/com/google/gson/internal/bind/JsonTreeReader.java
550	com.google.gson.internal.bind.JsonTreeReader	nextString()	203	0	[]	false	public	true	file:///tmp/projects/gson/gson/src/main/java/com/google/gson/internal/bind/JsonTreeReader.java
551	com.google.gson.internal.bind.JsonTreeReader	nextBoolean()	204	0	[]	false	public	false	file:///tmp/projects/gson/gson/src/main/java/com/google/gson/internal/bind/JsonTreeReader.java
552	com.google.gson.internal.bind.JsonTreeReader	nextNull()	205	0	[]	false	public	false	file:///tmp/projects/gson/gson/src/main/java/com/google/gson/internal/bind/JsonTreeReader.java
553	com.google.gson.internal.bind.JsonTreeReader	nextDouble()	206	0	[]	false	public	false	file:///tmp/projects/gson/gson/src/main/java/com/google/gson/internal/bind/JsonTreeReader.java
554	com.google.gson.internal.bind.JsonTreeReader	nextLong()	207	0	[]	false	public	false	file:///tmp/projects/gson/gson/src/main/java/com/google/gson/internal/bind/JsonTreeReader.java
555	com.google.gson.internal.bind.JsonTreeReader	nextInt()	212	0	[]	false	public	false	file:///tmp/projects/gson/gson/src/main/java/com/google/gson/internal/bind/JsonTreeReader.java
556	com.google.gson.internal.bind.JsonTreeReader	close()	213	0	[]	false	public	false	file:///tmp/projects/gson/gson/src/main/java/com/google/gson/internal/bind/JsonTreeReader.java
557	com.google.gson.internal.bind.JsonTreeReader	skipValue()	215	0	[]	false	public	false	file:///tmp/projects/gson/gson/src/main/java/com/google/gson/internal/bind/JsonTreeReader.java
558	com.google.gson.internal.bind.JsonTreeReader	toString()	222	0	[]	false	public	true	file:///tmp/projects/gson/gson/src/main/java/com/google/gson/internal/bind/JsonTreeReader.java
559	com.google.gson.internal.bind.JsonTreeReader	promoteNameToValue()	0	0	[]	false	public	false	file:///tmp/projects/gson/gson/src/main/java/com/google/gson/internal/bind/JsonTreeReader.java
560	com.google.gson.internal.bind.JsonTreeReader	push(java.lang.Object)	0	1	[false]	false	private	false	file:///tmp/projects/gson/gson/src/main/java/com/google/gson/internal/bind/JsonTreeReader.java
561	com.google.gson.internal.bind.JsonTreeReader	getPath()	224	0	[]	false	public	true	file:///tmp/projects/gson/gson/src/main/java/com/google/gson/internal/bind/JsonTreeReader.java
562	com.google.gson.internal.bind.JsonTreeReader	locationString()	0	0	[]	false	private	true	file:///tmp/projects/gson/gson/src/main/java/com/google/gson/internal/bind/JsonTreeReader.java
563	com.google.gson.internal.bind.TypeAdapters	TypeAdapters()	0	0	[]	false	private	false	file:///tmp/projects/gson/gson/src/main/java/com/google/gson/internal/bind/TypeAdapters.java
564	com.google.gson.internal.bind.TypeAdapters$1	write(com.google.gson.stream.JsonWriter,java.lang.Class)	249	2	[false, false]	false	public	false	file:///tmp/projects/gson/gson/src/main/java/com/google/gson/internal/bind/TypeAdapters.java
565	com.google.gson.internal.bind.TypeAdapters$1	read(com.google.gson.stream.JsonReader)	251	1	[false]	false	public	true	file:///tmp/projects/gson/gson/src/main/java/com/google/gson/internal/bind/TypeAdapters.java
566	com.google.gson.internal.bind.TypeAdapters$2	read(com.google.gson.stream.JsonReader)	251	1	[false]	false	public	true	file:///tmp/projects/gson/gson/src/main/java/com/google/gson/internal/bind/TypeAdapters.java
567	com.google.gson.internal.bind.TypeAdapters$2	write(com.google.gson.stream.JsonWriter,java.util.BitSet)	249	2	[false, false]	false	public	false	file:///tmp/projects/gson/gson/src/main/java/com/google/gson/internal/bind/TypeAdapters.java
568	com.google.gson.internal.bind.TypeAdapters$3	read(com.google.gson.stream.JsonReader)	251	1	[false]	false	public	true	file:///tmp/projects/gson/gson/src/main/java/com/google/gson/internal/bind/TypeAdapters.java
569	com.google.gson.internal.bind.TypeAdapters$3	write(com.google.gson.stream.JsonWriter,java.lang.Boolean)	249	2	[false, false]	false	public	false	file:///tmp/projects/gson/gson/src/main/java/com/google/gson/internal/bind/TypeAdapters.java
570	com.google.gson.internal.bind.TypeAdapters$4	read(com.google.gson.stream.JsonReader)	251	1	[false]	false	public	true	file:///tmp/projects/gson/gson/src/main/java/com/google/gson/internal/bind/TypeAdapters.java
571	com.google.gson.internal.bind.TypeAdapters$4	write(com.google.gson.stream.JsonWriter,java.lang.Boolean)	249	2	[false, false]	false	public	false	file:///tmp/projects/gson/gson/src/main/java/com/google/gson/internal/bind/TypeAdapters.java
572	com.google.gson.internal.bind.TypeAdapters$5	read(com.google.gson.stream.JsonReader)	251	1	[false]	false	public	true	file:///tmp/projects/gson/gson/src/main/java/com/google/gson/internal/bind/TypeAdapters.java
573	com.google.gson.internal.bind.TypeAdapters$5	write(com.google.gson.stream.JsonWriter,java.lang.Number)	249	2	[false, false]	false	public	false	file:///tmp/projects/gson/gson/src/main/java/com/google/gson/internal/bind/TypeAdapters.java
574	com.google.gson.internal.bind.TypeAdapters$6	read(com.google.gson.stream.JsonReader)	251	1	[false]	false	public	true	file:///tmp/projects/gson/gson/src/main/java/com/google/gson/internal/bind/TypeAdapters.java
575	com.google.gson.internal.bind.TypeAdapters$6	write(com.google.gson.stream.JsonWriter,java.lang.Number)	249	2	[false, false]	false	public	false	file:///tmp/projects/gson/gson/src/main/java/com/google/gson/internal/bind/TypeAdapters.java
576	com.google.gson.internal.bind.TypeAdapters$7	read(com.google.gson.stream.JsonReader)	251	1	[false]	true	public	true	file:///tmp/projects/gson/gson/src/main/java/com/google/gson/internal/bind/TypeAdapters.java
577	com.google.gson.internal.bind.TypeAdapters$7	write(com.google.gson.stream.JsonWriter,java.lang.Number)	249	2	[false, false]	false	public	false	file:///tmp/projects/gson/gson/src/main/java/com/google/gson/internal/bind/TypeAdapters.java
578	com.google.gson.internal.bind.TypeAdapters$8	read(com.google.gson.stream.JsonReader)	251	1	[false]	false	public	true	file:///tmp/projects/gson/gson/src/main/java/com/google/gson/internal/bind/TypeAdapters.java
579	com.google.gson.internal.bind.TypeAdapters$8	write(com.google.gson.stream.JsonWriter,java.util.concurrent.atomic.AtomicInteger)	249	2	[false, false]	false	public	false	file:///tmp/projects/gson/gson/src/main/java/com/google/gson/internal/bind/TypeAdapters.java
580	com.google.gson.internal.bind.TypeAdapters$9	read(com.google.gson.stream.JsonReader)	251	1	[false]	false	public	true	file:///tmp/projects/gson/gson/src/main/java/com/google/gson/internal/bind/TypeAdapters.java
581	com.google.gson.internal.bind.TypeAdapters$9	write(com.google.gson.stream.JsonWriter,java.util.concurrent.atomic.AtomicBoolean)	249	2	[false, false]	false	public	false	file:///tmp/projects/gson/gson/src/main/java/com/google/gson/internal/bind/TypeAdapters.java
582	com.google.gson.internal.bind.TypeAdapters$10	read(com.google.gson.stream.JsonReader)	251	1	[false]	false	public	true	file:///tmp/projects/gson/gson/src/main/java/com/google/gson/internal/bind/TypeAdapters.java
583	com.google.gson.internal.bind.TypeAdapters$10	write(com.google.gson.stream.JsonWriter,java.util.concurrent.atomic.AtomicIntegerArray)	249	2	[false, false]	false	public	false	file:///tmp/projects/gson/gson/src/main/java/com/google/gson/internal/bind/TypeAdapters.java
584	com.google.gson.internal.bind.TypeAdapters$11	read(com.google.gson.stream.JsonReader)	251	1	[false]	false	public	true	file:///tmp/projects/gson/gson/src/main/java/com/google/gson/internal/bind/TypeAdapters.java
585	com.google.gson.internal.bind.TypeAdapters$11	write(com.google.gson.stream.JsonWriter,java.lang.Number)	249	2	[false, false]	false	public	false	file:///tmp/projects/gson/gson/src/main/java/com/google/gson/internal/bind/TypeAdapters.java
586	com.google.gson.internal.bind.TypeAdapters$12	read(com.google.gson.stream.JsonReader)	251	1	[false]	false	public	true	file:///tmp/projects/gson/gson/src/main/java/com/google/gson/internal/bind/TypeAdapters.java
587	com.google.gson.internal.bind.TypeAdapters$12	write(com.google.gson.stream.JsonWriter,java.lang.Number)	249	2	[false, false]	false	public	false	file:///tmp/projects/gson/gson/src/main/java/com/google/gson/internal/bind/TypeAdapters.java
588	com.google.gson.internal.bind.TypeAdapters$13	read(com.google.gson.stream.JsonReader)	251	1	[false]	false	public	true	file:///tmp/projects/gson/gson/src/main/java/com/google/gson/internal/bind/TypeAdapters.java
589	com.google.gson.internal.bind.TypeAdapters$13	write(com.google.gson.stream.JsonWriter,java.lang.Number)	249	2	[false, false]	false	public	false	file:///tmp/projects/gson/gson/src/main/java/com/google/gson/internal/bind/TypeAdapters.java
590	com.google.gson.internal.bind.TypeAdapters$14	read(com.google.gson.stream.JsonReader)	251	1	[false]	false	public	true	file:///tmp/projects/gson/gson/src/main/java/com/google/gson/internal/bind/TypeAdapters.java
591	com.google.gson.internal.bind.TypeAdapters$14	write(com.google.gson.stream.JsonWriter,java.lang.Number)	249	2	[false, false]	false	public	false	file:///tmp/projects/gson/gson/src/main/java/com/google/gson/internal/bind/TypeAdapters.java
592	com.google.gson.internal.bind.TypeAdapters$15	read(com.google.gson.stream.JsonReader)	251	1	[false]	false	public	true	file:///tmp/projects/gson/gson/src/main/java/com/google/gson/internal/bind/TypeAdapters.java
593	com.google.gson.internal.bind.TypeAdapters$15	write(com.google.gson.stream.JsonWriter,java.lang.Character)	249	2	[false, false]	false	public	false	file:///tmp/projects/gson/gson/src/main/java/com/google/gson/internal/bind/TypeAdapters.java
594	com.google.gson.internal.bind.TypeAdapters$16	read(com.google.gson.stream.JsonReader)	251	1	[false]	false	public	true	file:///tmp/projects/gson/gson/src/main/java/com/google/gson/internal/bind/TypeAdapters.java
595	com.google.gson.internal.bind.TypeAdapters$16	write(com.google.gson.stream.JsonWriter,java.lang.String)	249	2	[false, false]	false	public	false	file:///tmp/projects/gson/gson/src/main/java/com/google/gson/internal/bind/TypeAdapters.java
596	com.google.gson.internal.bind.TypeAdapters$17	read(com.google.gson.stream.JsonReader)	251	1	[false]	false	public	true	file:///tmp/projects/gson/gson/src/main/java/com/google/gson/internal/bind/TypeAdapters.java
597	com.google.gson.internal.bind.TypeAdapters$17	write(com.google.gson.stream.JsonWriter,java.math.BigDecimal)	249	2	[false, false]	false	public	false	file:///tmp/projects/gson/gson/src/main/java/com/google/gson/internal/bind/TypeAdapters.java
598	com.google.gson.internal.bind.TypeAdapters$18	read(com.google.gson.stream.JsonReader)	251	1	[false]	false	public	true	file:///tmp/projects/gson/gson/src/main/java/com/google/gson/internal/bind/TypeAdapters.java
599	com.google.gson.internal.bind.TypeAdapters$18	write(com.google.gson.stream.JsonWriter,java.math.BigInteger)	249	2	[false, false]	false	public	false	file:///tmp/projects/gson/gson/src/main/java/com/google/gson/internal/bind/TypeAdapters.java
600	com.google.gson.internal.bind.TypeAdapters$19	read(com.google.gson.stream.JsonReader)	251	1	[false]	false	public	true	file:///tmp/projects/gson/gson/src/main/java/com/google/gson/internal/bind/TypeAdapters.java
601	com.google.gson.internal.bind.TypeAdapters$19	write(com.google.gson.stream.JsonWriter,java.lang.StringBuilder)	249	2	[false, false]	false	public	false	file:///tmp/projects/gson/gson/src/main/java/com/google/gson/internal/bind/TypeAdapters.java
602	com.google.gson.internal.bind.TypeAdapters$20	read(com.google.gson.stream.JsonReader)	251	1	[false]	false	public	true	file:///tmp/projects/gson/gson/src/main/java/com/google/gson/internal/bind/TypeAdapters.java
603	com.google.gson.internal.bind.TypeAdapters$20	write(com.google.gson.stream.JsonWriter,java.lang.StringBuffer)	249	2	[false, false]	false	public	false	file:///tmp/projects/gson/gson/src/main/java/com/google/gson/internal/bind/TypeAdapters.java
604	com.google.gson.internal.bind.TypeAdapters$21	read(com.google.gson.stream.JsonReader)	251	1	[false]	false	public	true	file:///tmp/projects/gson/gson/src/main/java/com/google/gson/internal/bind/TypeAdapters.java
605	com.google.gson.internal.bind.TypeAdapters$21	write(com.google.gson.stream.JsonWriter,java.net.URL)	249	2	[false, false]	false	public	false	file:///tmp/projects/gson/gson/src/main/java/com/google/gson/internal/bind/TypeAdapters.java
606	com.google.gson.internal.bind.TypeAdapters$22	read(com.google.gson.stream.JsonReader)	251	1	[false]	false	public	true	file:///tmp/projects/gson/gson/src/main/java/com/google/gson/internal/bind/TypeAdapters.java
607	com.google.gson.internal.bind.TypeAdapters$22	write(com.google.gson.stream.JsonWriter,java.net.URI)	249	2	[false, false]	false	public	false	file:///tmp/projects/gson/gson/src/main/java/com/google/gson/internal/bind/TypeAdapters.java
608	com.google.gson.internal.bind.TypeAdapters$23	read(com.google.gson.stream.JsonReader)	251	1	[false]	false	public	true	file:///tmp/projects/gson/gson/src/main/java/com/google/gson/internal/bind/TypeAdapters.java
609	com.google.gson.internal.bind.TypeAdapters$23	write(com.google.gson.stream.JsonWriter,java.net.InetAddress)	249	2	[false, false]	false	public	false	file:///tmp/projects/gson/gson/src/main/java/com/google/gson/internal/bind/TypeAdapters.java
610	com.google.gson.internal.bind.TypeAdapters$24	read(com.google.gson.stream.JsonReader)	251	1	[false]	false	public	true	file:///tmp/projects/gson/gson/src/main/java/com/google/gson/internal/bind/TypeAdapters.java
611	com.google.gson.internal.bind.TypeAdapters$24	write(com.google.gson.stream.JsonWriter,java.util.UUID)	249	2	[false, false]	false	public	false	file:///tmp/projects/gson/gson/src/main/java/com/google/gson/internal/bind/TypeAdapters.java
612	com.google.gson.internal.bind.TypeAdapters$25	read(com.google.gson.stream.JsonReader)	251	1	[false]	false	public	true	file:///tmp/projects/gson/gson/src/main/java/com/google/gson/internal/bind/TypeAdapters.java
613	com.google.gson.internal.bind.TypeAdapters$25	write(com.google.gson.stream.JsonWriter,java.util.Currency)	249	2	[false, false]	false	public	false	file:///tmp/projects/gson/gson/src/main/java/com/google/gson/internal/bind/TypeAdapters.java
614	com.google.gson.internal.bind.TypeAdapters$26	<T>create(com.google.gson.Gson,com.google.gson.reflect.TypeToken<T>)	382	2	[false, false]	true	public	true	file:///tmp/projects/gson/gson/src/main/java/com/google/gson/internal/bind/TypeAdapters.java
615	com.google.gson.internal.bind.TypeAdapters$26$1	read(com.google.gson.stream.JsonReader)	251	1	[false]	false	public	true	file:///tmp/projects/gson/gson/src/main/java/com/google/gson/internal/bind/TypeAdapters.java
616	com.google.gson.internal.bind.TypeAdapters$26$1	write(com.google.gson.stream.JsonWriter,java.sql.Timestamp)	249	2	[false, false]	false	public	false	file:///tmp/projects/gson/gson/src/main/java/com/google/gson/internal/bind/TypeAdapters.java
617	com.google.gson.internal.bind.TypeAdapters$27	read(com.google.gson.stream.JsonReader)	251	1	[false]	false	public	true	file:///tmp/projects/gson/gson/src/main/java/com/google/gson/internal/bind/TypeAdapters.java
618	com.google.gson.internal.bind.TypeAdapters$27	write(com.google.gson.stream.JsonWriter,java.util.Calendar)	249	2	[false, false]	false	public	false	file:///tmp/projects/gson/gson/src/main/java/com/google/gson/internal/bind/TypeAdapters.java
619	com.google.gson.internal.bind.TypeAdapters$28	read(com.google.gson.stream.JsonReader)	251	1	[false]	false	public	true	file:///tmp/projects/gson/gson/src/main/java/com/google/gson/internal/bind/TypeAdapters.java
620	com.google.gson.internal.bind.TypeAdapters$28	write(com.google.gson.stream.JsonWriter,java.util.Locale)	249	2	[false, false]	false	public	false	file:///tmp/projects/gson/gson/src/main/java/com/google/gson/internal/bind/TypeAdapters.java
621	com.google.gson.internal.bind.TypeAdapters$29	read(com.google.gson.stream.JsonReader)	251	1	[false]	false	public	true	file:///tmp/projects/gson/gson/src/main/java/com/google/gson/internal/bind/TypeAdapters.java
622	com.google.gson.internal.bind.TypeAdapters$29	write(com.google.gson.stream.JsonWriter,com.google.gson.JsonElement)	249	2	[false, false]	false	public	false	file:///tmp/projects/gson/gson/src/main/java/com/google/gson/internal/bind/TypeAdapters.java
623	com.google.gson.internal.bind.TypeAdapters$EnumTypeAdapter	EnumTypeAdapter(java.lang.Class<T>)	0	1	[false]	false	public	false	file:///tmp/projects/gson/gson/src/main/java/com/google/gson/internal/bind/TypeAdapters.java
624	com.google.gson.internal.bind.TypeAdapters$EnumTypeAdapter	read(com.google.gson.stream.JsonReader)	251	1	[false]	false	public	true	file:///tmp/projects/gson/gson/src/main/java/com/google/gson/internal/bind/TypeAdapters.java
625	com.google.gson.internal.bind.TypeAdapters$EnumTypeAdapter	write(com.google.gson.stream.JsonWriter,T)	249	2	[false, false]	false	public	false	file:///tmp/projects/gson/gson/src/main/java/com/google/gson/internal/bind/TypeAdapters.java
626	com.google.gson.internal.bind.TypeAdapters$30	<T>create(com.google.gson.Gson,com.google.gson.reflect.TypeToken<T>)	382	2	[false, false]	false	public	true	file:///tmp/projects/gson/gson/src/main/java/com/google/gson/internal/bind/TypeAdapters.java
627	com.google.gson.internal.bind.TypeAdapters	<TT>newFactory(com.google.gson.reflect.TypeToken<TT>,com.google.gson.TypeAdapter<TT>)	0	2	[false, false]	false	public	true	file:///tmp/projects/gson/gson/src/main/java/com/google/gson/internal/bind/TypeAdapters.java
628	com.google.gson.internal.bind.TypeAdapters$31	<T>create(com.google.gson.Gson,com.google.gson.reflect.TypeToken<T>)	382	2	[false, false]	true	public	true	file:///tmp/projects/gson/gson/src/main/java/com/google/gson/internal/bind/TypeAdapters.java
629	com.google.gson.internal.bind.TypeAdapters	<TT>newFactory(java.lang.Class<TT>,com.google.gson.TypeAdapter<TT>)	0	2	[false, false]	false	public	true	file:///tmp/projects/gson/gson/src/main/java/com/google/gson/internal/bind/TypeAdapters.java
630	com.google.gson.internal.bind.TypeAdapters$32	<T>create(com.google.gson.Gson,com.google.gson.reflect.TypeToken<T>)	382	2	[false, false]	true	public	true	file:///tmp/projects/gson/gson/src/main/java/com/google/gson/internal/bind/TypeAdapters.java
631	com.google.gson.internal.bind.TypeAdapters$32	toString()	43	0	[]	false	public	true	file:///tmp/projects/gson/gson/src/main/java/com/google/gson/internal/bind/TypeAdapters.java
632	com.google.gson.internal.bind.TypeAdapters	<TT>newFactory(java.lang.Class<TT>,java.lang.Class<TT>,com.google.gson.TypeAdapter<? super TT>)	0	3	[false, false, false]	false	public	true	file:///tmp/projects/gson/gson/src/main/java/com/google/gson/internal/bind/TypeAdapters.java
633	com.google.gson.internal.bind.TypeAdapters$33	<T>create(com.google.gson.Gson,com.google.gson.reflect.TypeToken<T>)	382	2	[false, false]	true	public	true	file:///tmp/projects/gson/gson/src/main/java/com/google/gson/internal/bind/TypeAdapters.java
634	com.google.gson.internal.bind.TypeAdapters$33	toString()	43	0	[]	false	public	true	file:///tmp/projects/gson/gson/src/main/java/com/google/gson/internal/bind/TypeAdapters.java
635	com.google.gson.internal.bind.TypeAdapters	<TT>newFactoryForMultipleTypes(java.lang.Class<TT>,java.lang.Class<? extends TT>,com.google.gson.TypeAdapter<? super TT>)	0	3	[false, false, false]	false	public	true	file:///tmp/projects/gson/gson/src/main/java/com/google/gson/internal/bind/TypeAdapters.java
636	com.google.gson.internal.bind.TypeAdapters$34	<T>create(com.google.gson.Gson,com.google.gson.reflect.TypeToken<T>)	382	2	[false, false]	true	public	true	file:///tmp/projects/gson/gson/src/main/java/com/google/gson/internal/bind/TypeAdapters.java
637	com.google.gson.internal.bind.TypeAdapters$34	toString()	43	0	[]	false	public	true	file:///tmp/projects/gson/gson/src/main/java/com/google/gson/internal/bind/TypeAdapters.java
638	com.google.gson.internal.bind.TypeAdapters	<T1>newTypeHierarchyFactory(java.lang.Class<T1>,com.google.gson.TypeAdapter<T1>)	0	2	[false, false]	false	public	true	file:///tmp/projects/gson/gson/src/main/java/com/google/gson/internal/bind/TypeAdapters.java
639	com.google.gson.internal.bind.TypeAdapters$35	<T2>create(com.google.gson.Gson,com.google.gson.reflect.TypeToken<T2>)	382	2	[false, false]	false	public	true	file:///tmp/projects/gson/gson/src/main/java/com/google/gson/internal/bind/TypeAdapters.java
640	com.google.gson.internal.bind.TypeAdapters$35$1	write(com.google.gson.stream.JsonWriter,T1)	249	2	[false, false]	false	public	false	file:///tmp/projects/gson/gson/src/main/java/com/google/gson/internal/bind/TypeAdapters.java
641	com.google.gson.internal.bind.TypeAdapters$35$1	read(com.google.gson.stream.JsonReader)	251	1	[false]	false	public	true	file:///tmp/projects/gson/gson/src/main/java/com/google/gson/internal/bind/TypeAdapters.java
642	com.google.gson.internal.bind.TypeAdapters$35	toString()	43	0	[]	false	public	true	file:///tmp/projects/gson/gson/src/main/java/com/google/gson/internal/bind/TypeAdapters.java
643	com.google.gson.internal.bind.JsonTreeWriter$1	write(char[],int,int)	644	3	[false, false, false]	false	public	false	file:///tmp/projects/gson/gson/src/main/java/com/google/gson/internal/bind/JsonTreeWriter.java
645	com.google.gson.internal.bind.JsonTreeWriter$1	flush()	646	0	[]	false	public	false	file:///tmp/projects/gson/gson/src/main/java/com/google/gson/internal/bind/JsonTreeWriter.java
647	com.google.gson.internal.bind.JsonTreeWriter$1	close()	648	0	[]	false	public	false	file:///tmp/projects/gson/gson/src/main/java/com/google/gson/internal/bind/JsonTreeWriter.java
649	com.google.gson.internal.bind.JsonTreeWriter	JsonTreeWriter()	0	0	[]	false	public	false	file:///tmp/projects/gson/gson/src/main/java/com/google/gson/internal/bind/JsonTreeWriter.java
650	com.google.gson.internal.bind.JsonTreeWriter	get()	0	0	[]	false	public	true	file:///tmp/projects/gson/gson/src/main/java/com/google/gson/internal/bind/JsonTreeWriter.java
651	com.google.gson.internal.bind.JsonTreeWriter	peek()	0	0	[]	false	private	true	file:///tmp/projects/gson/gson/src/main/java/com/google/gson/internal/bind/JsonTreeWriter.java
652	com.google.gson.internal.bind.JsonTreeWriter	put(com.google.gson.JsonElement)	0	1	[false]	false	private	false	file:///tmp/projects/gson/gson/src/main/java/com/google/gson/internal/bind/JsonTreeWriter.java
653	com.google.gson.internal.bind.JsonTreeWriter	beginArray()	271	0	[]	false	public	true	file:///tmp/projects/gson/gson/src/main/java/com/google/gson/internal/bind/JsonTreeWriter.java
654	com.google.gson.internal.bind.JsonTreeWriter	endArray()	272	0	[]	false	public	true	file:///tmp/projects/gson/gson/src/main/java/com/google/gson/internal/bind/JsonTreeWriter.java
655	com.google.gson.internal.bind.JsonTreeWriter	beginObject()	273	0	[]	false	public	true	file:///tmp/projects/gson/gson/src/main/java/com/google/gson/internal/bind/JsonTreeWriter.java
656	com.google.gson.internal.bind.JsonTreeWriter	endObject()	274	0	[]	false	public	true	file:///tmp/projects/gson/gson/src/main/java/com/google/gson/internal/bind/JsonTreeWriter.java
657	com.google.gson.internal.bind.JsonTreeWriter	name(java.lang.String)	280	1	[false]	false	public	true	file:///tmp/projects/gson/gson/src/main/java/com/google/gson/internal/bind/JsonTreeWriter.java
658	com.google.gson.internal.bind.JsonTreeWriter	value(java.lang.String)	282	1	[false]	false	public	true	file:///tmp/projects/gson/gson/src/main/java/com/google/gson/internal/bind/JsonTreeWriter.java
659	com.google.gson.internal.bind.JsonTreeWriter	nullValue()	284	0	[]	false	public	true	file:///tmp/projects/gson/gson/src/main/java/com/google/gson/internal/bind/JsonTreeWriter.java
660	com.google.gson.internal.bind.JsonTreeWriter	value(boolean)	285	1	[false]	false	public	true	file:///tmp/projects/gson/gson/src/main/java/com/google/gson/internal/bind/JsonTreeWriter.java
661	com.google.gson.internal.bind.JsonTreeWriter	value(java.lang.Boolean)	286	1	[false]	false	public	true	file:///tmp/projects/gson/gson/src/main/java/com/google/gson/internal/bind/JsonTreeWriter.java
662	com.google.gson.internal.bind.JsonTreeWriter	value(double)	287	1	[false]	false	public	true	file:///tmp/projects/gson/gson/src/main/java/com/google/gson/internal/bind/JsonTreeWriter.java
663	com.google.gson.internal.bind.JsonTreeWriter	value(long)	288	1	[false]	false	public	true	file:///tmp/projects/gson/gson/src/main/java/com/google/gson/internal/bind/JsonTreeWriter.java
664	com.google.gson.internal.bind.JsonTreeWriter	value(java.lang.Number)	289	1	[false]	false	public	true	file:///tmp/projects/gson/gson/src/main/java/com/google/gson/internal/bind/JsonTreeWriter.java
665	com.google.gson.internal.bind.JsonTreeWriter	flush()	290	0	[]	false	public	false	file:///tmp/projects/gson/gson/src/main/java/com/google/gson/internal/bind/JsonTreeWriter.java
666	com.google.gson.internal.bind.JsonTreeWriter	close()	292	0	[]	false	public	false	file:///tmp/projects/gson/gson/src/main/java/com/google/gson/internal/bind/JsonTreeWriter.java
667	com.google.gson.internal.bind.ReflectiveTypeAdapterFactory	ReflectiveTypeAdapterFactory(com.google.gson.internal.ConstructorConstructor,com.google.gson.FieldNamingStrategy,com.google.gson.internal.Excluder,com.google.gson.internal.bind.JsonAdapterAnnotationTypeAdapterFactory)	0	4	[false, false, false, false]	false	public	false	file:///tmp/projects/gson/gson/src/main/java/com/google/gson/internal/bind/ReflectiveTypeAdapterFactory.java
668	com.google.gson.internal.bind.ReflectiveTypeAdapterFactory	excludeField(java.lang.reflect.Field,boolean)	0	2	[false, false]	false	public	false	file:///tmp/projects/gson/gson/src/main/java/com/google/gson/internal/bind/ReflectiveTypeAdapterFactory.java
669	com.google.gson.internal.bind.ReflectiveTypeAdapterFactory	excludeField(java.lang.reflect.Field,boolean,com.google.gson.internal.Excluder)	0	3	[false, false, false]	false	package	false	file:///tmp/projects/gson/gson/src/main/java/com/google/gson/internal/bind/ReflectiveTypeAdapterFactory.java
670	com.google.gson.internal.bind.ReflectiveTypeAdapterFactory	getFieldNames(java.lang.reflect.Field)	0	1	[false]	false	private	true	file:///tmp/projects/gson/gson/src/main/java/com/google/gson/internal/bind/ReflectiveTypeAdapterFactory.java
671	com.google.gson.internal.bind.ReflectiveTypeAdapterFactory	<T>create(com.google.gson.Gson,com.google.gson.reflect.TypeToken<T>)	382	2	[false, false]	false	public	true	file:///tmp/projects/gson/gson/src/main/java/com/google/gson/internal/bind/ReflectiveTypeAdapterFactory.java
672	com.google.gson.internal.bind.ReflectiveTypeAdapterFactory	createBoundField(com.google.gson.Gson,java.lang.reflect.Field,java.lang.String,com.google.gson.reflect.TypeToken<?>,boolean,boolean)	0	6	[false, false, false, false, false, false]	false	private	true	file:///tmp/projects/gson/gson/src/main/java/com/google/gson/internal/bind/ReflectiveTypeAdapterFactory.java
673	com.google.gson.internal.bind.ReflectiveTypeAdapterFactory$1	write(com.google.gson.stream.JsonWriter,java.lang.Object)	674	2	[false, false]	false	package	false	file:///tmp/projects/gson/gson/src/main/java/com/google/gson/internal/bind/ReflectiveTypeAdapterFactory.java
675	com.google.gson.internal.bind.ReflectiveTypeAdapterFactory$1	read(com.google.gson.stream.JsonReader,java.lang.Object)	676	2	[false, false]	false	package	false	file:///tmp/projects/gson/gson/src/main/java/com/google/gson/internal/bind/ReflectiveTypeAdapterFactory.java
677	com.google.gson.internal.bind.ReflectiveTypeAdapterFactory$1	writeField(java.lang.Object)	678	1	[false]	false	public	false	file:///tmp/projects/gson/gson/src/main/java/com/google/gson/internal/bind/ReflectiveTypeAdapterFactory.java
679	com.google.gson.internal.bind.ReflectiveTypeAdapterFactory	getBoundFields(com.google.gson.Gson,com.google.gson.reflect.TypeToken<?>,java.lang.Class<?>)	0	3	[false, false, false]	false	private	true	file:///tmp/projects/gson/gson/src/main/java/com/google/gson/internal/bind/ReflectiveTypeAdapterFactory.java
680	com.google.gson.internal.bind.ReflectiveTypeAdapterFactory$BoundField	BoundField(java.lang.String,boolean,boolean)	0	3	[false, false, false]	false	protected	false	file:///tmp/projects/gson/gson/src/main/java/com/google/gson/internal/bind/ReflectiveTypeAdapterFactory.java
678	com.google.gson.internal.bind.ReflectiveTypeAdapterFactory$BoundField	writeField(java.lang.Object)	0	1	[false]	false	package	false	file:///tmp/projects/gson/gson/src/main/java/com/google/gson/internal/bind/ReflectiveTypeAdapterFactory.java
674	com.google.gson.internal.bind.ReflectiveTypeAdapterFactory$BoundField	write(com.google.gson.stream.JsonWriter,java.lang.Object)	0	2	[false, false]	false	package	false	file:///tmp/projects/gson/gson/src/main/java/com/google/gson/internal/bind/ReflectiveTypeAdapterFactory.java
676	com.google.gson.internal.bind.ReflectiveTypeAdapterFactory$BoundField	read(com.google.gson.stream.JsonReader,java.lang.Object)	0	2	[false, false]	false	package	false	file:///tmp/projects/gson/gson/src/main/java/com/google/gson/internal/bind/ReflectiveTypeAdapterFactory.java
681	com.google.gson.internal.bind.ReflectiveTypeAdapterFactory$Adapter	Adapter(com.google.gson.internal.ObjectConstructor<T>,java.util.Map<java.lang.String,com.google.gson.internal.bind.ReflectiveTypeAdapterFactory.BoundField>)	0	2	[false, false]	false	package	false	file:///tmp/projects/gson/gson/src/main/java/com/google/gson/internal/bind/ReflectiveTypeAdapterFactory.java
682	com.google.gson.internal.bind.ReflectiveTypeAdapterFactory$Adapter	read(com.google.gson.stream.JsonReader)	251	1	[false]	false	public	true	file:///tmp/projects/gson/gson/src/main/java/com/google/gson/internal/bind/ReflectiveTypeAdapterFactory.java
683	com.google.gson.internal.bind.ReflectiveTypeAdapterFactory$Adapter	write(com.google.gson.stream.JsonWriter,T)	249	2	[false, false]	false	public	false	file:///tmp/projects/gson/gson/src/main/java/com/google/gson/internal/bind/ReflectiveTypeAdapterFactory.java
684	com.google.gson.internal.reflect.UnsafeReflectionAccessor	makeAccessible(java.lang.reflect.AccessibleObject)	456	1	[false]	false	public	false	file:///tmp/projects/gson/gson/src/main/java/com/google/gson/internal/reflect/UnsafeReflectionAccessor.java
685	com.google.gson.internal.reflect.UnsafeReflectionAccessor	makeAccessibleWithUnsafe(java.lang.reflect.AccessibleObject)	0	1	[false]	false	package	false	file:///tmp/projects/gson/gson/src/main/java/com/google/gson/internal/reflect/UnsafeReflectionAccessor.java
686	com.google.gson.internal.reflect.UnsafeReflectionAccessor	getUnsafeInstance()	0	0	[]	false	private	true	file:///tmp/projects/gson/gson/src/main/java/com/google/gson/internal/reflect/UnsafeReflectionAccessor.java
687	com.google.gson.internal.reflect.UnsafeReflectionAccessor	getOverrideField()	0	0	[]	false	private	true	file:///tmp/projects/gson/gson/src/main/java/com/google/gson/internal/reflect/UnsafeReflectionAccessor.java
688	com.google.gson.internal.reflect.PreJava9ReflectionAccessor	makeAccessible(java.lang.reflect.AccessibleObject)	456	1	[false]	false	public	false	file:///tmp/projects/gson/gson/src/main/java/com/google/gson/internal/reflect/PreJava9ReflectionAccessor.java
689	com.google.gson.internal.LinkedHashTreeMap$1	compare(java.lang.Comparable,java.lang.Comparable)	45	2	[false, false]	false	public	false	file:///tmp/projects/gson/gson/src/main/java/com/google/gson/internal/LinkedHashTreeMap.java
690	com.google.gson.internal.LinkedHashTreeMap	LinkedHashTreeMap()	0	0	[]	false	public	false	file:///tmp/projects/gson/gson/src/main/java/com/google/gson/internal/LinkedHashTreeMap.java
691	com.google.gson.internal.LinkedHashTreeMap	LinkedHashTreeMap(java.util.Comparator<? super K>)	0	1	[false]	false	public	false	file:///tmp/projects/gson/gson/src/main/java/com/google/gson/internal/LinkedHashTreeMap.java
692	com.google.gson.internal.LinkedHashTreeMap	size()	49	0	[]	false	public	false	file:///tmp/projects/gson/gson/src/main/java/com/google/gson/internal/LinkedHashTreeMap.java
693	com.google.gson.internal.LinkedHashTreeMap	get(java.lang.Object)	51	1	[false]	false	public	true	file:///tmp/projects/gson/gson/src/main/java/com/google/gson/internal/LinkedHashTreeMap.java
694	com.google.gson.internal.LinkedHashTreeMap	containsKey(java.lang.Object)	53	1	[false]	false	public	false	file:///tmp/projects/gson/gson/src/main/java/com/google/gson/internal/LinkedHashTreeMap.java
695	com.google.gson.internal.LinkedHashTreeMap	put(K,V)	55	2	[false, false]	false	public	true	file:///tmp/projects/gson/gson/src/main/java/com/google/gson/internal/LinkedHashTreeMap.java
696	com.google.gson.internal.LinkedHashTreeMap	clear()	57	0	[]	false	public	false	file:///tmp/projects/gson/gson/src/main/java/com/google/gson/internal/LinkedHashTreeMap.java
697	com.google.gson.internal.LinkedHashTreeMap	remove(java.lang.Object)	59	1	[false]	false	public	true	file:///tmp/projects/gson/gson/src/main/java/com/google/gson/internal/LinkedHashTreeMap.java
698	com.google.gson.internal.LinkedHashTreeMap	find(K,boolean)	0	2	[false, false]	false	package	true	file:///tmp/projects/gson/gson/src/main/java/com/google/gson/internal/LinkedHashTreeMap.java
699	com.google.gson.internal.LinkedHashTreeMap	findByObject(java.lang.Object)	0	1	[false]	false	package	true	file:///tmp/projects/gson/gson/src/main/java/com/google/gson/internal/LinkedHashTreeMap.java
700	com.google.gson.internal.LinkedHashTreeMap	findByEntry(java.util.Map.Entry<?,?>)	0	1	[false]	false	package	true	file:///tmp/projects/gson/gson/src/main/java/com/google/gson/internal/LinkedHashTreeMap.java
701	com.google.gson.internal.LinkedHashTreeMap	equal(java.lang.Object,java.lang.Object)	0	2	[false, false]	false	private	false	file:///tmp/projects/gson/gson/src/main/java/com/google/gson/internal/LinkedHashTreeMap.java
702	com.google.gson.internal.LinkedHashTreeMap	secondaryHash(int)	0	1	[false]	false	private	false	file:///tmp/projects/gson/gson/src/main/java/com/google/gson/internal/LinkedHashTreeMap.java
703	com.google.gson.internal.LinkedHashTreeMap	removeInternal(com.google.gson.internal.LinkedHashTreeMap.Node<K,V>,boolean)	0	2	[false, false]	false	package	false	file:///tmp/projects/gson/gson/src/main/java/com/google/gson/internal/LinkedHashTreeMap.java
704	com.google.gson.internal.LinkedHashTreeMap	removeInternalByKey(java.lang.Object)	0	1	[false]	false	package	true	file:///tmp/projects/gson/gson/src/main/java/com/google/gson/internal/LinkedHashTreeMap.java
705	com.google.gson.internal.LinkedHashTreeMap	replaceInParent(com.google.gson.internal.LinkedHashTreeMap.Node<K,V>,com.google.gson.internal.LinkedHashTreeMap.Node<K,V>)	0	2	[false, false]	false	private	false	file:///tmp/projects/gson/gson/src/main/java/com/google/gson/internal/LinkedHashTreeMap.java
706	com.google.gson.internal.LinkedHashTreeMap	rebalance(com.google.gson.internal.LinkedHashTreeMap.Node<K,V>,boolean)	0	2	[false, false]	false	private	false	file:///tmp/projects/gson/gson/src/main/java/com/google/gson/internal/LinkedHashTreeMap.java
707	com.google.gson.internal.LinkedHashTreeMap	rotateLeft(com.google.gson.internal.LinkedHashTreeMap.Node<K,V>)	0	1	[false]	false	private	false	file:///tmp/projects/gson/gson/src/main/java/com/google/gson/internal/LinkedHashTreeMap.java
708	com.google.gson.internal.LinkedHashTreeMap	rotateRight(com.google.gson.internal.LinkedHashTreeMap.Node<K,V>)	0	1	[false]	false	private	false	file:///tmp/projects/gson/gson/src/main/java/com/google/gson/internal/LinkedHashTreeMap.java
709	com.google.gson.internal.LinkedHashTreeMap	entrySet()	71	0	[]	false	public	true	file:///tmp/projects/gson/gson/src/main/java/com/google/gson/internal/LinkedHashTreeMap.java
710	com.google.gson.internal.LinkedHashTreeMap	keySet()	73	0	[]	false	public	true	file:///tmp/projects/gson/gson/src/main/java/com/google/gson/internal/LinkedHashTreeMap.java
711	com.google.gson.internal.LinkedHashTreeMap$Node	Node()	0	0	[]	false	package	false	file:///tmp/projects/gson/gson/src/main/java/com/google/gson/internal/LinkedHashTreeMap.java
712	com.google.gson.internal.LinkedHashTreeMap$Node	Node(com.google.gson.internal.LinkedHashTreeMap.Node<K,V>,K,int,com.google.gson.internal.LinkedHashTreeMap.Node<K,V>,com.google.gson.internal.LinkedHashTreeMap.Node<K,V>)	0	5	[false, false, false, false, false]	false	package	false	file:///tmp/projects/gson/gson/src/main/java/com/google/gson/internal/LinkedHashTreeMap.java
713	com.google.gson.internal.LinkedHashTreeMap$Node	getKey()	77	0	[]	false	public	true	file:///tmp/projects/gson/gson/src/main/java/com/google/gson/internal/LinkedHashTreeMap.java
714	com.google.gson.internal.LinkedHashTreeMap$Node	getValue()	79	0	[]	false	public	true	file:///tmp/projects/gson/gson/src/main/java/com/google/gson/internal/LinkedHashTreeMap.java
715	com.google.gson.internal.LinkedHashTreeMap$Node	setValue(V)	81	1	[false]	false	public	true	file:///tmp/projects/gson/gson/src/main/java/com/google/gson/internal/LinkedHashTreeMap.java
716	com.google.gson.internal.LinkedHashTreeMap$Node	equals(java.lang.Object)	83	1	[false]	false	public	false	file:///tmp/projects/gson/gson/src/main/java/com/google/gson/internal/LinkedHashTreeMap.java
717	com.google.gson.internal.LinkedHashTreeMap$Node	hashCode()	85	0	[]	false	public	false	file:///tmp/projects/gson/gson/src/main/java/com/google/gson/internal/LinkedHashTreeMap.java
718	com.google.gson.internal.LinkedHashTreeMap$Node	toString()	43	0	[]	false	public	true	file:///tmp/projects/gson/gson/src/main/java/com/google/gson/internal/LinkedHashTreeMap.java
719	com.google.gson.internal.LinkedHashTreeMap$Node	first()	0	0	[]	false	public	true	file:///tmp/projects/gson/gson/src/main/java/com/google/gson/internal/LinkedHashTreeMap.java
720	com.google.gson.internal.LinkedHashTreeMap$Node	last()	0	0	[]	false	public	true	file:///tmp/projects/gson/gson/src/main/java/com/google/gson/internal/LinkedHashTreeMap.java
721	com.google.gson.internal.LinkedHashTreeMap	doubleCapacity()	0	0	[]	false	private	false	file:///tmp/projects/gson/gson/src/main/java/com/google/gson/internal/LinkedHashTreeMap.java
722	com.google.gson.internal.LinkedHashTreeMap	<K,V>doubleCapacity(com.google.gson.internal.LinkedHashTreeMap.Node<K,V>[])	0	1	[false]	false	package	true	file:///tmp/projects/gson/gson/src/main/java/com/google/gson/internal/LinkedHashTreeMap.java
723	com.google.gson.internal.LinkedHashTreeMap$AvlIterator	reset(com.google.gson.internal.LinkedHashTreeMap.Node<K,V>)	0	1	[false]	false	package	false	file:///tmp/projects/gson/gson/src/main/java/com/google/gson/internal/LinkedHashTreeMap.java
724	com.google.gson.internal.LinkedHashTreeMap$AvlIterator	next()	0	0	[]	false	public	true	file:///tmp/projects/gson/gson/src/main/java/com/google/gson/internal/LinkedHashTreeMap.java
725	com.google.gson.internal.LinkedHashTreeMap$AvlBuilder	reset(int)	0	1	[false]	false	package	false	file:///tmp/projects/gson/gson/src/main/java/com/google/gson/internal/LinkedHashTreeMap.java
726	com.google.gson.internal.LinkedHashTreeMap$AvlBuilder	add(com.google.gson.internal.LinkedHashTreeMap.Node<K,V>)	0	1	[false]	false	package	false	file:///tmp/projects/gson/gson/src/main/java/com/google/gson/internal/LinkedHashTreeMap.java
727	com.google.gson.internal.LinkedHashTreeMap$AvlBuilder	root()	0	0	[]	false	package	true	file:///tmp/projects/gson/gson/src/main/java/com/google/gson/internal/LinkedHashTreeMap.java
728	com.google.gson.internal.LinkedHashTreeMap$LinkedTreeMapIterator	LinkedTreeMapIterator()	0	0	[]	false	package	false	file:///tmp/projects/gson/gson/src/main/java/com/google/gson/internal/LinkedHashTreeMap.java
729	com.google.gson.internal.LinkedHashTreeMap$LinkedTreeMapIterator	hasNext()	91	0	[]	false	public	false	file:///tmp/projects/gson/gson/src/main/java/com/google/gson/internal/LinkedHashTreeMap.java
730	com.google.gson.internal.LinkedHashTreeMap$LinkedTreeMapIterator	nextNode()	0	0	[]	false	package	true	file:///tmp/projects/gson/gson/src/main/java/com/google/gson/internal/LinkedHashTreeMap.java
731	com.google.gson.internal.LinkedHashTreeMap$LinkedTreeMapIterator	remove()	94	0	[]	false	public	false	file:///tmp/projects/gson/gson/src/main/java/com/google/gson/internal/LinkedHashTreeMap.java
732	com.google.gson.internal.LinkedHashTreeMap$EntrySet	size()	96	0	[]	false	public	false	file:///tmp/projects/gson/gson/src/main/java/com/google/gson/internal/LinkedHashTreeMap.java
733	com.google.gson.internal.LinkedHashTreeMap$EntrySet	iterator()	98	0	[]	false	public	true	file:///tmp/projects/gson/gson/src/main/java/com/google/gson/internal/LinkedHashTreeMap.java
734	com.google.gson.internal.LinkedHashTreeMap$EntrySet$1	next()	100	0	[]	false	public	true	file:///tmp/projects/gson/gson/src/main/java/com/google/gson/internal/LinkedHashTreeMap.java
735	com.google.gson.internal.LinkedHashTreeMap$EntrySet	contains(java.lang.Object)	102	1	[false]	false	public	false	file:///tmp/projects/gson/gson/src/main/java/com/google/gson/internal/LinkedHashTreeMap.java
736	com.google.gson.internal.LinkedHashTreeMap$EntrySet	remove(java.lang.Object)	104	1	[false]	false	public	false	file:///tmp/projects/gson/gson/src/main/java/com/google/gson/internal/LinkedHashTreeMap.java
737	com.google.gson.internal.LinkedHashTreeMap$EntrySet	clear()	106	0	[]	false	public	false	file:///tmp/projects/gson/gson/src/main/java/com/google/gson/internal/LinkedHashTreeMap.java
738	com.google.gson.internal.LinkedHashTreeMap$KeySet	size()	96	0	[]	false	public	false	file:///tmp/projects/gson/gson/src/main/java/com/google/gson/internal/LinkedHashTreeMap.java
739	com.google.gson.internal.LinkedHashTreeMap$KeySet	iterator()	98	0	[]	false	public	true	file:///tmp/projects/gson/gson/src/main/java/com/google/gson/internal/LinkedHashTreeMap.java
740	com.google.gson.internal.LinkedHashTreeMap$KeySet$1	next()	100	0	[]	false	public	true	file:///tmp/projects/gson/gson/src/main/java/com/google/gson/internal/LinkedHashTreeMap.java
741	com.google.gson.internal.LinkedHashTreeMap$KeySet	contains(java.lang.Object)	102	1	[false]	false	public	false	file:///tmp/projects/gson/gson/src/main/java/com/google/gson/internal/LinkedHashTreeMap.java
742	com.google.gson.internal.LinkedHashTreeMap$KeySet	remove(java.lang.Object)	104	1	[false]	false	public	false	file:///tmp/projects/gson/gson/src/main/java/com/google/gson/internal/LinkedHashTreeMap.java
743	com.google.gson.internal.LinkedHashTreeMap$KeySet	clear()	106	0	[]	false	public	false	file:///tmp/projects/gson/gson/src/main/java/com/google/gson/internal/LinkedHashTreeMap.java
744	com.google.gson.internal.LinkedHashTreeMap	writeReplace()	0	0	[]	false	private	true	file:///tmp/projects/gson/gson/src/main/java/com/google/gson/internal/LinkedHashTreeMap.java
745	com.google.gson.internal.JavaVersion	determineMajorJavaVersion()	0	0	[]	false	private	false	file:///tmp/projects/gson/gson/src/main/java/com/google/gson/internal/JavaVersion.java
746	com.google.gson.internal.JavaVersion	getMajorJavaVersion(java.lang.String)	0	1	[false]	false	package	false	file:///tmp/projects/gson/gson/src/main/java/com/google/gson/internal/JavaVersion.java
747	com.google.gson.internal.JavaVersion	parseDotted(java.lang.String)	0	1	[false]	false	private	false	file:///tmp/projects/gson/gson/src/main/java/com/google/gson/internal/JavaVersion.java
748	com.google.gson.internal.JavaVersion	extractBeginningInt(java.lang.String)	0	1	[false]	false	private	false	file:///tmp/projects/gson/gson/src/main/java/com/google/gson/internal/JavaVersion.java
749	com.google.gson.internal.JavaVersion	getMajorJavaVersion()	0	0	[]	false	public	false	file:///tmp/projects/gson/gson/src/main/java/com/google/gson/internal/JavaVersion.java
750	com.google.gson.internal.JavaVersion	isJava9OrLater()	0	0	[]	false	public	false	file:///tmp/projects/gson/gson/src/main/java/com/google/gson/internal/JavaVersion.java
751	com.google.gson.internal.JavaVersion	JavaVersion()	0	0	[]	false	private	false	file:///tmp/projects/gson/gson/src/main/java/com/google/gson/internal/JavaVersion.java
752	com.google.gson.internal.$Gson$Preconditions	$Gson$Preconditions()	0	0	[]	false	private	false	file:///tmp/projects/gson/gson/src/main/java/com/google/gson/internal/$Gson$Preconditions.java
753	com.google.gson.internal.$Gson$Preconditions	<T>checkNotNull(T)	0	1	[false]	false	public	true	file:///tmp/projects/gson/gson/src/main/java/com/google/gson/internal/$Gson$Preconditions.java
754	com.google.gson.internal.$Gson$Preconditions	checkArgument(boolean)	0	1	[false]	false	public	false	file:///tmp/projects/gson/gson/src/main/java/com/google/gson/internal/$Gson$Preconditions.java
755	com.google.gson.internal.Streams	Streams()	0	0	[]	false	private	false	file:///tmp/projects/gson/gson/src/main/java/com/google/gson/internal/Streams.java
756	com.google.gson.internal.Streams	parse(com.google.gson.stream.JsonReader)	0	1	[false]	false	public	true	file:///tmp/projects/gson/gson/src/main/java/com/google/gson/internal/Streams.java
757	com.google.gson.internal.Streams	write(com.google.gson.JsonElement,com.google.gson.stream.JsonWriter)	0	2	[false, false]	false	public	false	file:///tmp/projects/gson/gson/src/main/java/com/google/gson/internal/Streams.java
758	com.google.gson.internal.Streams	writerForAppendable(java.lang.Appendable)	0	1	[false]	false	public	true	file:///tmp/projects/gson/gson/src/main/java/com/google/gson/internal/Streams.java
759	com.google.gson.internal.Streams$AppendableWriter	AppendableWriter(java.lang.Appendable)	0	1	[false]	false	package	false	file:///tmp/projects/gson/gson/src/main/java/com/google/gson/internal/Streams.java
760	com.google.gson.internal.Streams$AppendableWriter	write(char[],int,int)	644	3	[false, false, false]	false	public	false	file:///tmp/projects/gson/gson/src/main/java/com/google/gson/internal/Streams.java
761	com.google.gson.internal.Streams$AppendableWriter	write(int)	762	1	[false]	false	public	false	file:///tmp/projects/gson/gson/src/main/java/com/google/gson/internal/Streams.java
763	com.google.gson.internal.Streams$AppendableWriter	flush()	646	0	[]	false	public	false	file:///tmp/projects/gson/gson/src/main/java/com/google/gson/internal/Streams.java
764	com.google.gson.internal.Streams$AppendableWriter	close()	648	0	[]	false	public	false	file:///tmp/projects/gson/gson/src/main/java/com/google/gson/internal/Streams.java
765	com.google.gson.internal.Streams$AppendableWriter$CurrentWrite	length()	766	0	[]	false	public	false	file:///tmp/projects/gson/gson/src/main/java/com/google/gson/internal/Streams.java
767	com.google.gson.internal.Streams$AppendableWriter$CurrentWrite	charAt(int)	768	1	[false]	false	public	false	file:///tmp/projects/gson/gson/src/main/java/com/google/gson/internal/Streams.java
769	com.google.gson.internal.Streams$AppendableWriter$CurrentWrite	subSequence(int,int)	770	2	[false, false]	false	public	true	file:///tmp/projects/gson/gson/src/main/java/com/google/gson/internal/Streams.java
771	com.google.gson.internal.LazilyParsedNumber	LazilyParsedNumber(java.lang.String)	0	1	[false]	false	public	false	file:///tmp/projects/gson/gson/src/main/java/com/google/gson/internal/LazilyParsedNumber.java
772	com.google.gson.internal.LazilyParsedNumber	intValue()	773	0	[]	false	public	false	file:///tmp/projects/gson/gson/src/main/java/com/google/gson/internal/LazilyParsedNumber.java
774	com.google.gson.internal.LazilyParsedNumber	longValue()	775	0	[]	false	public	false	file:///tmp/projects/gson/gson/src/main/java/com/google/gson/internal/LazilyParsedNumber.java
776	com.google.gson.internal.LazilyParsedNumber	floatValue()	777	0	[]	false	public	false	file:///tmp/projects/gson/gson/src/main/java/com/google/gson/internal/LazilyParsedNumber.java
778	com.google.gson.internal.LazilyParsedNumber	doubleValue()	779	0	[]	false	public	false	file:///tmp/projects/gson/gson/src/main/java/com/google/gson/internal/LazilyParsedNumber.java
780	com.google.gson.internal.LazilyParsedNumber	toString()	43	0	[]	false	public	true	file:///tmp/projects/gson/gson/src/main/java/com/google/gson/internal/LazilyParsedNumber.java
781	com.google.gson.internal.LazilyParsedNumber	writeReplace()	0	0	[]	false	private	true	file:///tmp/projects/gson/gson/src/main/java/com/google/gson/internal/LazilyParsedNumber.java
782	com.google.gson.internal.LazilyParsedNumber	hashCode()	21	0	[]	false	public	false	file:///tmp/projects/gson/gson/src/main/java/com/google/gson/internal/LazilyParsedNumber.java
783	com.google.gson.internal.LazilyParsedNumber	equals(java.lang.Object)	19	1	[false]	false	public	false	file:///tmp/projects/gson/gson/src/main/java/com/google/gson/internal/LazilyParsedNumber.java
784	com.google.gson.internal.$Gson$Types	$Gson$Types()	0	0	[]	false	private	false	file:///tmp/projects/gson/gson/src/main/java/com/google/gson/internal/$Gson$Types.java
785	com.google.gson.internal.$Gson$Types	newParameterizedTypeWithOwner(java.lang.reflect.Type,java.lang.reflect.Type,java.lang.reflect.Type...)	0	3	[false, false, false]	false	public	true	file:///tmp/projects/gson/gson/src/main/java/com/google/gson/internal/$Gson$Types.java
786	com.google.gson.internal.$Gson$Types	arrayOf(java.lang.reflect.Type)	0	1	[false]	false	public	true	file:///tmp/projects/gson/gson/src/main/java/com/google/gson/internal/$Gson$Types.java
787	com.google.gson.internal.$Gson$Types	subtypeOf(java.lang.reflect.Type)	0	1	[false]	false	public	true	file:///tmp/projects/gson/gson/src/main/java/com/google/gson/internal/$Gson$Types.java
788	com.google.gson.internal.$Gson$Types	supertypeOf(java.lang.reflect.Type)	0	1	[false]	false	public	true	file:///tmp/projects/gson/gson/src/main/java/com/google/gson/internal/$Gson$Types.java
789	com.google.gson.internal.$Gson$Types	canonicalize(java.lang.reflect.Type)	0	1	[false]	false	public	true	file:///tmp/projects/gson/gson/src/main/java/com/google/gson/internal/$Gson$Types.java
790	com.google.gson.internal.$Gson$Types	getRawType(java.lang.reflect.Type)	0	1	[false]	false	public	true	file:///tmp/projects/gson/gson/src/main/java/com/google/gson/internal/$Gson$Types.java
791	com.google.gson.internal.$Gson$Types	equal(java.lang.Object,java.lang.Object)	0	2	[false, false]	false	package	false	file:///tmp/projects/gson/gson/src/main/java/com/google/gson/internal/$Gson$Types.java
792	com.google.gson.internal.$Gson$Types	equals(java.lang.reflect.Type,java.lang.reflect.Type)	0	2	[false, false]	false	public	false	file:///tmp/projects/gson/gson/src/main/java/com/google/gson/internal/$Gson$Types.java
793	com.google.gson.internal.$Gson$Types	hashCodeOrZero(java.lang.Object)	0	1	[false]	false	package	false	file:///tmp/projects/gson/gson/src/main/java/com/google/gson/internal/$Gson$Types.java
794	com.google.gson.internal.$Gson$Types	typeToString(java.lang.reflect.Type)	0	1	[false]	false	public	true	file:///tmp/projects/gson/gson/src/main/java/com/google/gson/internal/$Gson$Types.java
795	com.google.gson.internal.$Gson$Types	getGenericSupertype(java.lang.reflect.Type,java.lang.Class<?>,java.lang.Class<?>)	0	3	[false, false, false]	false	package	true	file:///tmp/projects/gson/gson/src/main/java/com/google/gson/internal/$Gson$Types.java
796	com.google.gson.internal.$Gson$Types	getSupertype(java.lang.reflect.Type,java.lang.Class<?>,java.lang.Class<?>)	0	3	[false, false, false]	false	package	true	file:///tmp/projects/gson/gson/src/main/java/com/google/gson/internal/$Gson$Types.java
797	com.google.gson.internal.$Gson$Types	getArrayComponentType(java.lang.reflect.Type)	0	1	[false]	false	public	true	file:///tmp/projects/gson/gson/src/main/java/com/google/gson/internal/$Gson$Types.java
798	com.google.gson.internal.$Gson$Types	getCollectionElementType(java.lang.reflect.Type,java.lang.Class<?>)	0	2	[false, false]	false	public	true	file:///tmp/projects/gson/gson/src/main/java/com/google/gson/internal/$Gson$Types.java
799	com.google.gson.internal.$Gson$Types	getMapKeyAndValueTypes(java.lang.reflect.Type,java.lang.Class<?>)	0	2	[false, false]	false	public	true	file:///tmp/projects/gson/gson/src/main/java/com/google/gson/internal/$Gson$Types.java
800	com.google.gson.internal.$Gson$Types	resolve(java.lang.reflect.Type,java.lang.Class<?>,java.lang.reflect.Type)	0	3	[false, false, false]	false	public	true	file:///tmp/projects/gson/gson/src/main/java/com/google/gson/internal/$Gson$Types.java
801	com.google.gson.internal.$Gson$Types	resolve(java.lang.reflect.Type,java.lang.Class<?>,java.lang.reflect.Type,java.util.Collection<java.lang.reflect.TypeVariable>)	0	4	[false, false, false, false]	false	private	true	file:///tmp/projects/gson/gson/src/main/java/com/google/gson/internal/$Gson$Types.java
802	com.google.gson.internal.$Gson$Types	resolveTypeVariable(java.lang.reflect.Type,java.lang.Class<?>,java.lang.reflect.TypeVariable<?>)	0	3	[false, false, false]	false	package	true	file:///tmp/projects/gson/gson/src/main/java/com/google/gson/internal/$Gson$Types.java
803	com.google.gson.internal.$Gson$Types	indexOf(java.lang.Object[],java.lang.Object)	0	2	[false, false]	false	private	false	file:///tmp/projects/gson/gson/src/main/java/com/google/gson/internal/$Gson$Types.java
804	com.google.gson.internal.$Gson$Types	declaringClassOf(java.lang.reflect.TypeVariable<?>)	0	1	[false]	false	private	true	file:///tmp/projects/gson/gson/src/main/java/com/google/gson/internal/$Gson$Types.java
805	com.google.gson.internal.$Gson$Types	checkNotPrimitive(java.lang.reflect.Type)	0	1	[false]	false	package	false	file:///tmp/projects/gson/gson/src/main/java/com/google/gson/internal/$Gson$Types.java
806	com.google.gson.internal.$Gson$Types$ParameterizedTypeImpl	ParameterizedTypeImpl(java.lang.reflect.Type,java.lang.reflect.Type,java.lang.reflect.Type...)	0	3	[false, false, false]	false	public	false	file:///tmp/projects/gson/gson/src/main/java/com/google/gson/internal/$Gson$Types.java
807	com.google.gson.internal.$Gson$Types$ParameterizedTypeImpl	getActualTypeArguments()	808	0	[]	false	public	true	file:///tmp/projects/gson/gson/src/main/java/com/google/gson/internal/$Gson$Types.java
809	com.google.gson.internal.$Gson$Types$ParameterizedTypeImpl	getRawType()	810	0	[]	false	public	true	file:///tmp/projects/gson/gson/src/main/java/com/google/gson/internal/$Gson$Types.java
811	com.google.gson.internal.$Gson$Types$ParameterizedTypeImpl	getOwnerType()	812	0	[]	false	public	true	file:///tmp/projects/gson/gson/src/main/java/com/google/gson/internal/$Gson$Types.java
813	com.google.gson.internal.$Gson$Types$ParameterizedTypeImpl	equals(java.lang.Object)	19	1	[false]	false	public	false	file:///tmp/projects/gson/gson/src/main/java/com/google/gson/internal/$Gson$Types.java
814	com.google.gson.internal.$Gson$Types$ParameterizedTypeImpl	hashCode()	21	0	[]	false	public	false	file:///tmp/projects/gson/gson/src/main/java/com/google/gson/internal/$Gson$Types.java
815	com.google.gson.internal.$Gson$Types$ParameterizedTypeImpl	toString()	43	0	[]	false	public	true	file:///tmp/projects/gson/gson/src/main/java/com/google/gson/internal/$Gson$Types.java
816	com.google.gson.internal.$Gson$Types$GenericArrayTypeImpl	GenericArrayTypeImpl(java.lang.reflect.Type)	0	1	[false]	false	public	false	file:///tmp/projects/gson/gson/src/main/java/com/google/gson/internal/$Gson$Types.java
817	com.google.gson.internal.$Gson$Types$GenericArrayTypeImpl	getGenericComponentType()	818	0	[]	false	public	true	file:///tmp/projects/gson/gson/src/main/java/com/google/gson/internal/$Gson$Types.java
819	com.google.gson.internal.$Gson$Types$GenericArrayTypeImpl	equals(java.lang.Object)	19	1	[false]	false	public	false	file:///tmp/projects/gson/gson/src/main/java/com/google/gson/internal/$Gson$Types.java
820	com.google.gson.internal.$Gson$Types$GenericArrayTypeImpl	hashCode()	21	0	[]	false	public	false	file:///tmp/projects/gson/gson/src/main/java/com/google/gson/internal/$Gson$Types.java
821	com.google.gson.internal.$Gson$Types$GenericArrayTypeImpl	toString()	43	0	[]	false	public	true	file:///tmp/projects/gson/gson/src/main/java/com/google/gson/internal/$Gson$Types.java
822	com.google.gson.internal.$Gson$Types$WildcardTypeImpl	WildcardTypeImpl(java.lang.reflect.Type[],java.lang.reflect.Type[])	0	2	[false, false]	false	public	false	file:///tmp/projects/gson/gson/src/main/java/com/google/gson/internal/$Gson$Types.java
823	com.google.gson.internal.$Gson$Types$WildcardTypeImpl	getUpperBounds()	824	0	[]	false	public	true	file:///tmp/projects/gson/gson/src/main/java/com/google/gson/internal/$Gson$Types.java
825	com.google.gson.internal.$Gson$Types$WildcardTypeImpl	getLowerBounds()	826	0	[]	false	public	true	file:///tmp/projects/gson/gson/src/main/java/com/google/gson/internal/$Gson$Types.java
827	com.google.gson.internal.$Gson$Types$WildcardTypeImpl	equals(java.lang.Object)	19	1	[false]	false	public	false	file:///tmp/projects/gson/gson/src/main/java/com/google/gson/internal/$Gson$Types.java
828	com.google.gson.internal.$Gson$Types$WildcardTypeImpl	hashCode()	21	0	[]	false	public	false	file:///tmp/projects/gson/gson/src/main/java/com/google/gson/internal/$Gson$Types.java
829	com.google.gson.internal.$Gson$Types$WildcardTypeImpl	toString()	43	0	[]	false	public	true	file:///tmp/projects/gson/gson/src/main/java/com/google/gson/internal/$Gson$Types.java
830	com.google.gson.JsonStreamParser	JsonStreamParser(java.lang.String)	0	1	[false]	false	public	false	file:///tmp/projects/gson/gson/src/main/java/com/google/gson/JsonStreamParser.java
831	com.google.gson.JsonStreamParser	JsonStreamParser(java.io.Reader)	0	1	[false]	false	public	false	file:///tmp/projects/gson/gson/src/main/java/com/google/gson/JsonStreamParser.java
832	com.google.gson.JsonStreamParser	next()	100	0	[]	false	public	true	file:///tmp/projects/gson/gson/src/main/java/com/google/gson/JsonStreamParser.java
833	com.google.gson.JsonStreamParser	hasNext()	91	0	[]	false	public	false	file:///tmp/projects/gson/gson/src/main/java/com/google/gson/JsonStreamParser.java
834	com.google.gson.JsonStreamParser	remove()	94	0	[]	false	public	false	file:///tmp/projects/gson/gson/src/main/java/com/google/gson/JsonStreamParser.java
835	com.google.gson.annotations.SerializedName	value()	0	0	[]	false	public	true	file:///tmp/projects/gson/gson/src/main/java/com/google/gson/annotations/SerializedName.java
836	com.google.gson.annotations.SerializedName	alternate()	0	0	[]	false	public	true	file:///tmp/projects/gson/gson/src/main/java/com/google/gson/annotations/SerializedName.java
837	com.google.gson.annotations.Expose	serialize()	0	0	[]	false	public	false	file:///tmp/projects/gson/gson/src/main/java/com/google/gson/annotations/Expose.java
838	com.google.gson.annotations.Expose	deserialize()	0	0	[]	false	public	false	file:///tmp/projects/gson/gson/src/main/java/com/google/gson/annotations/Expose.java
839	com.google.gson.stream.MalformedJsonException	MalformedJsonException(java.lang.String)	0	1	[false]	false	public	false	file:///tmp/projects/gson/gson/src/main/java/com/google/gson/stream/MalformedJsonException.java
840	com.google.gson.stream.MalformedJsonException	MalformedJsonException(java.lang.String,java.lang.Throwable)	0	2	[false, false]	false	public	false	file:///tmp/projects/gson/gson/src/main/java/com/google/gson/stream/MalformedJsonException.java
841	com.google.gson.stream.MalformedJsonException	MalformedJsonException(java.lang.Throwable)	0	1	[false]	false	public	false	file:///tmp/projects/gson/gson/src/main/java/com/google/gson/stream/MalformedJsonException.java
