REGION_CLASS	REGION_MEMBER	USED_MEMBER	USED_CLASS	SOURCE_TYPE
<<<<<<< HEAD
=======
com.google.gson.Gson	NULL_KEY_SURROGATE	<T>get(java.lang.Class<T>)	com.google.gson.reflect.TypeToken	SOURCE
com.google.gson.Gson	calls	ThreadLocal()	java.lang.ThreadLocal	SOURCE
com.google.gson.Gson	typeTokenCache	ConcurrentHashMap()	java.util.concurrent.ConcurrentHashMap	SOURCE
com.google.gson.Gson	Gson()	Gson(com.google.gson.internal.Excluder,com.google.gson.FieldNamingStrategy,java.util.Map<java.lang.reflect.Type,com.google.gson.InstanceCreator<?>>,boolean,boolean,boolean,boolean,boolean,boolean,boolean,com.google.gson.LongSerializationPolicy,java.lang.String,int,int,java.util.List<com.google.gson.TypeAdapterFactory>,java.util.List<com.google.gson.TypeAdapterFactory>,java.util.List<com.google.gson.TypeAdapterFactory>)	com.google.gson.Gson	SOURCE
com.google.gson.Gson	Gson()	<K,V>emptyMap()	java.util.Collections	SOURCE
com.google.gson.Gson	Gson()	<T>emptyList()	java.util.Collections	SOURCE
com.google.gson.Gson	Gson()	<T>emptyList()	java.util.Collections	SOURCE
com.google.gson.Gson	Gson()	<T>emptyList()	java.util.Collections	SOURCE
com.google.gson.Gson	Gson(com.google.gson.internal.Excluder,com.google.gson.FieldNamingStrategy,java.util.Map<java.lang.reflect.Type,com.google.gson.InstanceCreator<?>>,boolean,boolean,boolean,boolean,boolean,boolean,boolean,com.google.gson.LongSerializationPolicy,java.lang.String,int,int,java.util.List<com.google.gson.TypeAdapterFactory>,java.util.List<com.google.gson.TypeAdapterFactory>,java.util.List<com.google.gson.TypeAdapterFactory>)	Object()	java.lang.Object	SOURCE
com.google.gson.Gson	Gson(com.google.gson.internal.Excluder,com.google.gson.FieldNamingStrategy,java.util.Map<java.lang.reflect.Type,com.google.gson.InstanceCreator<?>>,boolean,boolean,boolean,boolean,boolean,boolean,boolean,com.google.gson.LongSerializationPolicy,java.lang.String,int,int,java.util.List<com.google.gson.TypeAdapterFactory>,java.util.List<com.google.gson.TypeAdapterFactory>,java.util.List<com.google.gson.TypeAdapterFactory>)	ConstructorConstructor(java.util.Map<java.lang.reflect.Type,com.google.gson.InstanceCreator<?>>)	com.google.gson.internal.ConstructorConstructor	SOURCE
com.google.gson.Gson	Gson(com.google.gson.internal.Excluder,com.google.gson.FieldNamingStrategy,java.util.Map<java.lang.reflect.Type,com.google.gson.InstanceCreator<?>>,boolean,boolean,boolean,boolean,boolean,boolean,boolean,com.google.gson.LongSerializationPolicy,java.lang.String,int,int,java.util.List<com.google.gson.TypeAdapterFactory>,java.util.List<com.google.gson.TypeAdapterFactory>,java.util.List<com.google.gson.TypeAdapterFactory>)	ArrayList()	java.util.ArrayList	SOURCE
com.google.gson.Gson	Gson(com.google.gson.internal.Excluder,com.google.gson.FieldNamingStrategy,java.util.Map<java.lang.reflect.Type,com.google.gson.InstanceCreator<?>>,boolean,boolean,boolean,boolean,boolean,boolean,boolean,com.google.gson.LongSerializationPolicy,java.lang.String,int,int,java.util.List<com.google.gson.TypeAdapterFactory>,java.util.List<com.google.gson.TypeAdapterFactory>,java.util.List<com.google.gson.TypeAdapterFactory>)	add(E)	java.util.List	SOURCE
com.google.gson.Gson	Gson(com.google.gson.internal.Excluder,com.google.gson.FieldNamingStrategy,java.util.Map<java.lang.reflect.Type,com.google.gson.InstanceCreator<?>>,boolean,boolean,boolean,boolean,boolean,boolean,boolean,com.google.gson.LongSerializationPolicy,java.lang.String,int,int,java.util.List<com.google.gson.TypeAdapterFactory>,java.util.List<com.google.gson.TypeAdapterFactory>,java.util.List<com.google.gson.TypeAdapterFactory>)	add(E)	java.util.List	SOURCE
com.google.gson.Gson	Gson(com.google.gson.internal.Excluder,com.google.gson.FieldNamingStrategy,java.util.Map<java.lang.reflect.Type,com.google.gson.InstanceCreator<?>>,boolean,boolean,boolean,boolean,boolean,boolean,boolean,com.google.gson.LongSerializationPolicy,java.lang.String,int,int,java.util.List<com.google.gson.TypeAdapterFactory>,java.util.List<com.google.gson.TypeAdapterFactory>,java.util.List<com.google.gson.TypeAdapterFactory>)	add(E)	java.util.List	SOURCE
com.google.gson.Gson	Gson(com.google.gson.internal.Excluder,com.google.gson.FieldNamingStrategy,java.util.Map<java.lang.reflect.Type,com.google.gson.InstanceCreator<?>>,boolean,boolean,boolean,boolean,boolean,boolean,boolean,com.google.gson.LongSerializationPolicy,java.lang.String,int,int,java.util.List<com.google.gson.TypeAdapterFactory>,java.util.List<com.google.gson.TypeAdapterFactory>,java.util.List<com.google.gson.TypeAdapterFactory>)	addAll(java.util.Collection<? extends E>)	java.util.List	SOURCE
com.google.gson.Gson	Gson(com.google.gson.internal.Excluder,com.google.gson.FieldNamingStrategy,java.util.Map<java.lang.reflect.Type,com.google.gson.InstanceCreator<?>>,boolean,boolean,boolean,boolean,boolean,boolean,boolean,com.google.gson.LongSerializationPolicy,java.lang.String,int,int,java.util.List<com.google.gson.TypeAdapterFactory>,java.util.List<com.google.gson.TypeAdapterFactory>,java.util.List<com.google.gson.TypeAdapterFactory>)	add(E)	java.util.List	SOURCE
com.google.gson.Gson	Gson(com.google.gson.internal.Excluder,com.google.gson.FieldNamingStrategy,java.util.Map<java.lang.reflect.Type,com.google.gson.InstanceCreator<?>>,boolean,boolean,boolean,boolean,boolean,boolean,boolean,com.google.gson.LongSerializationPolicy,java.lang.String,int,int,java.util.List<com.google.gson.TypeAdapterFactory>,java.util.List<com.google.gson.TypeAdapterFactory>,java.util.List<com.google.gson.TypeAdapterFactory>)	add(E)	java.util.List	SOURCE
com.google.gson.Gson	Gson(com.google.gson.internal.Excluder,com.google.gson.FieldNamingStrategy,java.util.Map<java.lang.reflect.Type,com.google.gson.InstanceCreator<?>>,boolean,boolean,boolean,boolean,boolean,boolean,boolean,com.google.gson.LongSerializationPolicy,java.lang.String,int,int,java.util.List<com.google.gson.TypeAdapterFactory>,java.util.List<com.google.gson.TypeAdapterFactory>,java.util.List<com.google.gson.TypeAdapterFactory>)	add(E)	java.util.List	SOURCE
com.google.gson.Gson	Gson(com.google.gson.internal.Excluder,com.google.gson.FieldNamingStrategy,java.util.Map<java.lang.reflect.Type,com.google.gson.InstanceCreator<?>>,boolean,boolean,boolean,boolean,boolean,boolean,boolean,com.google.gson.LongSerializationPolicy,java.lang.String,int,int,java.util.List<com.google.gson.TypeAdapterFactory>,java.util.List<com.google.gson.TypeAdapterFactory>,java.util.List<com.google.gson.TypeAdapterFactory>)	add(E)	java.util.List	SOURCE
com.google.gson.Gson	Gson(com.google.gson.internal.Excluder,com.google.gson.FieldNamingStrategy,java.util.Map<java.lang.reflect.Type,com.google.gson.InstanceCreator<?>>,boolean,boolean,boolean,boolean,boolean,boolean,boolean,com.google.gson.LongSerializationPolicy,java.lang.String,int,int,java.util.List<com.google.gson.TypeAdapterFactory>,java.util.List<com.google.gson.TypeAdapterFactory>,java.util.List<com.google.gson.TypeAdapterFactory>)	add(E)	java.util.List	SOURCE
com.google.gson.Gson	Gson(com.google.gson.internal.Excluder,com.google.gson.FieldNamingStrategy,java.util.Map<java.lang.reflect.Type,com.google.gson.InstanceCreator<?>>,boolean,boolean,boolean,boolean,boolean,boolean,boolean,com.google.gson.LongSerializationPolicy,java.lang.String,int,int,java.util.List<com.google.gson.TypeAdapterFactory>,java.util.List<com.google.gson.TypeAdapterFactory>,java.util.List<com.google.gson.TypeAdapterFactory>)	longAdapter(com.google.gson.LongSerializationPolicy)	com.google.gson.Gson	SOURCE
com.google.gson.Gson	Gson(com.google.gson.internal.Excluder,com.google.gson.FieldNamingStrategy,java.util.Map<java.lang.reflect.Type,com.google.gson.InstanceCreator<?>>,boolean,boolean,boolean,boolean,boolean,boolean,boolean,com.google.gson.LongSerializationPolicy,java.lang.String,int,int,java.util.List<com.google.gson.TypeAdapterFactory>,java.util.List<com.google.gson.TypeAdapterFactory>,java.util.List<com.google.gson.TypeAdapterFactory>)	add(E)	java.util.List	SOURCE
com.google.gson.Gson	Gson(com.google.gson.internal.Excluder,com.google.gson.FieldNamingStrategy,java.util.Map<java.lang.reflect.Type,com.google.gson.InstanceCreator<?>>,boolean,boolean,boolean,boolean,boolean,boolean,boolean,com.google.gson.LongSerializationPolicy,java.lang.String,int,int,java.util.List<com.google.gson.TypeAdapterFactory>,java.util.List<com.google.gson.TypeAdapterFactory>,java.util.List<com.google.gson.TypeAdapterFactory>)	<TT>newFactory(java.lang.Class<TT>,java.lang.Class<TT>,com.google.gson.TypeAdapter<? super TT>)	com.google.gson.internal.bind.TypeAdapters	SOURCE
com.google.gson.Gson	Gson(com.google.gson.internal.Excluder,com.google.gson.FieldNamingStrategy,java.util.Map<java.lang.reflect.Type,com.google.gson.InstanceCreator<?>>,boolean,boolean,boolean,boolean,boolean,boolean,boolean,com.google.gson.LongSerializationPolicy,java.lang.String,int,int,java.util.List<com.google.gson.TypeAdapterFactory>,java.util.List<com.google.gson.TypeAdapterFactory>,java.util.List<com.google.gson.TypeAdapterFactory>)	add(E)	java.util.List	SOURCE
com.google.gson.Gson	Gson(com.google.gson.internal.Excluder,com.google.gson.FieldNamingStrategy,java.util.Map<java.lang.reflect.Type,com.google.gson.InstanceCreator<?>>,boolean,boolean,boolean,boolean,boolean,boolean,boolean,com.google.gson.LongSerializationPolicy,java.lang.String,int,int,java.util.List<com.google.gson.TypeAdapterFactory>,java.util.List<com.google.gson.TypeAdapterFactory>,java.util.List<com.google.gson.TypeAdapterFactory>)	<TT>newFactory(java.lang.Class<TT>,java.lang.Class<TT>,com.google.gson.TypeAdapter<? super TT>)	com.google.gson.internal.bind.TypeAdapters	SOURCE
com.google.gson.Gson	Gson(com.google.gson.internal.Excluder,com.google.gson.FieldNamingStrategy,java.util.Map<java.lang.reflect.Type,com.google.gson.InstanceCreator<?>>,boolean,boolean,boolean,boolean,boolean,boolean,boolean,com.google.gson.LongSerializationPolicy,java.lang.String,int,int,java.util.List<com.google.gson.TypeAdapterFactory>,java.util.List<com.google.gson.TypeAdapterFactory>,java.util.List<com.google.gson.TypeAdapterFactory>)	doubleAdapter(boolean)	com.google.gson.Gson	SOURCE
com.google.gson.Gson	Gson(com.google.gson.internal.Excluder,com.google.gson.FieldNamingStrategy,java.util.Map<java.lang.reflect.Type,com.google.gson.InstanceCreator<?>>,boolean,boolean,boolean,boolean,boolean,boolean,boolean,com.google.gson.LongSerializationPolicy,java.lang.String,int,int,java.util.List<com.google.gson.TypeAdapterFactory>,java.util.List<com.google.gson.TypeAdapterFactory>,java.util.List<com.google.gson.TypeAdapterFactory>)	add(E)	java.util.List	SOURCE
com.google.gson.Gson	Gson(com.google.gson.internal.Excluder,com.google.gson.FieldNamingStrategy,java.util.Map<java.lang.reflect.Type,com.google.gson.InstanceCreator<?>>,boolean,boolean,boolean,boolean,boolean,boolean,boolean,com.google.gson.LongSerializationPolicy,java.lang.String,int,int,java.util.List<com.google.gson.TypeAdapterFactory>,java.util.List<com.google.gson.TypeAdapterFactory>,java.util.List<com.google.gson.TypeAdapterFactory>)	<TT>newFactory(java.lang.Class<TT>,java.lang.Class<TT>,com.google.gson.TypeAdapter<? super TT>)	com.google.gson.internal.bind.TypeAdapters	SOURCE
com.google.gson.Gson	Gson(com.google.gson.internal.Excluder,com.google.gson.FieldNamingStrategy,java.util.Map<java.lang.reflect.Type,com.google.gson.InstanceCreator<?>>,boolean,boolean,boolean,boolean,boolean,boolean,boolean,com.google.gson.LongSerializationPolicy,java.lang.String,int,int,java.util.List<com.google.gson.TypeAdapterFactory>,java.util.List<com.google.gson.TypeAdapterFactory>,java.util.List<com.google.gson.TypeAdapterFactory>)	floatAdapter(boolean)	com.google.gson.Gson	SOURCE
com.google.gson.Gson	Gson(com.google.gson.internal.Excluder,com.google.gson.FieldNamingStrategy,java.util.Map<java.lang.reflect.Type,com.google.gson.InstanceCreator<?>>,boolean,boolean,boolean,boolean,boolean,boolean,boolean,com.google.gson.LongSerializationPolicy,java.lang.String,int,int,java.util.List<com.google.gson.TypeAdapterFactory>,java.util.List<com.google.gson.TypeAdapterFactory>,java.util.List<com.google.gson.TypeAdapterFactory>)	add(E)	java.util.List	SOURCE
com.google.gson.Gson	Gson(com.google.gson.internal.Excluder,com.google.gson.FieldNamingStrategy,java.util.Map<java.lang.reflect.Type,com.google.gson.InstanceCreator<?>>,boolean,boolean,boolean,boolean,boolean,boolean,boolean,com.google.gson.LongSerializationPolicy,java.lang.String,int,int,java.util.List<com.google.gson.TypeAdapterFactory>,java.util.List<com.google.gson.TypeAdapterFactory>,java.util.List<com.google.gson.TypeAdapterFactory>)	add(E)	java.util.List	SOURCE
com.google.gson.Gson	Gson(com.google.gson.internal.Excluder,com.google.gson.FieldNamingStrategy,java.util.Map<java.lang.reflect.Type,com.google.gson.InstanceCreator<?>>,boolean,boolean,boolean,boolean,boolean,boolean,boolean,com.google.gson.LongSerializationPolicy,java.lang.String,int,int,java.util.List<com.google.gson.TypeAdapterFactory>,java.util.List<com.google.gson.TypeAdapterFactory>,java.util.List<com.google.gson.TypeAdapterFactory>)	add(E)	java.util.List	SOURCE
com.google.gson.Gson	Gson(com.google.gson.internal.Excluder,com.google.gson.FieldNamingStrategy,java.util.Map<java.lang.reflect.Type,com.google.gson.InstanceCreator<?>>,boolean,boolean,boolean,boolean,boolean,boolean,boolean,com.google.gson.LongSerializationPolicy,java.lang.String,int,int,java.util.List<com.google.gson.TypeAdapterFactory>,java.util.List<com.google.gson.TypeAdapterFactory>,java.util.List<com.google.gson.TypeAdapterFactory>)	add(E)	java.util.List	SOURCE
com.google.gson.Gson	Gson(com.google.gson.internal.Excluder,com.google.gson.FieldNamingStrategy,java.util.Map<java.lang.reflect.Type,com.google.gson.InstanceCreator<?>>,boolean,boolean,boolean,boolean,boolean,boolean,boolean,com.google.gson.LongSerializationPolicy,java.lang.String,int,int,java.util.List<com.google.gson.TypeAdapterFactory>,java.util.List<com.google.gson.TypeAdapterFactory>,java.util.List<com.google.gson.TypeAdapterFactory>)	<TT>newFactory(java.lang.Class<TT>,com.google.gson.TypeAdapter<TT>)	com.google.gson.internal.bind.TypeAdapters	SOURCE
com.google.gson.Gson	Gson(com.google.gson.internal.Excluder,com.google.gson.FieldNamingStrategy,java.util.Map<java.lang.reflect.Type,com.google.gson.InstanceCreator<?>>,boolean,boolean,boolean,boolean,boolean,boolean,boolean,com.google.gson.LongSerializationPolicy,java.lang.String,int,int,java.util.List<com.google.gson.TypeAdapterFactory>,java.util.List<com.google.gson.TypeAdapterFactory>,java.util.List<com.google.gson.TypeAdapterFactory>)	atomicLongAdapter(com.google.gson.TypeAdapter<java.lang.Number>)	com.google.gson.Gson	SOURCE
com.google.gson.Gson	Gson(com.google.gson.internal.Excluder,com.google.gson.FieldNamingStrategy,java.util.Map<java.lang.reflect.Type,com.google.gson.InstanceCreator<?>>,boolean,boolean,boolean,boolean,boolean,boolean,boolean,com.google.gson.LongSerializationPolicy,java.lang.String,int,int,java.util.List<com.google.gson.TypeAdapterFactory>,java.util.List<com.google.gson.TypeAdapterFactory>,java.util.List<com.google.gson.TypeAdapterFactory>)	add(E)	java.util.List	SOURCE
com.google.gson.Gson	Gson(com.google.gson.internal.Excluder,com.google.gson.FieldNamingStrategy,java.util.Map<java.lang.reflect.Type,com.google.gson.InstanceCreator<?>>,boolean,boolean,boolean,boolean,boolean,boolean,boolean,com.google.gson.LongSerializationPolicy,java.lang.String,int,int,java.util.List<com.google.gson.TypeAdapterFactory>,java.util.List<com.google.gson.TypeAdapterFactory>,java.util.List<com.google.gson.TypeAdapterFactory>)	<TT>newFactory(java.lang.Class<TT>,com.google.gson.TypeAdapter<TT>)	com.google.gson.internal.bind.TypeAdapters	SOURCE
com.google.gson.Gson	Gson(com.google.gson.internal.Excluder,com.google.gson.FieldNamingStrategy,java.util.Map<java.lang.reflect.Type,com.google.gson.InstanceCreator<?>>,boolean,boolean,boolean,boolean,boolean,boolean,boolean,com.google.gson.LongSerializationPolicy,java.lang.String,int,int,java.util.List<com.google.gson.TypeAdapterFactory>,java.util.List<com.google.gson.TypeAdapterFactory>,java.util.List<com.google.gson.TypeAdapterFactory>)	atomicLongArrayAdapter(com.google.gson.TypeAdapter<java.lang.Number>)	com.google.gson.Gson	SOURCE
com.google.gson.Gson	Gson(com.google.gson.internal.Excluder,com.google.gson.FieldNamingStrategy,java.util.Map<java.lang.reflect.Type,com.google.gson.InstanceCreator<?>>,boolean,boolean,boolean,boolean,boolean,boolean,boolean,com.google.gson.LongSerializationPolicy,java.lang.String,int,int,java.util.List<com.google.gson.TypeAdapterFactory>,java.util.List<com.google.gson.TypeAdapterFactory>,java.util.List<com.google.gson.TypeAdapterFactory>)	add(E)	java.util.List	SOURCE
com.google.gson.Gson	Gson(com.google.gson.internal.Excluder,com.google.gson.FieldNamingStrategy,java.util.Map<java.lang.reflect.Type,com.google.gson.InstanceCreator<?>>,boolean,boolean,boolean,boolean,boolean,boolean,boolean,com.google.gson.LongSerializationPolicy,java.lang.String,int,int,java.util.List<com.google.gson.TypeAdapterFactory>,java.util.List<com.google.gson.TypeAdapterFactory>,java.util.List<com.google.gson.TypeAdapterFactory>)	add(E)	java.util.List	SOURCE
com.google.gson.Gson	Gson(com.google.gson.internal.Excluder,com.google.gson.FieldNamingStrategy,java.util.Map<java.lang.reflect.Type,com.google.gson.InstanceCreator<?>>,boolean,boolean,boolean,boolean,boolean,boolean,boolean,com.google.gson.LongSerializationPolicy,java.lang.String,int,int,java.util.List<com.google.gson.TypeAdapterFactory>,java.util.List<com.google.gson.TypeAdapterFactory>,java.util.List<com.google.gson.TypeAdapterFactory>)	add(E)	java.util.List	SOURCE
com.google.gson.Gson	Gson(com.google.gson.internal.Excluder,com.google.gson.FieldNamingStrategy,java.util.Map<java.lang.reflect.Type,com.google.gson.InstanceCreator<?>>,boolean,boolean,boolean,boolean,boolean,boolean,boolean,com.google.gson.LongSerializationPolicy,java.lang.String,int,int,java.util.List<com.google.gson.TypeAdapterFactory>,java.util.List<com.google.gson.TypeAdapterFactory>,java.util.List<com.google.gson.TypeAdapterFactory>)	add(E)	java.util.List	SOURCE
com.google.gson.Gson	Gson(com.google.gson.internal.Excluder,com.google.gson.FieldNamingStrategy,java.util.Map<java.lang.reflect.Type,com.google.gson.InstanceCreator<?>>,boolean,boolean,boolean,boolean,boolean,boolean,boolean,com.google.gson.LongSerializationPolicy,java.lang.String,int,int,java.util.List<com.google.gson.TypeAdapterFactory>,java.util.List<com.google.gson.TypeAdapterFactory>,java.util.List<com.google.gson.TypeAdapterFactory>)	add(E)	java.util.List	SOURCE
com.google.gson.Gson	Gson(com.google.gson.internal.Excluder,com.google.gson.FieldNamingStrategy,java.util.Map<java.lang.reflect.Type,com.google.gson.InstanceCreator<?>>,boolean,boolean,boolean,boolean,boolean,boolean,boolean,com.google.gson.LongSerializationPolicy,java.lang.String,int,int,java.util.List<com.google.gson.TypeAdapterFactory>,java.util.List<com.google.gson.TypeAdapterFactory>,java.util.List<com.google.gson.TypeAdapterFactory>)	<TT>newFactory(java.lang.Class<TT>,com.google.gson.TypeAdapter<TT>)	com.google.gson.internal.bind.TypeAdapters	SOURCE
com.google.gson.Gson	Gson(com.google.gson.internal.Excluder,com.google.gson.FieldNamingStrategy,java.util.Map<java.lang.reflect.Type,com.google.gson.InstanceCreator<?>>,boolean,boolean,boolean,boolean,boolean,boolean,boolean,com.google.gson.LongSerializationPolicy,java.lang.String,int,int,java.util.List<com.google.gson.TypeAdapterFactory>,java.util.List<com.google.gson.TypeAdapterFactory>,java.util.List<com.google.gson.TypeAdapterFactory>)	add(E)	java.util.List	SOURCE
com.google.gson.Gson	Gson(com.google.gson.internal.Excluder,com.google.gson.FieldNamingStrategy,java.util.Map<java.lang.reflect.Type,com.google.gson.InstanceCreator<?>>,boolean,boolean,boolean,boolean,boolean,boolean,boolean,com.google.gson.LongSerializationPolicy,java.lang.String,int,int,java.util.List<com.google.gson.TypeAdapterFactory>,java.util.List<com.google.gson.TypeAdapterFactory>,java.util.List<com.google.gson.TypeAdapterFactory>)	<TT>newFactory(java.lang.Class<TT>,com.google.gson.TypeAdapter<TT>)	com.google.gson.internal.bind.TypeAdapters	SOURCE
com.google.gson.Gson	Gson(com.google.gson.internal.Excluder,com.google.gson.FieldNamingStrategy,java.util.Map<java.lang.reflect.Type,com.google.gson.InstanceCreator<?>>,boolean,boolean,boolean,boolean,boolean,boolean,boolean,com.google.gson.LongSerializationPolicy,java.lang.String,int,int,java.util.List<com.google.gson.TypeAdapterFactory>,java.util.List<com.google.gson.TypeAdapterFactory>,java.util.List<com.google.gson.TypeAdapterFactory>)	add(E)	java.util.List	SOURCE
com.google.gson.Gson	Gson(com.google.gson.internal.Excluder,com.google.gson.FieldNamingStrategy,java.util.Map<java.lang.reflect.Type,com.google.gson.InstanceCreator<?>>,boolean,boolean,boolean,boolean,boolean,boolean,boolean,com.google.gson.LongSerializationPolicy,java.lang.String,int,int,java.util.List<com.google.gson.TypeAdapterFactory>,java.util.List<com.google.gson.TypeAdapterFactory>,java.util.List<com.google.gson.TypeAdapterFactory>)	add(E)	java.util.List	SOURCE
com.google.gson.Gson	Gson(com.google.gson.internal.Excluder,com.google.gson.FieldNamingStrategy,java.util.Map<java.lang.reflect.Type,com.google.gson.InstanceCreator<?>>,boolean,boolean,boolean,boolean,boolean,boolean,boolean,com.google.gson.LongSerializationPolicy,java.lang.String,int,int,java.util.List<com.google.gson.TypeAdapterFactory>,java.util.List<com.google.gson.TypeAdapterFactory>,java.util.List<com.google.gson.TypeAdapterFactory>)	add(E)	java.util.List	SOURCE
com.google.gson.Gson	Gson(com.google.gson.internal.Excluder,com.google.gson.FieldNamingStrategy,java.util.Map<java.lang.reflect.Type,com.google.gson.InstanceCreator<?>>,boolean,boolean,boolean,boolean,boolean,boolean,boolean,com.google.gson.LongSerializationPolicy,java.lang.String,int,int,java.util.List<com.google.gson.TypeAdapterFactory>,java.util.List<com.google.gson.TypeAdapterFactory>,java.util.List<com.google.gson.TypeAdapterFactory>)	add(E)	java.util.List	SOURCE
com.google.gson.Gson	Gson(com.google.gson.internal.Excluder,com.google.gson.FieldNamingStrategy,java.util.Map<java.lang.reflect.Type,com.google.gson.InstanceCreator<?>>,boolean,boolean,boolean,boolean,boolean,boolean,boolean,com.google.gson.LongSerializationPolicy,java.lang.String,int,int,java.util.List<com.google.gson.TypeAdapterFactory>,java.util.List<com.google.gson.TypeAdapterFactory>,java.util.List<com.google.gson.TypeAdapterFactory>)	add(E)	java.util.List	SOURCE
com.google.gson.Gson	Gson(com.google.gson.internal.Excluder,com.google.gson.FieldNamingStrategy,java.util.Map<java.lang.reflect.Type,com.google.gson.InstanceCreator<?>>,boolean,boolean,boolean,boolean,boolean,boolean,boolean,com.google.gson.LongSerializationPolicy,java.lang.String,int,int,java.util.List<com.google.gson.TypeAdapterFactory>,java.util.List<com.google.gson.TypeAdapterFactory>,java.util.List<com.google.gson.TypeAdapterFactory>)	add(E)	java.util.List	SOURCE
com.google.gson.Gson	Gson(com.google.gson.internal.Excluder,com.google.gson.FieldNamingStrategy,java.util.Map<java.lang.reflect.Type,com.google.gson.InstanceCreator<?>>,boolean,boolean,boolean,boolean,boolean,boolean,boolean,com.google.gson.LongSerializationPolicy,java.lang.String,int,int,java.util.List<com.google.gson.TypeAdapterFactory>,java.util.List<com.google.gson.TypeAdapterFactory>,java.util.List<com.google.gson.TypeAdapterFactory>)	add(E)	java.util.List	SOURCE
com.google.gson.Gson	Gson(com.google.gson.internal.Excluder,com.google.gson.FieldNamingStrategy,java.util.Map<java.lang.reflect.Type,com.google.gson.InstanceCreator<?>>,boolean,boolean,boolean,boolean,boolean,boolean,boolean,com.google.gson.LongSerializationPolicy,java.lang.String,int,int,java.util.List<com.google.gson.TypeAdapterFactory>,java.util.List<com.google.gson.TypeAdapterFactory>,java.util.List<com.google.gson.TypeAdapterFactory>)	add(E)	java.util.List	SOURCE
com.google.gson.Gson	Gson(com.google.gson.internal.Excluder,com.google.gson.FieldNamingStrategy,java.util.Map<java.lang.reflect.Type,com.google.gson.InstanceCreator<?>>,boolean,boolean,boolean,boolean,boolean,boolean,boolean,com.google.gson.LongSerializationPolicy,java.lang.String,int,int,java.util.List<com.google.gson.TypeAdapterFactory>,java.util.List<com.google.gson.TypeAdapterFactory>,java.util.List<com.google.gson.TypeAdapterFactory>)	add(E)	java.util.List	SOURCE
com.google.gson.Gson	Gson(com.google.gson.internal.Excluder,com.google.gson.FieldNamingStrategy,java.util.Map<java.lang.reflect.Type,com.google.gson.InstanceCreator<?>>,boolean,boolean,boolean,boolean,boolean,boolean,boolean,com.google.gson.LongSerializationPolicy,java.lang.String,int,int,java.util.List<com.google.gson.TypeAdapterFactory>,java.util.List<com.google.gson.TypeAdapterFactory>,java.util.List<com.google.gson.TypeAdapterFactory>)	add(E)	java.util.List	SOURCE
com.google.gson.Gson	Gson(com.google.gson.internal.Excluder,com.google.gson.FieldNamingStrategy,java.util.Map<java.lang.reflect.Type,com.google.gson.InstanceCreator<?>>,boolean,boolean,boolean,boolean,boolean,boolean,boolean,com.google.gson.LongSerializationPolicy,java.lang.String,int,int,java.util.List<com.google.gson.TypeAdapterFactory>,java.util.List<com.google.gson.TypeAdapterFactory>,java.util.List<com.google.gson.TypeAdapterFactory>)	add(E)	java.util.List	SOURCE
com.google.gson.Gson	Gson(com.google.gson.internal.Excluder,com.google.gson.FieldNamingStrategy,java.util.Map<java.lang.reflect.Type,com.google.gson.InstanceCreator<?>>,boolean,boolean,boolean,boolean,boolean,boolean,boolean,com.google.gson.LongSerializationPolicy,java.lang.String,int,int,java.util.List<com.google.gson.TypeAdapterFactory>,java.util.List<com.google.gson.TypeAdapterFactory>,java.util.List<com.google.gson.TypeAdapterFactory>)	add(E)	java.util.List	SOURCE
com.google.gson.Gson	Gson(com.google.gson.internal.Excluder,com.google.gson.FieldNamingStrategy,java.util.Map<java.lang.reflect.Type,com.google.gson.InstanceCreator<?>>,boolean,boolean,boolean,boolean,boolean,boolean,boolean,com.google.gson.LongSerializationPolicy,java.lang.String,int,int,java.util.List<com.google.gson.TypeAdapterFactory>,java.util.List<com.google.gson.TypeAdapterFactory>,java.util.List<com.google.gson.TypeAdapterFactory>)	add(E)	java.util.List	SOURCE
com.google.gson.Gson	Gson(com.google.gson.internal.Excluder,com.google.gson.FieldNamingStrategy,java.util.Map<java.lang.reflect.Type,com.google.gson.InstanceCreator<?>>,boolean,boolean,boolean,boolean,boolean,boolean,boolean,com.google.gson.LongSerializationPolicy,java.lang.String,int,int,java.util.List<com.google.gson.TypeAdapterFactory>,java.util.List<com.google.gson.TypeAdapterFactory>,java.util.List<com.google.gson.TypeAdapterFactory>)	add(E)	java.util.List	SOURCE
com.google.gson.Gson	Gson(com.google.gson.internal.Excluder,com.google.gson.FieldNamingStrategy,java.util.Map<java.lang.reflect.Type,com.google.gson.InstanceCreator<?>>,boolean,boolean,boolean,boolean,boolean,boolean,boolean,com.google.gson.LongSerializationPolicy,java.lang.String,int,int,java.util.List<com.google.gson.TypeAdapterFactory>,java.util.List<com.google.gson.TypeAdapterFactory>,java.util.List<com.google.gson.TypeAdapterFactory>)	add(E)	java.util.List	SOURCE
com.google.gson.Gson	Gson(com.google.gson.internal.Excluder,com.google.gson.FieldNamingStrategy,java.util.Map<java.lang.reflect.Type,com.google.gson.InstanceCreator<?>>,boolean,boolean,boolean,boolean,boolean,boolean,boolean,com.google.gson.LongSerializationPolicy,java.lang.String,int,int,java.util.List<com.google.gson.TypeAdapterFactory>,java.util.List<com.google.gson.TypeAdapterFactory>,java.util.List<com.google.gson.TypeAdapterFactory>)	CollectionTypeAdapterFactory(com.google.gson.internal.ConstructorConstructor)	com.google.gson.internal.bind.CollectionTypeAdapterFactory	SOURCE
com.google.gson.Gson	Gson(com.google.gson.internal.Excluder,com.google.gson.FieldNamingStrategy,java.util.Map<java.lang.reflect.Type,com.google.gson.InstanceCreator<?>>,boolean,boolean,boolean,boolean,boolean,boolean,boolean,com.google.gson.LongSerializationPolicy,java.lang.String,int,int,java.util.List<com.google.gson.TypeAdapterFactory>,java.util.List<com.google.gson.TypeAdapterFactory>,java.util.List<com.google.gson.TypeAdapterFactory>)	add(E)	java.util.List	SOURCE
com.google.gson.Gson	Gson(com.google.gson.internal.Excluder,com.google.gson.FieldNamingStrategy,java.util.Map<java.lang.reflect.Type,com.google.gson.InstanceCreator<?>>,boolean,boolean,boolean,boolean,boolean,boolean,boolean,com.google.gson.LongSerializationPolicy,java.lang.String,int,int,java.util.List<com.google.gson.TypeAdapterFactory>,java.util.List<com.google.gson.TypeAdapterFactory>,java.util.List<com.google.gson.TypeAdapterFactory>)	MapTypeAdapterFactory(com.google.gson.internal.ConstructorConstructor,boolean)	com.google.gson.internal.bind.MapTypeAdapterFactory	SOURCE
com.google.gson.Gson	Gson(com.google.gson.internal.Excluder,com.google.gson.FieldNamingStrategy,java.util.Map<java.lang.reflect.Type,com.google.gson.InstanceCreator<?>>,boolean,boolean,boolean,boolean,boolean,boolean,boolean,com.google.gson.LongSerializationPolicy,java.lang.String,int,int,java.util.List<com.google.gson.TypeAdapterFactory>,java.util.List<com.google.gson.TypeAdapterFactory>,java.util.List<com.google.gson.TypeAdapterFactory>)	JsonAdapterAnnotationTypeAdapterFactory(com.google.gson.internal.ConstructorConstructor)	com.google.gson.internal.bind.JsonAdapterAnnotationTypeAdapterFactory	SOURCE
com.google.gson.Gson	Gson(com.google.gson.internal.Excluder,com.google.gson.FieldNamingStrategy,java.util.Map<java.lang.reflect.Type,com.google.gson.InstanceCreator<?>>,boolean,boolean,boolean,boolean,boolean,boolean,boolean,com.google.gson.LongSerializationPolicy,java.lang.String,int,int,java.util.List<com.google.gson.TypeAdapterFactory>,java.util.List<com.google.gson.TypeAdapterFactory>,java.util.List<com.google.gson.TypeAdapterFactory>)	add(E)	java.util.List	SOURCE
com.google.gson.Gson	Gson(com.google.gson.internal.Excluder,com.google.gson.FieldNamingStrategy,java.util.Map<java.lang.reflect.Type,com.google.gson.InstanceCreator<?>>,boolean,boolean,boolean,boolean,boolean,boolean,boolean,com.google.gson.LongSerializationPolicy,java.lang.String,int,int,java.util.List<com.google.gson.TypeAdapterFactory>,java.util.List<com.google.gson.TypeAdapterFactory>,java.util.List<com.google.gson.TypeAdapterFactory>)	add(E)	java.util.List	SOURCE
com.google.gson.Gson	Gson(com.google.gson.internal.Excluder,com.google.gson.FieldNamingStrategy,java.util.Map<java.lang.reflect.Type,com.google.gson.InstanceCreator<?>>,boolean,boolean,boolean,boolean,boolean,boolean,boolean,com.google.gson.LongSerializationPolicy,java.lang.String,int,int,java.util.List<com.google.gson.TypeAdapterFactory>,java.util.List<com.google.gson.TypeAdapterFactory>,java.util.List<com.google.gson.TypeAdapterFactory>)	add(E)	java.util.List	SOURCE
com.google.gson.Gson	Gson(com.google.gson.internal.Excluder,com.google.gson.FieldNamingStrategy,java.util.Map<java.lang.reflect.Type,com.google.gson.InstanceCreator<?>>,boolean,boolean,boolean,boolean,boolean,boolean,boolean,com.google.gson.LongSerializationPolicy,java.lang.String,int,int,java.util.List<com.google.gson.TypeAdapterFactory>,java.util.List<com.google.gson.TypeAdapterFactory>,java.util.List<com.google.gson.TypeAdapterFactory>)	ReflectiveTypeAdapterFactory(com.google.gson.internal.ConstructorConstructor,com.google.gson.FieldNamingStrategy,com.google.gson.internal.Excluder,com.google.gson.internal.bind.JsonAdapterAnnotationTypeAdapterFactory)	com.google.gson.internal.bind.ReflectiveTypeAdapterFactory	SOURCE
com.google.gson.Gson	Gson(com.google.gson.internal.Excluder,com.google.gson.FieldNamingStrategy,java.util.Map<java.lang.reflect.Type,com.google.gson.InstanceCreator<?>>,boolean,boolean,boolean,boolean,boolean,boolean,boolean,com.google.gson.LongSerializationPolicy,java.lang.String,int,int,java.util.List<com.google.gson.TypeAdapterFactory>,java.util.List<com.google.gson.TypeAdapterFactory>,java.util.List<com.google.gson.TypeAdapterFactory>)	<T>unmodifiableList(java.util.List<? extends T>)	java.util.Collections	SOURCE
com.google.gson.Gson	newBuilder()	GsonBuilder(com.google.gson.Gson)	com.google.gson.GsonBuilder	SOURCE
com.google.gson.Gson	doubleAdapter(boolean)	()	com.google.gson.Gson$1	SOURCE
com.google.gson.Gson$1	read(com.google.gson.stream.JsonReader)	peek()	com.google.gson.stream.JsonReader	SOURCE
com.google.gson.Gson$1	read(com.google.gson.stream.JsonReader)	nextNull()	com.google.gson.stream.JsonReader	SOURCE
com.google.gson.Gson$1	read(com.google.gson.stream.JsonReader)	nextDouble()	com.google.gson.stream.JsonReader	SOURCE
com.google.gson.Gson$1	write(com.google.gson.stream.JsonWriter,java.lang.Number)	nullValue()	com.google.gson.stream.JsonWriter	SOURCE
com.google.gson.Gson$1	write(com.google.gson.stream.JsonWriter,java.lang.Number)	doubleValue()	java.lang.Number	SOURCE
com.google.gson.Gson$1	write(com.google.gson.stream.JsonWriter,java.lang.Number)	checkValidFloatingPoint(double)	com.google.gson.Gson	SOURCE
com.google.gson.Gson$1	write(com.google.gson.stream.JsonWriter,java.lang.Number)	value(java.lang.Number)	com.google.gson.stream.JsonWriter	SOURCE
com.google.gson.Gson	floatAdapter(boolean)	()	com.google.gson.Gson$2	SOURCE
com.google.gson.Gson$2	read(com.google.gson.stream.JsonReader)	peek()	com.google.gson.stream.JsonReader	SOURCE
com.google.gson.Gson$2	read(com.google.gson.stream.JsonReader)	nextNull()	com.google.gson.stream.JsonReader	SOURCE
com.google.gson.Gson$2	read(com.google.gson.stream.JsonReader)	nextDouble()	com.google.gson.stream.JsonReader	SOURCE
com.google.gson.Gson$2	write(com.google.gson.stream.JsonWriter,java.lang.Number)	nullValue()	com.google.gson.stream.JsonWriter	SOURCE
com.google.gson.Gson$2	write(com.google.gson.stream.JsonWriter,java.lang.Number)	floatValue()	java.lang.Number	SOURCE
com.google.gson.Gson$2	write(com.google.gson.stream.JsonWriter,java.lang.Number)	checkValidFloatingPoint(double)	com.google.gson.Gson	SOURCE
com.google.gson.Gson$2	write(com.google.gson.stream.JsonWriter,java.lang.Number)	value(java.lang.Number)	com.google.gson.stream.JsonWriter	SOURCE
com.google.gson.Gson	checkValidFloatingPoint(double)	isNaN(double)	java.lang.Double	SOURCE
com.google.gson.Gson	checkValidFloatingPoint(double)	isInfinite(double)	java.lang.Double	SOURCE
com.google.gson.Gson	checkValidFloatingPoint(double)	IllegalArgumentException(java.lang.String)	java.lang.IllegalArgumentException	SOURCE
com.google.gson.Gson	longAdapter(com.google.gson.LongSerializationPolicy)	()	com.google.gson.Gson$3	SOURCE
com.google.gson.Gson$3	read(com.google.gson.stream.JsonReader)	peek()	com.google.gson.stream.JsonReader	SOURCE
com.google.gson.Gson$3	read(com.google.gson.stream.JsonReader)	nextNull()	com.google.gson.stream.JsonReader	SOURCE
com.google.gson.Gson$3	read(com.google.gson.stream.JsonReader)	nextLong()	com.google.gson.stream.JsonReader	SOURCE
com.google.gson.Gson$3	write(com.google.gson.stream.JsonWriter,java.lang.Number)	nullValue()	com.google.gson.stream.JsonWriter	SOURCE
com.google.gson.Gson$3	write(com.google.gson.stream.JsonWriter,java.lang.Number)	value(java.lang.String)	com.google.gson.stream.JsonWriter	SOURCE
com.google.gson.Gson$3	write(com.google.gson.stream.JsonWriter,java.lang.Number)	toString()	java.lang.Object	SOURCE
com.google.gson.Gson	atomicLongAdapter(com.google.gson.TypeAdapter<java.lang.Number>)	nullSafe()	com.google.gson.TypeAdapter	SOURCE
com.google.gson.Gson	atomicLongAdapter(com.google.gson.TypeAdapter<java.lang.Number>)	()	com.google.gson.Gson$4	SOURCE
com.google.gson.Gson$4	write(com.google.gson.stream.JsonWriter,java.util.concurrent.atomic.AtomicLong)	write(com.google.gson.stream.JsonWriter,T)	com.google.gson.TypeAdapter	SOURCE
com.google.gson.Gson$4	write(com.google.gson.stream.JsonWriter,java.util.concurrent.atomic.AtomicLong)	get()	java.util.concurrent.atomic.AtomicLong	SOURCE
com.google.gson.Gson$4	read(com.google.gson.stream.JsonReader)	read(com.google.gson.stream.JsonReader)	com.google.gson.TypeAdapter	SOURCE
com.google.gson.Gson$4	read(com.google.gson.stream.JsonReader)	AtomicLong(long)	java.util.concurrent.atomic.AtomicLong	SOURCE
com.google.gson.Gson$4	read(com.google.gson.stream.JsonReader)	longValue()	java.lang.Number	SOURCE
com.google.gson.Gson	atomicLongArrayAdapter(com.google.gson.TypeAdapter<java.lang.Number>)	nullSafe()	com.google.gson.TypeAdapter	SOURCE
com.google.gson.Gson	atomicLongArrayAdapter(com.google.gson.TypeAdapter<java.lang.Number>)	()	com.google.gson.Gson$5	SOURCE
com.google.gson.Gson$5	write(com.google.gson.stream.JsonWriter,java.util.concurrent.atomic.AtomicLongArray)	beginArray()	com.google.gson.stream.JsonWriter	SOURCE
com.google.gson.Gson$5	write(com.google.gson.stream.JsonWriter,java.util.concurrent.atomic.AtomicLongArray)	length()	java.util.concurrent.atomic.AtomicLongArray	SOURCE
com.google.gson.Gson$5	write(com.google.gson.stream.JsonWriter,java.util.concurrent.atomic.AtomicLongArray)	write(com.google.gson.stream.JsonWriter,T)	com.google.gson.TypeAdapter	SOURCE
com.google.gson.Gson$5	write(com.google.gson.stream.JsonWriter,java.util.concurrent.atomic.AtomicLongArray)	get(int)	java.util.concurrent.atomic.AtomicLongArray	SOURCE
com.google.gson.Gson$5	write(com.google.gson.stream.JsonWriter,java.util.concurrent.atomic.AtomicLongArray)	endArray()	com.google.gson.stream.JsonWriter	SOURCE
com.google.gson.Gson$5	read(com.google.gson.stream.JsonReader)	ArrayList()	java.util.ArrayList	SOURCE
com.google.gson.Gson$5	read(com.google.gson.stream.JsonReader)	beginArray()	com.google.gson.stream.JsonReader	SOURCE
com.google.gson.Gson$5	read(com.google.gson.stream.JsonReader)	hasNext()	com.google.gson.stream.JsonReader	SOURCE
com.google.gson.Gson$5	read(com.google.gson.stream.JsonReader)	longValue()	java.lang.Number	SOURCE
com.google.gson.Gson$5	read(com.google.gson.stream.JsonReader)	read(com.google.gson.stream.JsonReader)	com.google.gson.TypeAdapter	SOURCE
com.google.gson.Gson$5	read(com.google.gson.stream.JsonReader)	add(E)	java.util.List	SOURCE
com.google.gson.Gson$5	read(com.google.gson.stream.JsonReader)	endArray()	com.google.gson.stream.JsonReader	SOURCE
com.google.gson.Gson$5	read(com.google.gson.stream.JsonReader)	size()	java.util.List	SOURCE
com.google.gson.Gson$5	read(com.google.gson.stream.JsonReader)	AtomicLongArray(int)	java.util.concurrent.atomic.AtomicLongArray	SOURCE
com.google.gson.Gson$5	read(com.google.gson.stream.JsonReader)	set(int,long)	java.util.concurrent.atomic.AtomicLongArray	SOURCE
com.google.gson.Gson$5	read(com.google.gson.stream.JsonReader)	get(int)	java.util.List	SOURCE
com.google.gson.Gson	<T>getAdapter(com.google.gson.reflect.TypeToken<T>)	get(java.lang.Object)	java.util.Map	SOURCE
com.google.gson.Gson	<T>getAdapter(com.google.gson.reflect.TypeToken<T>)	get()	java.lang.ThreadLocal	SOURCE
com.google.gson.Gson	<T>getAdapter(com.google.gson.reflect.TypeToken<T>)	HashMap()	java.util.HashMap	SOURCE
com.google.gson.Gson	<T>getAdapter(com.google.gson.reflect.TypeToken<T>)	set(T)	java.lang.ThreadLocal	SOURCE
com.google.gson.Gson	<T>getAdapter(com.google.gson.reflect.TypeToken<T>)	get(java.lang.Object)	java.util.Map	SOURCE
com.google.gson.Gson	<T>getAdapter(com.google.gson.reflect.TypeToken<T>)	FutureTypeAdapter()	com.google.gson.Gson$FutureTypeAdapter	SOURCE
com.google.gson.Gson	<T>getAdapter(com.google.gson.reflect.TypeToken<T>)	put(K,V)	java.util.Map	SOURCE
com.google.gson.Gson	<T>getAdapter(com.google.gson.reflect.TypeToken<T>)	<T>create(com.google.gson.Gson,com.google.gson.reflect.TypeToken<T>)	com.google.gson.TypeAdapterFactory	SOURCE
com.google.gson.Gson	<T>getAdapter(com.google.gson.reflect.TypeToken<T>)	setDelegate(com.google.gson.TypeAdapter<T>)	com.google.gson.Gson$FutureTypeAdapter	SOURCE
com.google.gson.Gson	<T>getAdapter(com.google.gson.reflect.TypeToken<T>)	put(K,V)	java.util.Map	SOURCE
com.google.gson.Gson	<T>getAdapter(com.google.gson.reflect.TypeToken<T>)	IllegalArgumentException(java.lang.String)	java.lang.IllegalArgumentException	SOURCE
com.google.gson.Gson	<T>getAdapter(com.google.gson.reflect.TypeToken<T>)	remove(java.lang.Object)	java.util.Map	SOURCE
com.google.gson.Gson	<T>getAdapter(com.google.gson.reflect.TypeToken<T>)	remove()	java.lang.ThreadLocal	SOURCE
com.google.gson.Gson	<T>getDelegateAdapter(com.google.gson.TypeAdapterFactory,com.google.gson.reflect.TypeToken<T>)	contains(java.lang.Object)	java.util.List	SOURCE
com.google.gson.Gson	<T>getDelegateAdapter(com.google.gson.TypeAdapterFactory,com.google.gson.reflect.TypeToken<T>)	<T>create(com.google.gson.Gson,com.google.gson.reflect.TypeToken<T>)	com.google.gson.TypeAdapterFactory	SOURCE
com.google.gson.Gson	<T>getDelegateAdapter(com.google.gson.TypeAdapterFactory,com.google.gson.reflect.TypeToken<T>)	IllegalArgumentException(java.lang.String)	java.lang.IllegalArgumentException	SOURCE
com.google.gson.Gson	<T>getAdapter(java.lang.Class<T>)	<T>getAdapter(com.google.gson.reflect.TypeToken<T>)	com.google.gson.Gson	SOURCE
com.google.gson.Gson	<T>getAdapter(java.lang.Class<T>)	<T>get(java.lang.Class<T>)	com.google.gson.reflect.TypeToken	SOURCE
com.google.gson.Gson	toJsonTree(java.lang.Object)	toJsonTree(java.lang.Object,java.lang.reflect.Type)	com.google.gson.Gson	SOURCE
com.google.gson.Gson	toJsonTree(java.lang.Object)	getClass()	java.lang.Object	SOURCE
com.google.gson.Gson	toJsonTree(java.lang.Object,java.lang.reflect.Type)	JsonTreeWriter()	com.google.gson.internal.bind.JsonTreeWriter	SOURCE
com.google.gson.Gson	toJsonTree(java.lang.Object,java.lang.reflect.Type)	toJson(java.lang.Object,java.lang.reflect.Type,com.google.gson.stream.JsonWriter)	com.google.gson.Gson	SOURCE
com.google.gson.Gson	toJsonTree(java.lang.Object,java.lang.reflect.Type)	get()	com.google.gson.internal.bind.JsonTreeWriter	SOURCE
com.google.gson.Gson	toJson(java.lang.Object)	toJson(com.google.gson.JsonElement)	com.google.gson.Gson	SOURCE
com.google.gson.Gson	toJson(java.lang.Object)	toJson(java.lang.Object,java.lang.reflect.Type)	com.google.gson.Gson	SOURCE
com.google.gson.Gson	toJson(java.lang.Object)	getClass()	java.lang.Object	SOURCE
com.google.gson.Gson	toJson(java.lang.Object,java.lang.reflect.Type)	StringWriter()	java.io.StringWriter	SOURCE
com.google.gson.Gson	toJson(java.lang.Object,java.lang.reflect.Type)	toJson(java.lang.Object,java.lang.reflect.Type,java.lang.Appendable)	com.google.gson.Gson	SOURCE
com.google.gson.Gson	toJson(java.lang.Object,java.lang.reflect.Type)	toString()	java.io.StringWriter	SOURCE
com.google.gson.Gson	toJson(java.lang.Object,java.lang.Appendable)	toJson(java.lang.Object,java.lang.reflect.Type,java.lang.Appendable)	com.google.gson.Gson	SOURCE
com.google.gson.Gson	toJson(java.lang.Object,java.lang.Appendable)	getClass()	java.lang.Object	SOURCE
com.google.gson.Gson	toJson(java.lang.Object,java.lang.Appendable)	toJson(com.google.gson.JsonElement,java.lang.Appendable)	com.google.gson.Gson	SOURCE
com.google.gson.Gson	toJson(java.lang.Object,java.lang.reflect.Type,java.lang.Appendable)	newJsonWriter(java.io.Writer)	com.google.gson.Gson	SOURCE
com.google.gson.Gson	toJson(java.lang.Object,java.lang.reflect.Type,java.lang.Appendable)	writerForAppendable(java.lang.Appendable)	com.google.gson.internal.Streams	SOURCE
com.google.gson.Gson	toJson(java.lang.Object,java.lang.reflect.Type,java.lang.Appendable)	toJson(java.lang.Object,java.lang.reflect.Type,com.google.gson.stream.JsonWriter)	com.google.gson.Gson	SOURCE
com.google.gson.Gson	toJson(java.lang.Object,java.lang.reflect.Type,java.lang.Appendable)	JsonIOException(java.lang.Throwable)	com.google.gson.JsonIOException	SOURCE
com.google.gson.Gson	toJson(java.lang.Object,java.lang.reflect.Type,com.google.gson.stream.JsonWriter)	<T>getAdapter(com.google.gson.reflect.TypeToken<T>)	com.google.gson.Gson	SOURCE
com.google.gson.Gson	toJson(java.lang.Object,java.lang.reflect.Type,com.google.gson.stream.JsonWriter)	get(java.lang.reflect.Type)	com.google.gson.reflect.TypeToken	SOURCE
com.google.gson.Gson	toJson(java.lang.Object,java.lang.reflect.Type,com.google.gson.stream.JsonWriter)	isLenient()	com.google.gson.stream.JsonWriter	SOURCE
com.google.gson.Gson	toJson(java.lang.Object,java.lang.reflect.Type,com.google.gson.stream.JsonWriter)	setLenient(boolean)	com.google.gson.stream.JsonWriter	SOURCE
com.google.gson.Gson	toJson(java.lang.Object,java.lang.reflect.Type,com.google.gson.stream.JsonWriter)	isHtmlSafe()	com.google.gson.stream.JsonWriter	SOURCE
com.google.gson.Gson	toJson(java.lang.Object,java.lang.reflect.Type,com.google.gson.stream.JsonWriter)	setHtmlSafe(boolean)	com.google.gson.stream.JsonWriter	SOURCE
com.google.gson.Gson	toJson(java.lang.Object,java.lang.reflect.Type,com.google.gson.stream.JsonWriter)	getSerializeNulls()	com.google.gson.stream.JsonWriter	SOURCE
com.google.gson.Gson	toJson(java.lang.Object,java.lang.reflect.Type,com.google.gson.stream.JsonWriter)	setSerializeNulls(boolean)	com.google.gson.stream.JsonWriter	SOURCE
com.google.gson.Gson	toJson(java.lang.Object,java.lang.reflect.Type,com.google.gson.stream.JsonWriter)	write(com.google.gson.stream.JsonWriter,T)	com.google.gson.TypeAdapter	SOURCE
com.google.gson.Gson	toJson(java.lang.Object,java.lang.reflect.Type,com.google.gson.stream.JsonWriter)	JsonIOException(java.lang.Throwable)	com.google.gson.JsonIOException	SOURCE
com.google.gson.Gson	toJson(java.lang.Object,java.lang.reflect.Type,com.google.gson.stream.JsonWriter)	AssertionError(java.lang.Object)	java.lang.AssertionError	SOURCE
com.google.gson.Gson	toJson(java.lang.Object,java.lang.reflect.Type,com.google.gson.stream.JsonWriter)	getMessage()	java.lang.Throwable	SOURCE
com.google.gson.Gson	toJson(java.lang.Object,java.lang.reflect.Type,com.google.gson.stream.JsonWriter)	initCause(java.lang.Throwable)	java.lang.Throwable	SOURCE
com.google.gson.Gson	toJson(java.lang.Object,java.lang.reflect.Type,com.google.gson.stream.JsonWriter)	setLenient(boolean)	com.google.gson.stream.JsonWriter	SOURCE
com.google.gson.Gson	toJson(java.lang.Object,java.lang.reflect.Type,com.google.gson.stream.JsonWriter)	setHtmlSafe(boolean)	com.google.gson.stream.JsonWriter	SOURCE
com.google.gson.Gson	toJson(java.lang.Object,java.lang.reflect.Type,com.google.gson.stream.JsonWriter)	setSerializeNulls(boolean)	com.google.gson.stream.JsonWriter	SOURCE
com.google.gson.Gson	toJson(com.google.gson.JsonElement)	StringWriter()	java.io.StringWriter	SOURCE
com.google.gson.Gson	toJson(com.google.gson.JsonElement)	toJson(com.google.gson.JsonElement,java.lang.Appendable)	com.google.gson.Gson	SOURCE
com.google.gson.Gson	toJson(com.google.gson.JsonElement)	toString()	java.io.StringWriter	SOURCE
com.google.gson.Gson	toJson(com.google.gson.JsonElement,java.lang.Appendable)	newJsonWriter(java.io.Writer)	com.google.gson.Gson	SOURCE
com.google.gson.Gson	toJson(com.google.gson.JsonElement,java.lang.Appendable)	writerForAppendable(java.lang.Appendable)	com.google.gson.internal.Streams	SOURCE
com.google.gson.Gson	toJson(com.google.gson.JsonElement,java.lang.Appendable)	toJson(com.google.gson.JsonElement,com.google.gson.stream.JsonWriter)	com.google.gson.Gson	SOURCE
com.google.gson.Gson	toJson(com.google.gson.JsonElement,java.lang.Appendable)	JsonIOException(java.lang.Throwable)	com.google.gson.JsonIOException	SOURCE
com.google.gson.Gson	newJsonWriter(java.io.Writer)	write(java.lang.String)	java.io.Writer	SOURCE
com.google.gson.Gson	newJsonWriter(java.io.Writer)	JsonWriter(java.io.Writer)	com.google.gson.stream.JsonWriter	SOURCE
com.google.gson.Gson	newJsonWriter(java.io.Writer)	setIndent(java.lang.String)	com.google.gson.stream.JsonWriter	SOURCE
com.google.gson.Gson	newJsonWriter(java.io.Writer)	setSerializeNulls(boolean)	com.google.gson.stream.JsonWriter	SOURCE
com.google.gson.Gson	newJsonReader(java.io.Reader)	JsonReader(java.io.Reader)	com.google.gson.stream.JsonReader	SOURCE
com.google.gson.Gson	newJsonReader(java.io.Reader)	setLenient(boolean)	com.google.gson.stream.JsonReader	SOURCE
com.google.gson.Gson	toJson(com.google.gson.JsonElement,com.google.gson.stream.JsonWriter)	isLenient()	com.google.gson.stream.JsonWriter	SOURCE
com.google.gson.Gson	toJson(com.google.gson.JsonElement,com.google.gson.stream.JsonWriter)	setLenient(boolean)	com.google.gson.stream.JsonWriter	SOURCE
com.google.gson.Gson	toJson(com.google.gson.JsonElement,com.google.gson.stream.JsonWriter)	isHtmlSafe()	com.google.gson.stream.JsonWriter	SOURCE
com.google.gson.Gson	toJson(com.google.gson.JsonElement,com.google.gson.stream.JsonWriter)	setHtmlSafe(boolean)	com.google.gson.stream.JsonWriter	SOURCE
com.google.gson.Gson	toJson(com.google.gson.JsonElement,com.google.gson.stream.JsonWriter)	getSerializeNulls()	com.google.gson.stream.JsonWriter	SOURCE
com.google.gson.Gson	toJson(com.google.gson.JsonElement,com.google.gson.stream.JsonWriter)	setSerializeNulls(boolean)	com.google.gson.stream.JsonWriter	SOURCE
com.google.gson.Gson	toJson(com.google.gson.JsonElement,com.google.gson.stream.JsonWriter)	write(com.google.gson.JsonElement,com.google.gson.stream.JsonWriter)	com.google.gson.internal.Streams	SOURCE
com.google.gson.Gson	toJson(com.google.gson.JsonElement,com.google.gson.stream.JsonWriter)	JsonIOException(java.lang.Throwable)	com.google.gson.JsonIOException	SOURCE
com.google.gson.Gson	toJson(com.google.gson.JsonElement,com.google.gson.stream.JsonWriter)	AssertionError(java.lang.Object)	java.lang.AssertionError	SOURCE
com.google.gson.Gson	toJson(com.google.gson.JsonElement,com.google.gson.stream.JsonWriter)	getMessage()	java.lang.Throwable	SOURCE
com.google.gson.Gson	toJson(com.google.gson.JsonElement,com.google.gson.stream.JsonWriter)	initCause(java.lang.Throwable)	java.lang.Throwable	SOURCE
com.google.gson.Gson	toJson(com.google.gson.JsonElement,com.google.gson.stream.JsonWriter)	setLenient(boolean)	com.google.gson.stream.JsonWriter	SOURCE
com.google.gson.Gson	toJson(com.google.gson.JsonElement,com.google.gson.stream.JsonWriter)	setHtmlSafe(boolean)	com.google.gson.stream.JsonWriter	SOURCE
com.google.gson.Gson	toJson(com.google.gson.JsonElement,com.google.gson.stream.JsonWriter)	setSerializeNulls(boolean)	com.google.gson.stream.JsonWriter	SOURCE
com.google.gson.Gson	<T>fromJson(java.lang.String,java.lang.Class<T>)	<T>fromJson(java.lang.String,java.lang.reflect.Type)	com.google.gson.Gson	SOURCE
com.google.gson.Gson	<T>fromJson(java.lang.String,java.lang.Class<T>)	cast(java.lang.Object)	java.lang.Class	SOURCE
com.google.gson.Gson	<T>fromJson(java.lang.String,java.lang.Class<T>)	<T>wrap(java.lang.Class<T>)	com.google.gson.internal.Primitives	SOURCE
com.google.gson.Gson	<T>fromJson(java.lang.String,java.lang.reflect.Type)	StringReader(java.lang.String)	java.io.StringReader	SOURCE
com.google.gson.Gson	<T>fromJson(java.lang.String,java.lang.reflect.Type)	<T>fromJson(java.io.Reader,java.lang.reflect.Type)	com.google.gson.Gson	SOURCE
com.google.gson.Gson	<T>fromJson(java.io.Reader,java.lang.Class<T>)	newJsonReader(java.io.Reader)	com.google.gson.Gson	SOURCE
com.google.gson.Gson	<T>fromJson(java.io.Reader,java.lang.Class<T>)	<T>fromJson(com.google.gson.stream.JsonReader,java.lang.reflect.Type)	com.google.gson.Gson	SOURCE
com.google.gson.Gson	<T>fromJson(java.io.Reader,java.lang.Class<T>)	assertFullConsumption(java.lang.Object,com.google.gson.stream.JsonReader)	com.google.gson.Gson	SOURCE
com.google.gson.Gson	<T>fromJson(java.io.Reader,java.lang.Class<T>)	cast(java.lang.Object)	java.lang.Class	SOURCE
com.google.gson.Gson	<T>fromJson(java.io.Reader,java.lang.Class<T>)	<T>wrap(java.lang.Class<T>)	com.google.gson.internal.Primitives	SOURCE
com.google.gson.Gson	<T>fromJson(java.io.Reader,java.lang.reflect.Type)	newJsonReader(java.io.Reader)	com.google.gson.Gson	SOURCE
com.google.gson.Gson	<T>fromJson(java.io.Reader,java.lang.reflect.Type)	<T>fromJson(com.google.gson.stream.JsonReader,java.lang.reflect.Type)	com.google.gson.Gson	SOURCE
com.google.gson.Gson	<T>fromJson(java.io.Reader,java.lang.reflect.Type)	assertFullConsumption(java.lang.Object,com.google.gson.stream.JsonReader)	com.google.gson.Gson	SOURCE
com.google.gson.Gson	assertFullConsumption(java.lang.Object,com.google.gson.stream.JsonReader)	peek()	com.google.gson.stream.JsonReader	SOURCE
com.google.gson.Gson	assertFullConsumption(java.lang.Object,com.google.gson.stream.JsonReader)	JsonIOException(java.lang.String)	com.google.gson.JsonIOException	SOURCE
com.google.gson.Gson	assertFullConsumption(java.lang.Object,com.google.gson.stream.JsonReader)	JsonSyntaxException(java.lang.Throwable)	com.google.gson.JsonSyntaxException	SOURCE
com.google.gson.Gson	assertFullConsumption(java.lang.Object,com.google.gson.stream.JsonReader)	JsonIOException(java.lang.Throwable)	com.google.gson.JsonIOException	SOURCE
com.google.gson.Gson	<T>fromJson(com.google.gson.stream.JsonReader,java.lang.reflect.Type)	isLenient()	com.google.gson.stream.JsonReader	SOURCE
com.google.gson.Gson	<T>fromJson(com.google.gson.stream.JsonReader,java.lang.reflect.Type)	setLenient(boolean)	com.google.gson.stream.JsonReader	SOURCE
com.google.gson.Gson	<T>fromJson(com.google.gson.stream.JsonReader,java.lang.reflect.Type)	peek()	com.google.gson.stream.JsonReader	SOURCE
com.google.gson.Gson	<T>fromJson(com.google.gson.stream.JsonReader,java.lang.reflect.Type)	get(java.lang.reflect.Type)	com.google.gson.reflect.TypeToken	SOURCE
com.google.gson.Gson	<T>fromJson(com.google.gson.stream.JsonReader,java.lang.reflect.Type)	<T>getAdapter(com.google.gson.reflect.TypeToken<T>)	com.google.gson.Gson	SOURCE
com.google.gson.Gson	<T>fromJson(com.google.gson.stream.JsonReader,java.lang.reflect.Type)	read(com.google.gson.stream.JsonReader)	com.google.gson.TypeAdapter	SOURCE
com.google.gson.Gson	<T>fromJson(com.google.gson.stream.JsonReader,java.lang.reflect.Type)	JsonSyntaxException(java.lang.Throwable)	com.google.gson.JsonSyntaxException	SOURCE
com.google.gson.Gson	<T>fromJson(com.google.gson.stream.JsonReader,java.lang.reflect.Type)	JsonSyntaxException(java.lang.Throwable)	com.google.gson.JsonSyntaxException	SOURCE
com.google.gson.Gson	<T>fromJson(com.google.gson.stream.JsonReader,java.lang.reflect.Type)	JsonSyntaxException(java.lang.Throwable)	com.google.gson.JsonSyntaxException	SOURCE
com.google.gson.Gson	<T>fromJson(com.google.gson.stream.JsonReader,java.lang.reflect.Type)	AssertionError(java.lang.Object)	java.lang.AssertionError	SOURCE
com.google.gson.Gson	<T>fromJson(com.google.gson.stream.JsonReader,java.lang.reflect.Type)	getMessage()	java.lang.Throwable	SOURCE
com.google.gson.Gson	<T>fromJson(com.google.gson.stream.JsonReader,java.lang.reflect.Type)	initCause(java.lang.Throwable)	java.lang.Throwable	SOURCE
com.google.gson.Gson	<T>fromJson(com.google.gson.stream.JsonReader,java.lang.reflect.Type)	setLenient(boolean)	com.google.gson.stream.JsonReader	SOURCE
com.google.gson.Gson	<T>fromJson(com.google.gson.JsonElement,java.lang.Class<T>)	<T>fromJson(com.google.gson.JsonElement,java.lang.reflect.Type)	com.google.gson.Gson	SOURCE
com.google.gson.Gson	<T>fromJson(com.google.gson.JsonElement,java.lang.Class<T>)	cast(java.lang.Object)	java.lang.Class	SOURCE
com.google.gson.Gson	<T>fromJson(com.google.gson.JsonElement,java.lang.Class<T>)	<T>wrap(java.lang.Class<T>)	com.google.gson.internal.Primitives	SOURCE
com.google.gson.Gson	<T>fromJson(com.google.gson.JsonElement,java.lang.reflect.Type)	<T>fromJson(com.google.gson.stream.JsonReader,java.lang.reflect.Type)	com.google.gson.Gson	SOURCE
com.google.gson.Gson	<T>fromJson(com.google.gson.JsonElement,java.lang.reflect.Type)	JsonTreeReader(com.google.gson.JsonElement)	com.google.gson.internal.bind.JsonTreeReader	SOURCE
com.google.gson.Gson$FutureTypeAdapter	setDelegate(com.google.gson.TypeAdapter<T>)	AssertionError()	java.lang.AssertionError	SOURCE
com.google.gson.Gson$FutureTypeAdapter	read(com.google.gson.stream.JsonReader)	IllegalStateException()	java.lang.IllegalStateException	SOURCE
com.google.gson.Gson$FutureTypeAdapter	read(com.google.gson.stream.JsonReader)	read(com.google.gson.stream.JsonReader)	com.google.gson.TypeAdapter	SOURCE
com.google.gson.Gson$FutureTypeAdapter	write(com.google.gson.stream.JsonWriter,T)	IllegalStateException()	java.lang.IllegalStateException	SOURCE
com.google.gson.Gson$FutureTypeAdapter	write(com.google.gson.stream.JsonWriter,T)	write(com.google.gson.stream.JsonWriter,T)	com.google.gson.TypeAdapter	SOURCE
com.google.gson.Gson	toString()	toString()	java.lang.StringBuilder	SOURCE
com.google.gson.Gson	toString()	append(java.lang.String)	java.lang.StringBuilder	SOURCE
com.google.gson.Gson	toString()	append(java.lang.Object)	java.lang.StringBuilder	SOURCE
com.google.gson.Gson	toString()	append(java.lang.String)	java.lang.StringBuilder	SOURCE
com.google.gson.Gson	toString()	append(java.lang.Object)	java.lang.StringBuilder	SOURCE
com.google.gson.Gson	toString()	append(java.lang.String)	java.lang.StringBuilder	SOURCE
com.google.gson.Gson	toString()	append(boolean)	java.lang.StringBuilder	SOURCE
com.google.gson.Gson	toString()	StringBuilder(java.lang.String)	java.lang.StringBuilder	SOURCE
com.google.gson.GsonBuilder	instanceCreators	HashMap()	java.util.HashMap	SOURCE
com.google.gson.GsonBuilder	factories	ArrayList()	java.util.ArrayList	SOURCE
com.google.gson.GsonBuilder	hierarchyFactories	ArrayList()	java.util.ArrayList	SOURCE
com.google.gson.GsonBuilder	GsonBuilder()	Object()	java.lang.Object	SOURCE
com.google.gson.GsonBuilder	GsonBuilder(com.google.gson.Gson)	Object()	java.lang.Object	SOURCE
com.google.gson.GsonBuilder	GsonBuilder(com.google.gson.Gson)	putAll(java.util.Map<? extends K,? extends V>)	java.util.Map	SOURCE
com.google.gson.GsonBuilder	GsonBuilder(com.google.gson.Gson)	addAll(java.util.Collection<? extends E>)	java.util.List	SOURCE
com.google.gson.GsonBuilder	GsonBuilder(com.google.gson.Gson)	addAll(java.util.Collection<? extends E>)	java.util.List	SOURCE
com.google.gson.GsonBuilder	setVersion(double)	withVersion(double)	com.google.gson.internal.Excluder	SOURCE
com.google.gson.GsonBuilder	excludeFieldsWithModifiers(int...)	withModifiers(int...)	com.google.gson.internal.Excluder	SOURCE
com.google.gson.GsonBuilder	excludeFieldsWithoutExposeAnnotation()	excludeFieldsWithoutExposeAnnotation()	com.google.gson.internal.Excluder	SOURCE
com.google.gson.GsonBuilder	disableInnerClassSerialization()	disableInnerClassSerialization()	com.google.gson.internal.Excluder	SOURCE
com.google.gson.GsonBuilder	setExclusionStrategies(com.google.gson.ExclusionStrategy...)	withExclusionStrategy(com.google.gson.ExclusionStrategy,boolean,boolean)	com.google.gson.internal.Excluder	SOURCE
com.google.gson.GsonBuilder	addSerializationExclusionStrategy(com.google.gson.ExclusionStrategy)	withExclusionStrategy(com.google.gson.ExclusionStrategy,boolean,boolean)	com.google.gson.internal.Excluder	SOURCE
com.google.gson.GsonBuilder	addDeserializationExclusionStrategy(com.google.gson.ExclusionStrategy)	withExclusionStrategy(com.google.gson.ExclusionStrategy,boolean,boolean)	com.google.gson.internal.Excluder	SOURCE
com.google.gson.GsonBuilder	registerTypeAdapter(java.lang.reflect.Type,java.lang.Object)	checkArgument(boolean)	com.google.gson.internal.$Gson$Preconditions	SOURCE
com.google.gson.GsonBuilder	registerTypeAdapter(java.lang.reflect.Type,java.lang.Object)	put(K,V)	java.util.Map	SOURCE
com.google.gson.GsonBuilder	registerTypeAdapter(java.lang.reflect.Type,java.lang.Object)	get(java.lang.reflect.Type)	com.google.gson.reflect.TypeToken	SOURCE
com.google.gson.GsonBuilder	registerTypeAdapter(java.lang.reflect.Type,java.lang.Object)	add(E)	java.util.List	SOURCE
com.google.gson.GsonBuilder	registerTypeAdapter(java.lang.reflect.Type,java.lang.Object)	newFactoryWithMatchRawType(com.google.gson.reflect.TypeToken<?>,java.lang.Object)	com.google.gson.internal.bind.TreeTypeAdapter	SOURCE
com.google.gson.GsonBuilder	registerTypeAdapter(java.lang.reflect.Type,java.lang.Object)	add(E)	java.util.List	SOURCE
com.google.gson.GsonBuilder	registerTypeAdapter(java.lang.reflect.Type,java.lang.Object)	<TT>newFactory(com.google.gson.reflect.TypeToken<TT>,com.google.gson.TypeAdapter<TT>)	com.google.gson.internal.bind.TypeAdapters	SOURCE
com.google.gson.GsonBuilder	registerTypeAdapter(java.lang.reflect.Type,java.lang.Object)	get(java.lang.reflect.Type)	com.google.gson.reflect.TypeToken	SOURCE
com.google.gson.GsonBuilder	registerTypeAdapterFactory(com.google.gson.TypeAdapterFactory)	add(E)	java.util.List	SOURCE
com.google.gson.GsonBuilder	registerTypeHierarchyAdapter(java.lang.Class<?>,java.lang.Object)	checkArgument(boolean)	com.google.gson.internal.$Gson$Preconditions	SOURCE
com.google.gson.GsonBuilder	registerTypeHierarchyAdapter(java.lang.Class<?>,java.lang.Object)	add(E)	java.util.List	SOURCE
com.google.gson.GsonBuilder	registerTypeHierarchyAdapter(java.lang.Class<?>,java.lang.Object)	newTypeHierarchyFactory(java.lang.Class<?>,java.lang.Object)	com.google.gson.internal.bind.TreeTypeAdapter	SOURCE
com.google.gson.GsonBuilder	registerTypeHierarchyAdapter(java.lang.Class<?>,java.lang.Object)	add(E)	java.util.List	SOURCE
com.google.gson.GsonBuilder	registerTypeHierarchyAdapter(java.lang.Class<?>,java.lang.Object)	<T1>newTypeHierarchyFactory(java.lang.Class<T1>,com.google.gson.TypeAdapter<T1>)	com.google.gson.internal.bind.TypeAdapters	SOURCE
com.google.gson.GsonBuilder	create()	ArrayList(int)	java.util.ArrayList	SOURCE
com.google.gson.GsonBuilder	create()	size()	java.util.List	SOURCE
com.google.gson.GsonBuilder	create()	size()	java.util.List	SOURCE
com.google.gson.GsonBuilder	create()	addAll(java.util.Collection<? extends E>)	java.util.List	SOURCE
com.google.gson.GsonBuilder	create()	reverse(java.util.List<?>)	java.util.Collections	SOURCE
com.google.gson.GsonBuilder	create()	ArrayList(java.util.Collection<? extends E>)	java.util.ArrayList	SOURCE
com.google.gson.GsonBuilder	create()	reverse(java.util.List<?>)	java.util.Collections	SOURCE
com.google.gson.GsonBuilder	create()	addAll(java.util.Collection<? extends E>)	java.util.List	SOURCE
com.google.gson.GsonBuilder	create()	addTypeAdaptersForDate(java.lang.String,int,int,java.util.List<com.google.gson.TypeAdapterFactory>)	com.google.gson.GsonBuilder	SOURCE
com.google.gson.GsonBuilder	create()	Gson(com.google.gson.internal.Excluder,com.google.gson.FieldNamingStrategy,java.util.Map<java.lang.reflect.Type,com.google.gson.InstanceCreator<?>>,boolean,boolean,boolean,boolean,boolean,boolean,boolean,com.google.gson.LongSerializationPolicy,java.lang.String,int,int,java.util.List<com.google.gson.TypeAdapterFactory>,java.util.List<com.google.gson.TypeAdapterFactory>,java.util.List<com.google.gson.TypeAdapterFactory>)	com.google.gson.Gson	SOURCE
com.google.gson.GsonBuilder	addTypeAdaptersForDate(java.lang.String,int,int,java.util.List<com.google.gson.TypeAdapterFactory>)	equals(java.lang.Object)	java.lang.String	SOURCE
com.google.gson.GsonBuilder	addTypeAdaptersForDate(java.lang.String,int,int,java.util.List<com.google.gson.TypeAdapterFactory>)	trim()	java.lang.String	SOURCE
com.google.gson.GsonBuilder	addTypeAdaptersForDate(java.lang.String,int,int,java.util.List<com.google.gson.TypeAdapterFactory>)	DefaultDateTypeAdapter(java.lang.Class<? extends java.util.Date>,java.lang.String)	com.google.gson.DefaultDateTypeAdapter	SOURCE
com.google.gson.GsonBuilder	addTypeAdaptersForDate(java.lang.String,int,int,java.util.List<com.google.gson.TypeAdapterFactory>)	DefaultDateTypeAdapter(java.lang.Class<? extends java.util.Date>,java.lang.String)	com.google.gson.DefaultDateTypeAdapter	SOURCE
com.google.gson.GsonBuilder	addTypeAdaptersForDate(java.lang.String,int,int,java.util.List<com.google.gson.TypeAdapterFactory>)	DefaultDateTypeAdapter(java.lang.Class<? extends java.util.Date>,java.lang.String)	com.google.gson.DefaultDateTypeAdapter	SOURCE
com.google.gson.GsonBuilder	addTypeAdaptersForDate(java.lang.String,int,int,java.util.List<com.google.gson.TypeAdapterFactory>)	DefaultDateTypeAdapter(java.lang.Class<? extends java.util.Date>,int,int)	com.google.gson.DefaultDateTypeAdapter	SOURCE
com.google.gson.GsonBuilder	addTypeAdaptersForDate(java.lang.String,int,int,java.util.List<com.google.gson.TypeAdapterFactory>)	DefaultDateTypeAdapter(java.lang.Class<? extends java.util.Date>,int,int)	com.google.gson.DefaultDateTypeAdapter	SOURCE
com.google.gson.GsonBuilder	addTypeAdaptersForDate(java.lang.String,int,int,java.util.List<com.google.gson.TypeAdapterFactory>)	DefaultDateTypeAdapter(java.lang.Class<? extends java.util.Date>,int,int)	com.google.gson.DefaultDateTypeAdapter	SOURCE
com.google.gson.GsonBuilder	addTypeAdaptersForDate(java.lang.String,int,int,java.util.List<com.google.gson.TypeAdapterFactory>)	add(E)	java.util.List	SOURCE
com.google.gson.GsonBuilder	addTypeAdaptersForDate(java.lang.String,int,int,java.util.List<com.google.gson.TypeAdapterFactory>)	<TT>newFactory(java.lang.Class<TT>,com.google.gson.TypeAdapter<TT>)	com.google.gson.internal.bind.TypeAdapters	SOURCE
com.google.gson.GsonBuilder	addTypeAdaptersForDate(java.lang.String,int,int,java.util.List<com.google.gson.TypeAdapterFactory>)	add(E)	java.util.List	SOURCE
com.google.gson.GsonBuilder	addTypeAdaptersForDate(java.lang.String,int,int,java.util.List<com.google.gson.TypeAdapterFactory>)	<TT>newFactory(java.lang.Class<TT>,com.google.gson.TypeAdapter<TT>)	com.google.gson.internal.bind.TypeAdapters	SOURCE
com.google.gson.GsonBuilder	addTypeAdaptersForDate(java.lang.String,int,int,java.util.List<com.google.gson.TypeAdapterFactory>)	add(E)	java.util.List	SOURCE
com.google.gson.GsonBuilder	addTypeAdaptersForDate(java.lang.String,int,int,java.util.List<com.google.gson.TypeAdapterFactory>)	<TT>newFactory(java.lang.Class<TT>,com.google.gson.TypeAdapter<TT>)	com.google.gson.internal.bind.TypeAdapters	SOURCE
com.google.gson.internal.Excluder	DEFAULT	Excluder()	com.google.gson.internal.Excluder	SOURCE
com.google.gson.internal.Excluder	serializationStrategies	<T>emptyList()	java.util.Collections	SOURCE
com.google.gson.internal.Excluder	deserializationStrategies	<T>emptyList()	java.util.Collections	SOURCE
com.google.gson.internal.Excluder	clone()	clone()	java.lang.Object	SOURCE
com.google.gson.internal.Excluder	clone()	AssertionError(java.lang.Object)	java.lang.AssertionError	SOURCE
com.google.gson.internal.Excluder	withVersion(double)	clone()	com.google.gson.internal.Excluder	SOURCE
com.google.gson.internal.Excluder	withModifiers(int...)	clone()	com.google.gson.internal.Excluder	SOURCE
com.google.gson.internal.Excluder	disableInnerClassSerialization()	clone()	com.google.gson.internal.Excluder	SOURCE
com.google.gson.internal.Excluder	excludeFieldsWithoutExposeAnnotation()	clone()	com.google.gson.internal.Excluder	SOURCE
com.google.gson.internal.Excluder	withExclusionStrategy(com.google.gson.ExclusionStrategy,boolean,boolean)	clone()	com.google.gson.internal.Excluder	SOURCE
com.google.gson.internal.Excluder	withExclusionStrategy(com.google.gson.ExclusionStrategy,boolean,boolean)	ArrayList(java.util.Collection<? extends E>)	java.util.ArrayList	SOURCE
com.google.gson.internal.Excluder	withExclusionStrategy(com.google.gson.ExclusionStrategy,boolean,boolean)	add(E)	java.util.List	SOURCE
com.google.gson.internal.Excluder	withExclusionStrategy(com.google.gson.ExclusionStrategy,boolean,boolean)	ArrayList(java.util.Collection<? extends E>)	java.util.ArrayList	SOURCE
com.google.gson.internal.Excluder	withExclusionStrategy(com.google.gson.ExclusionStrategy,boolean,boolean)	add(E)	java.util.List	SOURCE
com.google.gson.internal.Excluder	<T>create(com.google.gson.Gson,com.google.gson.reflect.TypeToken<T>)	getRawType()	com.google.gson.reflect.TypeToken	SOURCE
com.google.gson.internal.Excluder	<T>create(com.google.gson.Gson,com.google.gson.reflect.TypeToken<T>)	excludeClassChecks(java.lang.Class<?>)	com.google.gson.internal.Excluder	SOURCE
com.google.gson.internal.Excluder	<T>create(com.google.gson.Gson,com.google.gson.reflect.TypeToken<T>)	excludeClassInStrategy(java.lang.Class<?>,boolean)	com.google.gson.internal.Excluder	SOURCE
com.google.gson.internal.Excluder	<T>create(com.google.gson.Gson,com.google.gson.reflect.TypeToken<T>)	excludeClassInStrategy(java.lang.Class<?>,boolean)	com.google.gson.internal.Excluder	SOURCE
com.google.gson.internal.Excluder	<T>create(com.google.gson.Gson,com.google.gson.reflect.TypeToken<T>)	()	com.google.gson.internal.Excluder$1	SOURCE
com.google.gson.internal.Excluder$1	read(com.google.gson.stream.JsonReader)	skipValue()	com.google.gson.stream.JsonReader	SOURCE
com.google.gson.internal.Excluder$1	read(com.google.gson.stream.JsonReader)	read(com.google.gson.stream.JsonReader)	com.google.gson.TypeAdapter	SOURCE
com.google.gson.internal.Excluder$1	read(com.google.gson.stream.JsonReader)	delegate()	com.google.gson.internal.Excluder$1	SOURCE
com.google.gson.internal.Excluder$1	write(com.google.gson.stream.JsonWriter,T)	nullValue()	com.google.gson.stream.JsonWriter	SOURCE
com.google.gson.internal.Excluder$1	write(com.google.gson.stream.JsonWriter,T)	write(com.google.gson.stream.JsonWriter,T)	com.google.gson.TypeAdapter	SOURCE
com.google.gson.internal.Excluder$1	write(com.google.gson.stream.JsonWriter,T)	delegate()	com.google.gson.internal.Excluder$1	SOURCE
com.google.gson.internal.Excluder$1	delegate()	<T>getDelegateAdapter(com.google.gson.TypeAdapterFactory,com.google.gson.reflect.TypeToken<T>)	com.google.gson.Gson	SOURCE
com.google.gson.internal.Excluder	excludeField(java.lang.reflect.Field,boolean)	getModifiers()	java.lang.reflect.Field	SOURCE
com.google.gson.internal.Excluder	excludeField(java.lang.reflect.Field,boolean)	isValidVersion(com.google.gson.annotations.Since,com.google.gson.annotations.Until)	com.google.gson.internal.Excluder	SOURCE
com.google.gson.internal.Excluder	excludeField(java.lang.reflect.Field,boolean)	<T>getAnnotation(java.lang.Class<T>)	java.lang.reflect.Field	SOURCE
com.google.gson.internal.Excluder	excludeField(java.lang.reflect.Field,boolean)	<T>getAnnotation(java.lang.Class<T>)	java.lang.reflect.Field	SOURCE
com.google.gson.internal.Excluder	excludeField(java.lang.reflect.Field,boolean)	isSynthetic()	java.lang.reflect.Field	SOURCE
com.google.gson.internal.Excluder	excludeField(java.lang.reflect.Field,boolean)	<T>getAnnotation(java.lang.Class<T>)	java.lang.reflect.Field	SOURCE
com.google.gson.internal.Excluder	excludeField(java.lang.reflect.Field,boolean)	serialize()	com.google.gson.annotations.Expose	SOURCE
com.google.gson.internal.Excluder	excludeField(java.lang.reflect.Field,boolean)	deserialize()	com.google.gson.annotations.Expose	SOURCE
com.google.gson.internal.Excluder	excludeField(java.lang.reflect.Field,boolean)	isInnerClass(java.lang.Class<?>)	com.google.gson.internal.Excluder	SOURCE
com.google.gson.internal.Excluder	excludeField(java.lang.reflect.Field,boolean)	getType()	java.lang.reflect.Field	SOURCE
com.google.gson.internal.Excluder	excludeField(java.lang.reflect.Field,boolean)	isAnonymousOrLocal(java.lang.Class<?>)	com.google.gson.internal.Excluder	SOURCE
com.google.gson.internal.Excluder	excludeField(java.lang.reflect.Field,boolean)	getType()	java.lang.reflect.Field	SOURCE
com.google.gson.internal.Excluder	excludeField(java.lang.reflect.Field,boolean)	isEmpty()	java.util.List	SOURCE
com.google.gson.internal.Excluder	excludeField(java.lang.reflect.Field,boolean)	FieldAttributes(java.lang.reflect.Field)	com.google.gson.FieldAttributes	SOURCE
com.google.gson.internal.Excluder	excludeField(java.lang.reflect.Field,boolean)	shouldSkipField(com.google.gson.FieldAttributes)	com.google.gson.ExclusionStrategy	SOURCE
com.google.gson.internal.Excluder	excludeClassChecks(java.lang.Class<?>)	isValidVersion(com.google.gson.annotations.Since,com.google.gson.annotations.Until)	com.google.gson.internal.Excluder	SOURCE
com.google.gson.internal.Excluder	excludeClassChecks(java.lang.Class<?>)	<A>getAnnotation(java.lang.Class<A>)	java.lang.Class	SOURCE
com.google.gson.internal.Excluder	excludeClassChecks(java.lang.Class<?>)	<A>getAnnotation(java.lang.Class<A>)	java.lang.Class	SOURCE
com.google.gson.internal.Excluder	excludeClassChecks(java.lang.Class<?>)	isInnerClass(java.lang.Class<?>)	com.google.gson.internal.Excluder	SOURCE
com.google.gson.internal.Excluder	excludeClassChecks(java.lang.Class<?>)	isAnonymousOrLocal(java.lang.Class<?>)	com.google.gson.internal.Excluder	SOURCE
com.google.gson.internal.Excluder	excludeClass(java.lang.Class<?>,boolean)	excludeClassChecks(java.lang.Class<?>)	com.google.gson.internal.Excluder	SOURCE
com.google.gson.internal.Excluder	excludeClass(java.lang.Class<?>,boolean)	excludeClassInStrategy(java.lang.Class<?>,boolean)	com.google.gson.internal.Excluder	SOURCE
com.google.gson.internal.Excluder	excludeClassInStrategy(java.lang.Class<?>,boolean)	shouldSkipClass(java.lang.Class<?>)	com.google.gson.ExclusionStrategy	SOURCE
com.google.gson.internal.Excluder	isAnonymousOrLocal(java.lang.Class<?>)	isAssignableFrom(java.lang.Class<?>)	java.lang.Class	SOURCE
com.google.gson.internal.Excluder	isAnonymousOrLocal(java.lang.Class<?>)	isAnonymousClass()	java.lang.Class	SOURCE
com.google.gson.internal.Excluder	isAnonymousOrLocal(java.lang.Class<?>)	isLocalClass()	java.lang.Class	SOURCE
com.google.gson.internal.Excluder	isInnerClass(java.lang.Class<?>)	isMemberClass()	java.lang.Class	SOURCE
com.google.gson.internal.Excluder	isInnerClass(java.lang.Class<?>)	isStatic(java.lang.Class<?>)	com.google.gson.internal.Excluder	SOURCE
com.google.gson.internal.Excluder	isStatic(java.lang.Class<?>)	getModifiers()	java.lang.Class	SOURCE
com.google.gson.internal.Excluder	isValidVersion(com.google.gson.annotations.Since,com.google.gson.annotations.Until)	isValidSince(com.google.gson.annotations.Since)	com.google.gson.internal.Excluder	SOURCE
com.google.gson.internal.Excluder	isValidVersion(com.google.gson.annotations.Since,com.google.gson.annotations.Until)	isValidUntil(com.google.gson.annotations.Until)	com.google.gson.internal.Excluder	SOURCE
com.google.gson.internal.Excluder	isValidSince(com.google.gson.annotations.Since)	value()	com.google.gson.annotations.Since	SOURCE
com.google.gson.internal.Excluder	isValidUntil(com.google.gson.annotations.Until)	value()	com.google.gson.annotations.Until	SOURCE
com.google.gson.LongSerializationPolicy	DEFAULT	()	com.google.gson.LongSerializationPolicy$1	SOURCE
com.google.gson.LongSerializationPolicy$1	serialize(java.lang.Long)	JsonPrimitive(java.lang.Number)	com.google.gson.JsonPrimitive	SOURCE
com.google.gson.LongSerializationPolicy	STRING	()	com.google.gson.LongSerializationPolicy$2	SOURCE
com.google.gson.LongSerializationPolicy$2	serialize(java.lang.Long)	JsonPrimitive(java.lang.String)	com.google.gson.JsonPrimitive	SOURCE
com.google.gson.LongSerializationPolicy$2	serialize(java.lang.Long)	valueOf(java.lang.Object)	java.lang.String	SOURCE
com.google.gson.FieldNamingPolicy	IDENTITY	()	com.google.gson.FieldNamingPolicy$1	SOURCE
com.google.gson.FieldNamingPolicy$1	translateName(java.lang.reflect.Field)	getName()	java.lang.reflect.Field	SOURCE
com.google.gson.FieldNamingPolicy	UPPER_CAMEL_CASE	()	com.google.gson.FieldNamingPolicy$2	SOURCE
com.google.gson.FieldNamingPolicy$2	translateName(java.lang.reflect.Field)	upperCaseFirstLetter(java.lang.String)	com.google.gson.FieldNamingPolicy	SOURCE
com.google.gson.FieldNamingPolicy$2	translateName(java.lang.reflect.Field)	getName()	java.lang.reflect.Field	SOURCE
com.google.gson.FieldNamingPolicy	UPPER_CAMEL_CASE_WITH_SPACES	()	com.google.gson.FieldNamingPolicy$3	SOURCE
com.google.gson.FieldNamingPolicy$3	translateName(java.lang.reflect.Field)	upperCaseFirstLetter(java.lang.String)	com.google.gson.FieldNamingPolicy	SOURCE
com.google.gson.FieldNamingPolicy$3	translateName(java.lang.reflect.Field)	separateCamelCase(java.lang.String,java.lang.String)	com.google.gson.FieldNamingPolicy	SOURCE
com.google.gson.FieldNamingPolicy$3	translateName(java.lang.reflect.Field)	getName()	java.lang.reflect.Field	SOURCE
com.google.gson.FieldNamingPolicy	LOWER_CASE_WITH_UNDERSCORES	()	com.google.gson.FieldNamingPolicy$4	SOURCE
com.google.gson.FieldNamingPolicy$4	translateName(java.lang.reflect.Field)	toLowerCase(java.util.Locale)	java.lang.String	SOURCE
com.google.gson.FieldNamingPolicy$4	translateName(java.lang.reflect.Field)	separateCamelCase(java.lang.String,java.lang.String)	com.google.gson.FieldNamingPolicy	SOURCE
com.google.gson.FieldNamingPolicy$4	translateName(java.lang.reflect.Field)	getName()	java.lang.reflect.Field	SOURCE
com.google.gson.FieldNamingPolicy	LOWER_CASE_WITH_DASHES	()	com.google.gson.FieldNamingPolicy$5	SOURCE
com.google.gson.FieldNamingPolicy$5	translateName(java.lang.reflect.Field)	toLowerCase(java.util.Locale)	java.lang.String	SOURCE
com.google.gson.FieldNamingPolicy$5	translateName(java.lang.reflect.Field)	separateCamelCase(java.lang.String,java.lang.String)	com.google.gson.FieldNamingPolicy	SOURCE
com.google.gson.FieldNamingPolicy$5	translateName(java.lang.reflect.Field)	getName()	java.lang.reflect.Field	SOURCE
com.google.gson.FieldNamingPolicy	LOWER_CASE_WITH_DOTS	()	com.google.gson.FieldNamingPolicy$6	SOURCE
com.google.gson.FieldNamingPolicy$6	translateName(java.lang.reflect.Field)	toLowerCase(java.util.Locale)	java.lang.String	SOURCE
com.google.gson.FieldNamingPolicy$6	translateName(java.lang.reflect.Field)	separateCamelCase(java.lang.String,java.lang.String)	com.google.gson.FieldNamingPolicy	SOURCE
com.google.gson.FieldNamingPolicy$6	translateName(java.lang.reflect.Field)	getName()	java.lang.reflect.Field	SOURCE
com.google.gson.FieldNamingPolicy	separateCamelCase(java.lang.String,java.lang.String)	StringBuilder()	java.lang.StringBuilder	SOURCE
com.google.gson.FieldNamingPolicy	separateCamelCase(java.lang.String,java.lang.String)	length()	java.lang.String	SOURCE
com.google.gson.FieldNamingPolicy	separateCamelCase(java.lang.String,java.lang.String)	charAt(int)	java.lang.String	SOURCE
com.google.gson.FieldNamingPolicy	separateCamelCase(java.lang.String,java.lang.String)	isUpperCase(char)	java.lang.Character	SOURCE
com.google.gson.FieldNamingPolicy	separateCamelCase(java.lang.String,java.lang.String)	length()	java.lang.AbstractStringBuilder	SOURCE
com.google.gson.FieldNamingPolicy	separateCamelCase(java.lang.String,java.lang.String)	append(java.lang.String)	java.lang.StringBuilder	SOURCE
com.google.gson.FieldNamingPolicy	separateCamelCase(java.lang.String,java.lang.String)	append(char)	java.lang.StringBuilder	SOURCE
com.google.gson.FieldNamingPolicy	separateCamelCase(java.lang.String,java.lang.String)	toString()	java.lang.StringBuilder	SOURCE
com.google.gson.FieldNamingPolicy	upperCaseFirstLetter(java.lang.String)	length()	java.lang.String	SOURCE
com.google.gson.FieldNamingPolicy	upperCaseFirstLetter(java.lang.String)	isLetter(char)	java.lang.Character	SOURCE
com.google.gson.FieldNamingPolicy	upperCaseFirstLetter(java.lang.String)	charAt(int)	java.lang.String	SOURCE
com.google.gson.FieldNamingPolicy	upperCaseFirstLetter(java.lang.String)	charAt(int)	java.lang.String	SOURCE
com.google.gson.FieldNamingPolicy	upperCaseFirstLetter(java.lang.String)	isUpperCase(char)	java.lang.Character	SOURCE
com.google.gson.FieldNamingPolicy	upperCaseFirstLetter(java.lang.String)	toUpperCase(char)	java.lang.Character	SOURCE
com.google.gson.FieldNamingPolicy	upperCaseFirstLetter(java.lang.String)	substring(int)	java.lang.String	SOURCE
com.google.gson.FieldNamingPolicy	upperCaseFirstLetter(java.lang.String)	substring(int,int)	java.lang.String	SOURCE
com.google.gson.FieldNamingPolicy	upperCaseFirstLetter(java.lang.String)	substring(int)	java.lang.String	SOURCE
com.google.gson.FieldAttributes	FieldAttributes(java.lang.reflect.Field)	Object()	java.lang.Object	SOURCE
com.google.gson.FieldAttributes	FieldAttributes(java.lang.reflect.Field)	<T>checkNotNull(T)	com.google.gson.internal.$Gson$Preconditions	SOURCE
com.google.gson.FieldAttributes	getDeclaringClass()	getDeclaringClass()	java.lang.reflect.Field	SOURCE
com.google.gson.FieldAttributes	getName()	getName()	java.lang.reflect.Field	SOURCE
com.google.gson.FieldAttributes	getDeclaredType()	getGenericType()	java.lang.reflect.Field	SOURCE
com.google.gson.FieldAttributes	getDeclaredClass()	getType()	java.lang.reflect.Field	SOURCE
com.google.gson.FieldAttributes	<T>getAnnotation(java.lang.Class<T>)	<T>getAnnotation(java.lang.Class<T>)	java.lang.reflect.Field	SOURCE
com.google.gson.FieldAttributes	getAnnotations()	<T>asList(T...)	java.util.Arrays	SOURCE
com.google.gson.FieldAttributes	getAnnotations()	getAnnotations()	java.lang.reflect.AccessibleObject	SOURCE
com.google.gson.FieldAttributes	hasModifier(int)	getModifiers()	java.lang.reflect.Field	SOURCE
com.google.gson.FieldAttributes	get(java.lang.Object)	get(java.lang.Object)	java.lang.reflect.Field	SOURCE
com.google.gson.FieldAttributes	isSynthetic()	isSynthetic()	java.lang.reflect.Field	SOURCE
com.google.gson.JsonElement	getAsJsonObject()	isJsonObject()	com.google.gson.JsonElement	SOURCE
com.google.gson.JsonElement	getAsJsonObject()	IllegalStateException(java.lang.String)	java.lang.IllegalStateException	SOURCE
com.google.gson.JsonElement	getAsJsonArray()	isJsonArray()	com.google.gson.JsonElement	SOURCE
com.google.gson.JsonElement	getAsJsonArray()	IllegalStateException(java.lang.String)	java.lang.IllegalStateException	SOURCE
com.google.gson.JsonElement	getAsJsonPrimitive()	isJsonPrimitive()	com.google.gson.JsonElement	SOURCE
com.google.gson.JsonElement	getAsJsonPrimitive()	IllegalStateException(java.lang.String)	java.lang.IllegalStateException	SOURCE
com.google.gson.JsonElement	getAsJsonNull()	isJsonNull()	com.google.gson.JsonElement	SOURCE
com.google.gson.JsonElement	getAsJsonNull()	IllegalStateException(java.lang.String)	java.lang.IllegalStateException	SOURCE
com.google.gson.JsonElement	getAsBoolean()	UnsupportedOperationException(java.lang.String)	java.lang.UnsupportedOperationException	SOURCE
com.google.gson.JsonElement	getAsBoolean()	getSimpleName()	java.lang.Class	SOURCE
com.google.gson.JsonElement	getAsBoolean()	getClass()	java.lang.Object	SOURCE
com.google.gson.JsonElement	getAsNumber()	UnsupportedOperationException(java.lang.String)	java.lang.UnsupportedOperationException	SOURCE
com.google.gson.JsonElement	getAsNumber()	getSimpleName()	java.lang.Class	SOURCE
com.google.gson.JsonElement	getAsNumber()	getClass()	java.lang.Object	SOURCE
com.google.gson.JsonElement	getAsString()	UnsupportedOperationException(java.lang.String)	java.lang.UnsupportedOperationException	SOURCE
com.google.gson.JsonElement	getAsString()	getSimpleName()	java.lang.Class	SOURCE
com.google.gson.JsonElement	getAsString()	getClass()	java.lang.Object	SOURCE
com.google.gson.JsonElement	getAsDouble()	UnsupportedOperationException(java.lang.String)	java.lang.UnsupportedOperationException	SOURCE
com.google.gson.JsonElement	getAsDouble()	getSimpleName()	java.lang.Class	SOURCE
com.google.gson.JsonElement	getAsDouble()	getClass()	java.lang.Object	SOURCE
com.google.gson.JsonElement	getAsFloat()	UnsupportedOperationException(java.lang.String)	java.lang.UnsupportedOperationException	SOURCE
com.google.gson.JsonElement	getAsFloat()	getSimpleName()	java.lang.Class	SOURCE
com.google.gson.JsonElement	getAsFloat()	getClass()	java.lang.Object	SOURCE
com.google.gson.JsonElement	getAsLong()	UnsupportedOperationException(java.lang.String)	java.lang.UnsupportedOperationException	SOURCE
com.google.gson.JsonElement	getAsLong()	getSimpleName()	java.lang.Class	SOURCE
com.google.gson.JsonElement	getAsLong()	getClass()	java.lang.Object	SOURCE
com.google.gson.JsonElement	getAsInt()	UnsupportedOperationException(java.lang.String)	java.lang.UnsupportedOperationException	SOURCE
com.google.gson.JsonElement	getAsInt()	getSimpleName()	java.lang.Class	SOURCE
com.google.gson.JsonElement	getAsInt()	getClass()	java.lang.Object	SOURCE
com.google.gson.JsonElement	getAsByte()	UnsupportedOperationException(java.lang.String)	java.lang.UnsupportedOperationException	SOURCE
com.google.gson.JsonElement	getAsByte()	getSimpleName()	java.lang.Class	SOURCE
com.google.gson.JsonElement	getAsByte()	getClass()	java.lang.Object	SOURCE
com.google.gson.JsonElement	getAsCharacter()	UnsupportedOperationException(java.lang.String)	java.lang.UnsupportedOperationException	SOURCE
com.google.gson.JsonElement	getAsCharacter()	getSimpleName()	java.lang.Class	SOURCE
com.google.gson.JsonElement	getAsCharacter()	getClass()	java.lang.Object	SOURCE
com.google.gson.JsonElement	getAsBigDecimal()	UnsupportedOperationException(java.lang.String)	java.lang.UnsupportedOperationException	SOURCE
com.google.gson.JsonElement	getAsBigDecimal()	getSimpleName()	java.lang.Class	SOURCE
com.google.gson.JsonElement	getAsBigDecimal()	getClass()	java.lang.Object	SOURCE
com.google.gson.JsonElement	getAsBigInteger()	UnsupportedOperationException(java.lang.String)	java.lang.UnsupportedOperationException	SOURCE
com.google.gson.JsonElement	getAsBigInteger()	getSimpleName()	java.lang.Class	SOURCE
com.google.gson.JsonElement	getAsBigInteger()	getClass()	java.lang.Object	SOURCE
com.google.gson.JsonElement	getAsShort()	UnsupportedOperationException(java.lang.String)	java.lang.UnsupportedOperationException	SOURCE
com.google.gson.JsonElement	getAsShort()	getSimpleName()	java.lang.Class	SOURCE
com.google.gson.JsonElement	getAsShort()	getClass()	java.lang.Object	SOURCE
com.google.gson.JsonElement	toString()	StringWriter()	java.io.StringWriter	SOURCE
com.google.gson.JsonElement	toString()	JsonWriter(java.io.Writer)	com.google.gson.stream.JsonWriter	SOURCE
com.google.gson.JsonElement	toString()	setLenient(boolean)	com.google.gson.stream.JsonWriter	SOURCE
com.google.gson.JsonElement	toString()	write(com.google.gson.JsonElement,com.google.gson.stream.JsonWriter)	com.google.gson.internal.Streams	SOURCE
com.google.gson.JsonElement	toString()	toString()	java.io.StringWriter	SOURCE
com.google.gson.JsonElement	toString()	AssertionError(java.lang.Object)	java.lang.AssertionError	SOURCE
com.google.gson.JsonObject	members	LinkedTreeMap()	com.google.gson.internal.LinkedTreeMap	SOURCE
com.google.gson.JsonObject	deepCopy()	JsonObject()	com.google.gson.JsonObject	SOURCE
com.google.gson.JsonObject	deepCopy()	entrySet()	com.google.gson.internal.LinkedTreeMap	SOURCE
com.google.gson.JsonObject	deepCopy()	add(java.lang.String,com.google.gson.JsonElement)	com.google.gson.JsonObject	SOURCE
com.google.gson.JsonObject	deepCopy()	getKey()	java.util.Map$Entry	SOURCE
com.google.gson.JsonObject	deepCopy()	deepCopy()	com.google.gson.JsonElement	SOURCE
com.google.gson.JsonObject	deepCopy()	getValue()	java.util.Map$Entry	SOURCE
com.google.gson.JsonObject	add(java.lang.String,com.google.gson.JsonElement)	put(K,V)	com.google.gson.internal.LinkedTreeMap	SOURCE
com.google.gson.JsonObject	remove(java.lang.String)	remove(java.lang.Object)	com.google.gson.internal.LinkedTreeMap	SOURCE
com.google.gson.JsonObject	addProperty(java.lang.String,java.lang.String)	add(java.lang.String,com.google.gson.JsonElement)	com.google.gson.JsonObject	SOURCE
com.google.gson.JsonObject	addProperty(java.lang.String,java.lang.String)	JsonPrimitive(java.lang.String)	com.google.gson.JsonPrimitive	SOURCE
com.google.gson.JsonObject	addProperty(java.lang.String,java.lang.Number)	add(java.lang.String,com.google.gson.JsonElement)	com.google.gson.JsonObject	SOURCE
com.google.gson.JsonObject	addProperty(java.lang.String,java.lang.Number)	JsonPrimitive(java.lang.Number)	com.google.gson.JsonPrimitive	SOURCE
com.google.gson.JsonObject	addProperty(java.lang.String,java.lang.Boolean)	add(java.lang.String,com.google.gson.JsonElement)	com.google.gson.JsonObject	SOURCE
com.google.gson.JsonObject	addProperty(java.lang.String,java.lang.Boolean)	JsonPrimitive(java.lang.Boolean)	com.google.gson.JsonPrimitive	SOURCE
com.google.gson.JsonObject	addProperty(java.lang.String,java.lang.Character)	add(java.lang.String,com.google.gson.JsonElement)	com.google.gson.JsonObject	SOURCE
com.google.gson.JsonObject	addProperty(java.lang.String,java.lang.Character)	JsonPrimitive(java.lang.Character)	com.google.gson.JsonPrimitive	SOURCE
com.google.gson.JsonObject	entrySet()	entrySet()	com.google.gson.internal.LinkedTreeMap	SOURCE
com.google.gson.JsonObject	keySet()	keySet()	com.google.gson.internal.LinkedTreeMap	SOURCE
com.google.gson.JsonObject	size()	size()	com.google.gson.internal.LinkedTreeMap	SOURCE
com.google.gson.JsonObject	has(java.lang.String)	containsKey(java.lang.Object)	com.google.gson.internal.LinkedTreeMap	SOURCE
com.google.gson.JsonObject	get(java.lang.String)	get(java.lang.Object)	com.google.gson.internal.LinkedTreeMap	SOURCE
com.google.gson.JsonObject	getAsJsonPrimitive(java.lang.String)	get(java.lang.Object)	com.google.gson.internal.LinkedTreeMap	SOURCE
com.google.gson.JsonObject	getAsJsonArray(java.lang.String)	get(java.lang.Object)	com.google.gson.internal.LinkedTreeMap	SOURCE
com.google.gson.JsonObject	getAsJsonObject(java.lang.String)	get(java.lang.Object)	com.google.gson.internal.LinkedTreeMap	SOURCE
com.google.gson.JsonObject	equals(java.lang.Object)	equals(java.lang.Object)	java.util.AbstractMap	SOURCE
com.google.gson.JsonObject	hashCode()	hashCode()	java.util.AbstractMap	SOURCE
>>>>>>> base
com.google.gson.JsonArray	JsonArray()	JsonElement()	com.google.gson.JsonElement	SOURCE
com.google.gson.JsonArray	JsonArray()	ArrayList()	java.util.ArrayList	SOURCE
com.google.gson.JsonArray	JsonArray(int)	JsonElement()	com.google.gson.JsonElement	SOURCE
com.google.gson.JsonArray	JsonArray(int)	ArrayList(int)	java.util.ArrayList	SOURCE
com.google.gson.JsonArray	deepCopy()	isEmpty()	java.util.List	SOURCE
com.google.gson.JsonArray	deepCopy()	JsonArray(int)	com.google.gson.JsonArray	SOURCE
com.google.gson.JsonArray	deepCopy()	size()	java.util.List	SOURCE
com.google.gson.JsonArray	deepCopy()	add(com.google.gson.JsonElement)	com.google.gson.JsonArray	SOURCE
com.google.gson.JsonArray	deepCopy()	deepCopy()	com.google.gson.JsonElement	SOURCE
com.google.gson.JsonArray	deepCopy()	JsonArray()	com.google.gson.JsonArray	SOURCE
com.google.gson.JsonArray	add(java.lang.Boolean)	add(E)	java.util.List	SOURCE
com.google.gson.JsonArray	add(java.lang.Boolean)	JsonPrimitive(java.lang.Boolean)	com.google.gson.JsonPrimitive	SOURCE
com.google.gson.JsonArray	add(java.lang.Character)	add(E)	java.util.List	SOURCE
com.google.gson.JsonArray	add(java.lang.Character)	JsonPrimitive(java.lang.Character)	com.google.gson.JsonPrimitive	SOURCE
com.google.gson.JsonArray	add(java.lang.Number)	add(E)	java.util.List	SOURCE
com.google.gson.JsonArray	add(java.lang.Number)	JsonPrimitive(java.lang.Number)	com.google.gson.JsonPrimitive	SOURCE
com.google.gson.JsonArray	add(java.lang.String)	add(E)	java.util.List	SOURCE
com.google.gson.JsonArray	add(java.lang.String)	JsonPrimitive(java.lang.String)	com.google.gson.JsonPrimitive	SOURCE
com.google.gson.JsonArray	add(com.google.gson.JsonElement)	add(E)	java.util.List	SOURCE
com.google.gson.JsonArray	addAll(com.google.gson.JsonArray)	addAll(java.util.Collection<? extends E>)	java.util.List	SOURCE
com.google.gson.JsonArray	set(int,com.google.gson.JsonElement)	set(int,E)	java.util.List	SOURCE
com.google.gson.JsonArray	remove(com.google.gson.JsonElement)	remove(java.lang.Object)	java.util.List	SOURCE
com.google.gson.JsonArray	remove(int)	remove(int)	java.util.List	SOURCE
com.google.gson.JsonArray	contains(com.google.gson.JsonElement)	contains(java.lang.Object)	java.util.List	SOURCE
com.google.gson.JsonArray	size()	size()	java.util.List	SOURCE
com.google.gson.JsonArray	isEmpty()	isEmpty()	java.util.List	SOURCE
com.google.gson.JsonArray	iterator()	iterator()	java.util.List	SOURCE
com.google.gson.JsonArray	get(int)	get(int)	java.util.List	SOURCE
com.google.gson.JsonArray	getAsNumber()	size()	java.util.List	SOURCE
com.google.gson.JsonArray	getAsNumber()	getAsNumber()	com.google.gson.JsonElement	SOURCE
com.google.gson.JsonArray	getAsNumber()	get(int)	java.util.List	SOURCE
com.google.gson.JsonArray	getAsNumber()	IllegalStateException()	java.lang.IllegalStateException	SOURCE
com.google.gson.JsonArray	getAsString()	size()	java.util.List	SOURCE
com.google.gson.JsonArray	getAsString()	getAsString()	com.google.gson.JsonElement	SOURCE
com.google.gson.JsonArray	getAsString()	get(int)	java.util.List	SOURCE
com.google.gson.JsonArray	getAsString()	IllegalStateException()	java.lang.IllegalStateException	SOURCE
com.google.gson.JsonArray	getAsDouble()	size()	java.util.List	SOURCE
com.google.gson.JsonArray	getAsDouble()	getAsDouble()	com.google.gson.JsonElement	SOURCE
com.google.gson.JsonArray	getAsDouble()	get(int)	java.util.List	SOURCE
com.google.gson.JsonArray	getAsDouble()	IllegalStateException()	java.lang.IllegalStateException	SOURCE
com.google.gson.JsonArray	getAsBigDecimal()	size()	java.util.List	SOURCE
com.google.gson.JsonArray	getAsBigDecimal()	getAsBigDecimal()	com.google.gson.JsonElement	SOURCE
com.google.gson.JsonArray	getAsBigDecimal()	get(int)	java.util.List	SOURCE
com.google.gson.JsonArray	getAsBigDecimal()	IllegalStateException()	java.lang.IllegalStateException	SOURCE
com.google.gson.JsonArray	getAsBigInteger()	size()	java.util.List	SOURCE
com.google.gson.JsonArray	getAsBigInteger()	getAsBigInteger()	com.google.gson.JsonElement	SOURCE
com.google.gson.JsonArray	getAsBigInteger()	get(int)	java.util.List	SOURCE
com.google.gson.JsonArray	getAsBigInteger()	IllegalStateException()	java.lang.IllegalStateException	SOURCE
com.google.gson.JsonArray	getAsFloat()	size()	java.util.List	SOURCE
com.google.gson.JsonArray	getAsFloat()	getAsFloat()	com.google.gson.JsonElement	SOURCE
com.google.gson.JsonArray	getAsFloat()	get(int)	java.util.List	SOURCE
com.google.gson.JsonArray	getAsFloat()	IllegalStateException()	java.lang.IllegalStateException	SOURCE
com.google.gson.JsonArray	getAsLong()	size()	java.util.List	SOURCE
com.google.gson.JsonArray	getAsLong()	getAsLong()	com.google.gson.JsonElement	SOURCE
com.google.gson.JsonArray	getAsLong()	get(int)	java.util.List	SOURCE
com.google.gson.JsonArray	getAsLong()	IllegalStateException()	java.lang.IllegalStateException	SOURCE
com.google.gson.JsonArray	getAsInt()	size()	java.util.List	SOURCE
com.google.gson.JsonArray	getAsInt()	getAsInt()	com.google.gson.JsonElement	SOURCE
com.google.gson.JsonArray	getAsInt()	get(int)	java.util.List	SOURCE
com.google.gson.JsonArray	getAsInt()	IllegalStateException()	java.lang.IllegalStateException	SOURCE
com.google.gson.JsonArray	getAsByte()	size()	java.util.List	SOURCE
com.google.gson.JsonArray	getAsByte()	getAsByte()	com.google.gson.JsonElement	SOURCE
com.google.gson.JsonArray	getAsByte()	get(int)	java.util.List	SOURCE
com.google.gson.JsonArray	getAsByte()	IllegalStateException()	java.lang.IllegalStateException	SOURCE
com.google.gson.JsonArray	getAsCharacter()	size()	java.util.List	SOURCE
com.google.gson.JsonArray	getAsCharacter()	getAsCharacter()	com.google.gson.JsonElement	SOURCE
com.google.gson.JsonArray	getAsCharacter()	get(int)	java.util.List	SOURCE
com.google.gson.JsonArray	getAsCharacter()	IllegalStateException()	java.lang.IllegalStateException	SOURCE
com.google.gson.JsonArray	getAsShort()	size()	java.util.List	SOURCE
com.google.gson.JsonArray	getAsShort()	getAsShort()	com.google.gson.JsonElement	SOURCE
com.google.gson.JsonArray	getAsShort()	get(int)	java.util.List	SOURCE
com.google.gson.JsonArray	getAsShort()	IllegalStateException()	java.lang.IllegalStateException	SOURCE
com.google.gson.JsonArray	getAsBoolean()	size()	java.util.List	SOURCE
com.google.gson.JsonArray	getAsBoolean()	getAsBoolean()	com.google.gson.JsonElement	SOURCE
com.google.gson.JsonArray	getAsBoolean()	get(int)	java.util.List	SOURCE
com.google.gson.JsonArray	getAsBoolean()	IllegalStateException()	java.lang.IllegalStateException	SOURCE
com.google.gson.JsonArray	equals(java.lang.Object)	equals(java.lang.Object)	java.util.List	SOURCE
com.google.gson.JsonArray	hashCode()	hashCode()	java.util.List	SOURCE
<<<<<<< HEAD
com.google.gson.JsonElement	getAsJsonObject()	isJsonObject()	com.google.gson.JsonElement	SOURCE
com.google.gson.JsonElement	getAsJsonObject()	IllegalStateException(java.lang.String)	java.lang.IllegalStateException	SOURCE
com.google.gson.JsonElement	getAsJsonArray()	isJsonArray()	com.google.gson.JsonElement	SOURCE
com.google.gson.JsonElement	getAsJsonArray()	IllegalStateException(java.lang.String)	java.lang.IllegalStateException	SOURCE
com.google.gson.JsonElement	getAsJsonPrimitive()	isJsonPrimitive()	com.google.gson.JsonElement	SOURCE
com.google.gson.JsonElement	getAsJsonPrimitive()	IllegalStateException(java.lang.String)	java.lang.IllegalStateException	SOURCE
com.google.gson.JsonElement	getAsJsonNull()	isJsonNull()	com.google.gson.JsonElement	SOURCE
com.google.gson.JsonElement	getAsJsonNull()	IllegalStateException(java.lang.String)	java.lang.IllegalStateException	SOURCE
com.google.gson.JsonElement	getAsBoolean()	UnsupportedOperationException(java.lang.String)	java.lang.UnsupportedOperationException	SOURCE
com.google.gson.JsonElement	getAsBoolean()	getSimpleName()	java.lang.Class	SOURCE
com.google.gson.JsonElement	getAsBoolean()	getClass()	java.lang.Object	SOURCE
com.google.gson.JsonElement	getAsNumber()	UnsupportedOperationException(java.lang.String)	java.lang.UnsupportedOperationException	SOURCE
com.google.gson.JsonElement	getAsNumber()	getSimpleName()	java.lang.Class	SOURCE
com.google.gson.JsonElement	getAsNumber()	getClass()	java.lang.Object	SOURCE
com.google.gson.JsonElement	getAsString()	UnsupportedOperationException(java.lang.String)	java.lang.UnsupportedOperationException	SOURCE
com.google.gson.JsonElement	getAsString()	getSimpleName()	java.lang.Class	SOURCE
com.google.gson.JsonElement	getAsString()	getClass()	java.lang.Object	SOURCE
com.google.gson.JsonElement	getAsDouble()	UnsupportedOperationException(java.lang.String)	java.lang.UnsupportedOperationException	SOURCE
com.google.gson.JsonElement	getAsDouble()	getSimpleName()	java.lang.Class	SOURCE
com.google.gson.JsonElement	getAsDouble()	getClass()	java.lang.Object	SOURCE
com.google.gson.JsonElement	getAsFloat()	UnsupportedOperationException(java.lang.String)	java.lang.UnsupportedOperationException	SOURCE
com.google.gson.JsonElement	getAsFloat()	getSimpleName()	java.lang.Class	SOURCE
com.google.gson.JsonElement	getAsFloat()	getClass()	java.lang.Object	SOURCE
com.google.gson.JsonElement	getAsLong()	UnsupportedOperationException(java.lang.String)	java.lang.UnsupportedOperationException	SOURCE
com.google.gson.JsonElement	getAsLong()	getSimpleName()	java.lang.Class	SOURCE
com.google.gson.JsonElement	getAsLong()	getClass()	java.lang.Object	SOURCE
com.google.gson.JsonElement	getAsInt()	UnsupportedOperationException(java.lang.String)	java.lang.UnsupportedOperationException	SOURCE
com.google.gson.JsonElement	getAsInt()	getSimpleName()	java.lang.Class	SOURCE
com.google.gson.JsonElement	getAsInt()	getClass()	java.lang.Object	SOURCE
com.google.gson.JsonElement	getAsByte()	UnsupportedOperationException(java.lang.String)	java.lang.UnsupportedOperationException	SOURCE
com.google.gson.JsonElement	getAsByte()	getSimpleName()	java.lang.Class	SOURCE
com.google.gson.JsonElement	getAsByte()	getClass()	java.lang.Object	SOURCE
com.google.gson.JsonElement	getAsCharacter()	UnsupportedOperationException(java.lang.String)	java.lang.UnsupportedOperationException	SOURCE
com.google.gson.JsonElement	getAsCharacter()	getSimpleName()	java.lang.Class	SOURCE
com.google.gson.JsonElement	getAsCharacter()	getClass()	java.lang.Object	SOURCE
com.google.gson.JsonElement	getAsBigDecimal()	UnsupportedOperationException(java.lang.String)	java.lang.UnsupportedOperationException	SOURCE
com.google.gson.JsonElement	getAsBigDecimal()	getSimpleName()	java.lang.Class	SOURCE
com.google.gson.JsonElement	getAsBigDecimal()	getClass()	java.lang.Object	SOURCE
com.google.gson.JsonElement	getAsBigInteger()	UnsupportedOperationException(java.lang.String)	java.lang.UnsupportedOperationException	SOURCE
com.google.gson.JsonElement	getAsBigInteger()	getSimpleName()	java.lang.Class	SOURCE
com.google.gson.JsonElement	getAsBigInteger()	getClass()	java.lang.Object	SOURCE
com.google.gson.JsonElement	getAsShort()	UnsupportedOperationException(java.lang.String)	java.lang.UnsupportedOperationException	SOURCE
com.google.gson.JsonElement	getAsShort()	getSimpleName()	java.lang.Class	SOURCE
com.google.gson.JsonElement	getAsShort()	getClass()	java.lang.Object	SOURCE
com.google.gson.JsonElement	toString()	StringWriter()	java.io.StringWriter	SOURCE
com.google.gson.JsonElement	toString()	JsonWriter(java.io.Writer)	com.google.gson.stream.JsonWriter	SOURCE
com.google.gson.JsonElement	toString()	setLenient(boolean)	com.google.gson.stream.JsonWriter	SOURCE
com.google.gson.JsonElement	toString()	write(com.google.gson.JsonElement,com.google.gson.stream.JsonWriter)	com.google.gson.internal.Streams	SOURCE
com.google.gson.JsonElement	toString()	toString()	java.io.StringWriter	SOURCE
com.google.gson.JsonElement	toString()	AssertionError(java.lang.Object)	java.lang.AssertionError	SOURCE
com.google.gson.JsonObject	members	LinkedTreeMap()	com.google.gson.internal.LinkedTreeMap	SOURCE
com.google.gson.JsonObject	deepCopy()	JsonObject()	com.google.gson.JsonObject	SOURCE
com.google.gson.JsonObject	deepCopy()	entrySet()	com.google.gson.internal.LinkedTreeMap	SOURCE
com.google.gson.JsonObject	deepCopy()	add(java.lang.String,com.google.gson.JsonElement)	com.google.gson.JsonObject	SOURCE
com.google.gson.JsonObject	deepCopy()	getKey()	java.util.Map$Entry	SOURCE
com.google.gson.JsonObject	deepCopy()	deepCopy()	com.google.gson.JsonElement	SOURCE
com.google.gson.JsonObject	deepCopy()	getValue()	java.util.Map$Entry	SOURCE
com.google.gson.JsonObject	add(java.lang.String,com.google.gson.JsonElement)	put(K,V)	com.google.gson.internal.LinkedTreeMap	SOURCE
com.google.gson.JsonObject	remove(java.lang.String)	remove(java.lang.Object)	com.google.gson.internal.LinkedTreeMap	SOURCE
com.google.gson.JsonObject	addProperty(java.lang.String,java.lang.String)	add(java.lang.String,com.google.gson.JsonElement)	com.google.gson.JsonObject	SOURCE
com.google.gson.JsonObject	addProperty(java.lang.String,java.lang.String)	JsonPrimitive(java.lang.String)	com.google.gson.JsonPrimitive	SOURCE
com.google.gson.JsonObject	addProperty(java.lang.String,java.lang.Number)	add(java.lang.String,com.google.gson.JsonElement)	com.google.gson.JsonObject	SOURCE
com.google.gson.JsonObject	addProperty(java.lang.String,java.lang.Number)	JsonPrimitive(java.lang.Number)	com.google.gson.JsonPrimitive	SOURCE
com.google.gson.JsonObject	addProperty(java.lang.String,java.lang.Boolean)	add(java.lang.String,com.google.gson.JsonElement)	com.google.gson.JsonObject	SOURCE
com.google.gson.JsonObject	addProperty(java.lang.String,java.lang.Boolean)	JsonPrimitive(java.lang.Boolean)	com.google.gson.JsonPrimitive	SOURCE
com.google.gson.JsonObject	addProperty(java.lang.String,java.lang.Character)	add(java.lang.String,com.google.gson.JsonElement)	com.google.gson.JsonObject	SOURCE
com.google.gson.JsonObject	addProperty(java.lang.String,java.lang.Character)	JsonPrimitive(java.lang.Character)	com.google.gson.JsonPrimitive	SOURCE
com.google.gson.JsonObject	entrySet()	entrySet()	com.google.gson.internal.LinkedTreeMap	SOURCE
com.google.gson.JsonObject	keySet()	keySet()	com.google.gson.internal.LinkedTreeMap	SOURCE
com.google.gson.JsonObject	size()	size()	com.google.gson.internal.LinkedTreeMap	SOURCE
com.google.gson.JsonObject	has(java.lang.String)	containsKey(java.lang.Object)	com.google.gson.internal.LinkedTreeMap	SOURCE
com.google.gson.JsonObject	get(java.lang.String)	get(java.lang.Object)	com.google.gson.internal.LinkedTreeMap	SOURCE
com.google.gson.JsonObject	getAsJsonPrimitive(java.lang.String)	get(java.lang.Object)	com.google.gson.internal.LinkedTreeMap	SOURCE
com.google.gson.JsonObject	getAsJsonArray(java.lang.String)	get(java.lang.Object)	com.google.gson.internal.LinkedTreeMap	SOURCE
com.google.gson.JsonObject	getAsJsonObject(java.lang.String)	get(java.lang.Object)	com.google.gson.internal.LinkedTreeMap	SOURCE
com.google.gson.JsonObject	equals(java.lang.Object)	equals(java.lang.Object)	java.util.AbstractMap	SOURCE
com.google.gson.JsonObject	hashCode()	hashCode()	java.util.AbstractMap	SOURCE
=======
>>>>>>> base
com.google.gson.JsonPrimitive	JsonPrimitive(java.lang.Boolean)	JsonElement()	com.google.gson.JsonElement	SOURCE
com.google.gson.JsonPrimitive	JsonPrimitive(java.lang.Boolean)	<T>checkNotNull(T)	com.google.gson.internal.$Gson$Preconditions	SOURCE
com.google.gson.JsonPrimitive	JsonPrimitive(java.lang.Number)	JsonElement()	com.google.gson.JsonElement	SOURCE
com.google.gson.JsonPrimitive	JsonPrimitive(java.lang.Number)	<T>checkNotNull(T)	com.google.gson.internal.$Gson$Preconditions	SOURCE
com.google.gson.JsonPrimitive	JsonPrimitive(java.lang.String)	JsonElement()	com.google.gson.JsonElement	SOURCE
com.google.gson.JsonPrimitive	JsonPrimitive(java.lang.String)	<T>checkNotNull(T)	com.google.gson.internal.$Gson$Preconditions	SOURCE
com.google.gson.JsonPrimitive	JsonPrimitive(java.lang.Character)	JsonElement()	com.google.gson.JsonElement	SOURCE
com.google.gson.JsonPrimitive	JsonPrimitive(java.lang.Character)	toString()	java.lang.Character	SOURCE
com.google.gson.JsonPrimitive	JsonPrimitive(java.lang.Character)	<T>checkNotNull(T)	com.google.gson.internal.$Gson$Preconditions	SOURCE
com.google.gson.JsonPrimitive	getAsBoolean()	isBoolean()	com.google.gson.JsonPrimitive	SOURCE
com.google.gson.JsonPrimitive	getAsBoolean()	booleanValue()	java.lang.Boolean	SOURCE
com.google.gson.JsonPrimitive	getAsBoolean()	parseBoolean(java.lang.String)	java.lang.Boolean	SOURCE
com.google.gson.JsonPrimitive	getAsBoolean()	getAsString()	com.google.gson.JsonPrimitive	SOURCE
com.google.gson.JsonPrimitive	getAsNumber()	LazilyParsedNumber(java.lang.String)	com.google.gson.internal.LazilyParsedNumber	SOURCE
com.google.gson.JsonPrimitive	getAsString()	isNumber()	com.google.gson.JsonPrimitive	SOURCE
com.google.gson.JsonPrimitive	getAsString()	toString()	java.lang.Object	SOURCE
com.google.gson.JsonPrimitive	getAsString()	getAsNumber()	com.google.gson.JsonPrimitive	SOURCE
com.google.gson.JsonPrimitive	getAsString()	isBoolean()	com.google.gson.JsonPrimitive	SOURCE
com.google.gson.JsonPrimitive	getAsString()	toString()	java.lang.Boolean	SOURCE
com.google.gson.JsonPrimitive	getAsDouble()	isNumber()	com.google.gson.JsonPrimitive	SOURCE
com.google.gson.JsonPrimitive	getAsDouble()	doubleValue()	java.lang.Number	SOURCE
com.google.gson.JsonPrimitive	getAsDouble()	getAsNumber()	com.google.gson.JsonPrimitive	SOURCE
com.google.gson.JsonPrimitive	getAsDouble()	parseDouble(java.lang.String)	java.lang.Double	SOURCE
com.google.gson.JsonPrimitive	getAsDouble()	getAsString()	com.google.gson.JsonPrimitive	SOURCE
com.google.gson.JsonPrimitive	getAsBigDecimal()	BigDecimal(java.lang.String)	java.math.BigDecimal	SOURCE
com.google.gson.JsonPrimitive	getAsBigDecimal()	toString()	java.lang.Object	SOURCE
com.google.gson.JsonPrimitive	getAsBigInteger()	BigInteger(java.lang.String)	java.math.BigInteger	SOURCE
com.google.gson.JsonPrimitive	getAsBigInteger()	toString()	java.lang.Object	SOURCE
com.google.gson.JsonPrimitive	getAsFloat()	isNumber()	com.google.gson.JsonPrimitive	SOURCE
com.google.gson.JsonPrimitive	getAsFloat()	floatValue()	java.lang.Number	SOURCE
com.google.gson.JsonPrimitive	getAsFloat()	getAsNumber()	com.google.gson.JsonPrimitive	SOURCE
com.google.gson.JsonPrimitive	getAsFloat()	parseFloat(java.lang.String)	java.lang.Float	SOURCE
com.google.gson.JsonPrimitive	getAsFloat()	getAsString()	com.google.gson.JsonPrimitive	SOURCE
com.google.gson.JsonPrimitive	getAsLong()	isNumber()	com.google.gson.JsonPrimitive	SOURCE
com.google.gson.JsonPrimitive	getAsLong()	longValue()	java.lang.Number	SOURCE
com.google.gson.JsonPrimitive	getAsLong()	getAsNumber()	com.google.gson.JsonPrimitive	SOURCE
com.google.gson.JsonPrimitive	getAsLong()	parseLong(java.lang.String)	java.lang.Long	SOURCE
com.google.gson.JsonPrimitive	getAsLong()	getAsString()	com.google.gson.JsonPrimitive	SOURCE
com.google.gson.JsonPrimitive	getAsShort()	isNumber()	com.google.gson.JsonPrimitive	SOURCE
com.google.gson.JsonPrimitive	getAsShort()	shortValue()	java.lang.Number	SOURCE
com.google.gson.JsonPrimitive	getAsShort()	getAsNumber()	com.google.gson.JsonPrimitive	SOURCE
com.google.gson.JsonPrimitive	getAsShort()	parseShort(java.lang.String)	java.lang.Short	SOURCE
com.google.gson.JsonPrimitive	getAsShort()	getAsString()	com.google.gson.JsonPrimitive	SOURCE
com.google.gson.JsonPrimitive	getAsInt()	isNumber()	com.google.gson.JsonPrimitive	SOURCE
com.google.gson.JsonPrimitive	getAsInt()	intValue()	java.lang.Number	SOURCE
com.google.gson.JsonPrimitive	getAsInt()	getAsNumber()	com.google.gson.JsonPrimitive	SOURCE
com.google.gson.JsonPrimitive	getAsInt()	parseInt(java.lang.String)	java.lang.Integer	SOURCE
com.google.gson.JsonPrimitive	getAsInt()	getAsString()	com.google.gson.JsonPrimitive	SOURCE
com.google.gson.JsonPrimitive	getAsByte()	isNumber()	com.google.gson.JsonPrimitive	SOURCE
com.google.gson.JsonPrimitive	getAsByte()	byteValue()	java.lang.Number	SOURCE
com.google.gson.JsonPrimitive	getAsByte()	getAsNumber()	com.google.gson.JsonPrimitive	SOURCE
com.google.gson.JsonPrimitive	getAsByte()	parseByte(java.lang.String)	java.lang.Byte	SOURCE
com.google.gson.JsonPrimitive	getAsByte()	getAsString()	com.google.gson.JsonPrimitive	SOURCE
com.google.gson.JsonPrimitive	getAsCharacter()	charAt(int)	java.lang.String	SOURCE
com.google.gson.JsonPrimitive	getAsCharacter()	getAsString()	com.google.gson.JsonPrimitive	SOURCE
com.google.gson.JsonPrimitive	hashCode()	isIntegral(com.google.gson.JsonPrimitive)	com.google.gson.JsonPrimitive	SOURCE
com.google.gson.JsonPrimitive	hashCode()	longValue()	java.lang.Number	SOURCE
com.google.gson.JsonPrimitive	hashCode()	getAsNumber()	com.google.gson.JsonPrimitive	SOURCE
com.google.gson.JsonPrimitive	hashCode()	doubleToLongBits(double)	java.lang.Double	SOURCE
com.google.gson.JsonPrimitive	hashCode()	doubleValue()	java.lang.Number	SOURCE
com.google.gson.JsonPrimitive	hashCode()	getAsNumber()	com.google.gson.JsonPrimitive	SOURCE
com.google.gson.JsonPrimitive	hashCode()	hashCode()	java.lang.Object	SOURCE
com.google.gson.JsonPrimitive	equals(java.lang.Object)	getClass()	java.lang.Object	SOURCE
com.google.gson.JsonPrimitive	equals(java.lang.Object)	getClass()	java.lang.Object	SOURCE
com.google.gson.JsonPrimitive	equals(java.lang.Object)	isIntegral(com.google.gson.JsonPrimitive)	com.google.gson.JsonPrimitive	SOURCE
com.google.gson.JsonPrimitive	equals(java.lang.Object)	isIntegral(com.google.gson.JsonPrimitive)	com.google.gson.JsonPrimitive	SOURCE
com.google.gson.JsonPrimitive	equals(java.lang.Object)	longValue()	java.lang.Number	SOURCE
com.google.gson.JsonPrimitive	equals(java.lang.Object)	getAsNumber()	com.google.gson.JsonPrimitive	SOURCE
com.google.gson.JsonPrimitive	equals(java.lang.Object)	longValue()	java.lang.Number	SOURCE
com.google.gson.JsonPrimitive	equals(java.lang.Object)	getAsNumber()	com.google.gson.JsonPrimitive	SOURCE
com.google.gson.JsonPrimitive	equals(java.lang.Object)	doubleValue()	java.lang.Number	SOURCE
com.google.gson.JsonPrimitive	equals(java.lang.Object)	getAsNumber()	com.google.gson.JsonPrimitive	SOURCE
com.google.gson.JsonPrimitive	equals(java.lang.Object)	doubleValue()	java.lang.Number	SOURCE
com.google.gson.JsonPrimitive	equals(java.lang.Object)	getAsNumber()	com.google.gson.JsonPrimitive	SOURCE
com.google.gson.JsonPrimitive	equals(java.lang.Object)	isNaN(double)	java.lang.Double	SOURCE
com.google.gson.JsonPrimitive	equals(java.lang.Object)	isNaN(double)	java.lang.Double	SOURCE
com.google.gson.JsonPrimitive	equals(java.lang.Object)	equals(java.lang.Object)	java.lang.Object	SOURCE
com.google.gson.JsonNull	INSTANCE	JsonNull()	com.google.gson.JsonNull	SOURCE
com.google.gson.JsonNull	JsonNull()	JsonElement()	com.google.gson.JsonElement	SOURCE
com.google.gson.JsonNull	hashCode()	hashCode()	java.lang.Object	SOURCE
com.google.gson.internal.LinkedTreeMap	NATURAL_ORDER	()	com.google.gson.internal.LinkedTreeMap$1	SOURCE
com.google.gson.internal.LinkedTreeMap$1	compare(java.lang.Comparable,java.lang.Comparable)	compareTo(T)	java.lang.Comparable	SOURCE
com.google.gson.internal.LinkedTreeMap	header	Node()	com.google.gson.internal.LinkedTreeMap$Node	SOURCE
com.google.gson.internal.LinkedTreeMap	LinkedTreeMap()	LinkedTreeMap(java.util.Comparator<? super K>)	com.google.gson.internal.LinkedTreeMap	SOURCE
com.google.gson.internal.LinkedTreeMap	LinkedTreeMap(java.util.Comparator<? super K>)	AbstractMap()	java.util.AbstractMap	SOURCE
com.google.gson.internal.LinkedTreeMap	get(java.lang.Object)	findByObject(java.lang.Object)	com.google.gson.internal.LinkedTreeMap	SOURCE
com.google.gson.internal.LinkedTreeMap	containsKey(java.lang.Object)	findByObject(java.lang.Object)	com.google.gson.internal.LinkedTreeMap	SOURCE
com.google.gson.internal.LinkedTreeMap	put(K,V)	NullPointerException(java.lang.String)	java.lang.NullPointerException	SOURCE
com.google.gson.internal.LinkedTreeMap	put(K,V)	find(K,boolean)	com.google.gson.internal.LinkedTreeMap	SOURCE
com.google.gson.internal.LinkedTreeMap	remove(java.lang.Object)	removeInternalByKey(java.lang.Object)	com.google.gson.internal.LinkedTreeMap	SOURCE
com.google.gson.internal.LinkedTreeMap	find(K,boolean)	compareTo(T)	java.lang.Comparable	SOURCE
com.google.gson.internal.LinkedTreeMap	find(K,boolean)	compare(T,T)	java.util.Comparator	SOURCE
com.google.gson.internal.LinkedTreeMap	find(K,boolean)	ClassCastException(java.lang.String)	java.lang.ClassCastException	SOURCE
com.google.gson.internal.LinkedTreeMap	find(K,boolean)	getName()	java.lang.Class	SOURCE
com.google.gson.internal.LinkedTreeMap	find(K,boolean)	getClass()	java.lang.Object	SOURCE
com.google.gson.internal.LinkedTreeMap	find(K,boolean)	Node(com.google.gson.internal.LinkedTreeMap.Node<K,V>,K,com.google.gson.internal.LinkedTreeMap.Node<K,V>,com.google.gson.internal.LinkedTreeMap.Node<K,V>)	com.google.gson.internal.LinkedTreeMap$Node	SOURCE
com.google.gson.internal.LinkedTreeMap	find(K,boolean)	Node(com.google.gson.internal.LinkedTreeMap.Node<K,V>,K,com.google.gson.internal.LinkedTreeMap.Node<K,V>,com.google.gson.internal.LinkedTreeMap.Node<K,V>)	com.google.gson.internal.LinkedTreeMap$Node	SOURCE
com.google.gson.internal.LinkedTreeMap	find(K,boolean)	rebalance(com.google.gson.internal.LinkedTreeMap.Node<K,V>,boolean)	com.google.gson.internal.LinkedTreeMap	SOURCE
com.google.gson.internal.LinkedTreeMap	findByObject(java.lang.Object)	find(K,boolean)	com.google.gson.internal.LinkedTreeMap	SOURCE
com.google.gson.internal.LinkedTreeMap	findByEntry(java.util.Map.Entry<?,?>)	findByObject(java.lang.Object)	com.google.gson.internal.LinkedTreeMap	SOURCE
com.google.gson.internal.LinkedTreeMap	findByEntry(java.util.Map.Entry<?,?>)	getKey()	java.util.Map$Entry	SOURCE
com.google.gson.internal.LinkedTreeMap	findByEntry(java.util.Map.Entry<?,?>)	equal(java.lang.Object,java.lang.Object)	com.google.gson.internal.LinkedTreeMap	SOURCE
com.google.gson.internal.LinkedTreeMap	findByEntry(java.util.Map.Entry<?,?>)	getValue()	java.util.Map$Entry	SOURCE
com.google.gson.internal.LinkedTreeMap	equal(java.lang.Object,java.lang.Object)	equals(java.lang.Object)	java.lang.Object	SOURCE
com.google.gson.internal.LinkedTreeMap	removeInternal(com.google.gson.internal.LinkedTreeMap.Node<K,V>,boolean)	last()	com.google.gson.internal.LinkedTreeMap$Node	SOURCE
com.google.gson.internal.LinkedTreeMap	removeInternal(com.google.gson.internal.LinkedTreeMap.Node<K,V>,boolean)	first()	com.google.gson.internal.LinkedTreeMap$Node	SOURCE
com.google.gson.internal.LinkedTreeMap	removeInternal(com.google.gson.internal.LinkedTreeMap.Node<K,V>,boolean)	removeInternal(com.google.gson.internal.LinkedTreeMap.Node<K,V>,boolean)	com.google.gson.internal.LinkedTreeMap	SOURCE
com.google.gson.internal.LinkedTreeMap	removeInternal(com.google.gson.internal.LinkedTreeMap.Node<K,V>,boolean)	max(int,int)	java.lang.Math	SOURCE
com.google.gson.internal.LinkedTreeMap	removeInternal(com.google.gson.internal.LinkedTreeMap.Node<K,V>,boolean)	replaceInParent(com.google.gson.internal.LinkedTreeMap.Node<K,V>,com.google.gson.internal.LinkedTreeMap.Node<K,V>)	com.google.gson.internal.LinkedTreeMap	SOURCE
com.google.gson.internal.LinkedTreeMap	removeInternal(com.google.gson.internal.LinkedTreeMap.Node<K,V>,boolean)	replaceInParent(com.google.gson.internal.LinkedTreeMap.Node<K,V>,com.google.gson.internal.LinkedTreeMap.Node<K,V>)	com.google.gson.internal.LinkedTreeMap	SOURCE
com.google.gson.internal.LinkedTreeMap	removeInternal(com.google.gson.internal.LinkedTreeMap.Node<K,V>,boolean)	replaceInParent(com.google.gson.internal.LinkedTreeMap.Node<K,V>,com.google.gson.internal.LinkedTreeMap.Node<K,V>)	com.google.gson.internal.LinkedTreeMap	SOURCE
com.google.gson.internal.LinkedTreeMap	removeInternal(com.google.gson.internal.LinkedTreeMap.Node<K,V>,boolean)	replaceInParent(com.google.gson.internal.LinkedTreeMap.Node<K,V>,com.google.gson.internal.LinkedTreeMap.Node<K,V>)	com.google.gson.internal.LinkedTreeMap	SOURCE
com.google.gson.internal.LinkedTreeMap	removeInternal(com.google.gson.internal.LinkedTreeMap.Node<K,V>,boolean)	rebalance(com.google.gson.internal.LinkedTreeMap.Node<K,V>,boolean)	com.google.gson.internal.LinkedTreeMap	SOURCE
com.google.gson.internal.LinkedTreeMap	removeInternalByKey(java.lang.Object)	findByObject(java.lang.Object)	com.google.gson.internal.LinkedTreeMap	SOURCE
com.google.gson.internal.LinkedTreeMap	removeInternalByKey(java.lang.Object)	removeInternal(com.google.gson.internal.LinkedTreeMap.Node<K,V>,boolean)	com.google.gson.internal.LinkedTreeMap	SOURCE
com.google.gson.internal.LinkedTreeMap	rebalance(com.google.gson.internal.LinkedTreeMap.Node<K,V>,boolean)	rotateLeft(com.google.gson.internal.LinkedTreeMap.Node<K,V>)	com.google.gson.internal.LinkedTreeMap	SOURCE
com.google.gson.internal.LinkedTreeMap	rebalance(com.google.gson.internal.LinkedTreeMap.Node<K,V>,boolean)	rotateRight(com.google.gson.internal.LinkedTreeMap.Node<K,V>)	com.google.gson.internal.LinkedTreeMap	SOURCE
com.google.gson.internal.LinkedTreeMap	rebalance(com.google.gson.internal.LinkedTreeMap.Node<K,V>,boolean)	rotateLeft(com.google.gson.internal.LinkedTreeMap.Node<K,V>)	com.google.gson.internal.LinkedTreeMap	SOURCE
com.google.gson.internal.LinkedTreeMap	rebalance(com.google.gson.internal.LinkedTreeMap.Node<K,V>,boolean)	rotateRight(com.google.gson.internal.LinkedTreeMap.Node<K,V>)	com.google.gson.internal.LinkedTreeMap	SOURCE
com.google.gson.internal.LinkedTreeMap	rebalance(com.google.gson.internal.LinkedTreeMap.Node<K,V>,boolean)	rotateLeft(com.google.gson.internal.LinkedTreeMap.Node<K,V>)	com.google.gson.internal.LinkedTreeMap	SOURCE
com.google.gson.internal.LinkedTreeMap	rebalance(com.google.gson.internal.LinkedTreeMap.Node<K,V>,boolean)	rotateRight(com.google.gson.internal.LinkedTreeMap.Node<K,V>)	com.google.gson.internal.LinkedTreeMap	SOURCE
com.google.gson.internal.LinkedTreeMap	rebalance(com.google.gson.internal.LinkedTreeMap.Node<K,V>,boolean)	max(int,int)	java.lang.Math	SOURCE
com.google.gson.internal.LinkedTreeMap	rotateLeft(com.google.gson.internal.LinkedTreeMap.Node<K,V>)	replaceInParent(com.google.gson.internal.LinkedTreeMap.Node<K,V>,com.google.gson.internal.LinkedTreeMap.Node<K,V>)	com.google.gson.internal.LinkedTreeMap	SOURCE
com.google.gson.internal.LinkedTreeMap	rotateLeft(com.google.gson.internal.LinkedTreeMap.Node<K,V>)	max(int,int)	java.lang.Math	SOURCE
com.google.gson.internal.LinkedTreeMap	rotateLeft(com.google.gson.internal.LinkedTreeMap.Node<K,V>)	max(int,int)	java.lang.Math	SOURCE
com.google.gson.internal.LinkedTreeMap	rotateRight(com.google.gson.internal.LinkedTreeMap.Node<K,V>)	replaceInParent(com.google.gson.internal.LinkedTreeMap.Node<K,V>,com.google.gson.internal.LinkedTreeMap.Node<K,V>)	com.google.gson.internal.LinkedTreeMap	SOURCE
com.google.gson.internal.LinkedTreeMap	rotateRight(com.google.gson.internal.LinkedTreeMap.Node<K,V>)	max(int,int)	java.lang.Math	SOURCE
com.google.gson.internal.LinkedTreeMap	rotateRight(com.google.gson.internal.LinkedTreeMap.Node<K,V>)	max(int,int)	java.lang.Math	SOURCE
com.google.gson.internal.LinkedTreeMap	entrySet()	EntrySet()	com.google.gson.internal.LinkedTreeMap$EntrySet	SOURCE
com.google.gson.internal.LinkedTreeMap	keySet()	KeySet()	com.google.gson.internal.LinkedTreeMap$KeySet	SOURCE
com.google.gson.internal.LinkedTreeMap$Node	Node()	Object()	java.lang.Object	SOURCE
com.google.gson.internal.LinkedTreeMap$Node	Node(com.google.gson.internal.LinkedTreeMap.Node<K,V>,K,com.google.gson.internal.LinkedTreeMap.Node<K,V>,com.google.gson.internal.LinkedTreeMap.Node<K,V>)	Object()	java.lang.Object	SOURCE
com.google.gson.internal.LinkedTreeMap$Node	equals(java.lang.Object)	getKey()	java.util.Map$Entry	SOURCE
com.google.gson.internal.LinkedTreeMap$Node	equals(java.lang.Object)	equals(java.lang.Object)	java.lang.Object	SOURCE
com.google.gson.internal.LinkedTreeMap$Node	equals(java.lang.Object)	getKey()	java.util.Map$Entry	SOURCE
com.google.gson.internal.LinkedTreeMap$Node	equals(java.lang.Object)	getValue()	java.util.Map$Entry	SOURCE
com.google.gson.internal.LinkedTreeMap$Node	equals(java.lang.Object)	equals(java.lang.Object)	java.lang.Object	SOURCE
com.google.gson.internal.LinkedTreeMap$Node	equals(java.lang.Object)	getValue()	java.util.Map$Entry	SOURCE
com.google.gson.internal.LinkedTreeMap$Node	hashCode()	hashCode()	java.lang.Object	SOURCE
com.google.gson.internal.LinkedTreeMap$Node	hashCode()	hashCode()	java.lang.Object	SOURCE
com.google.gson.internal.LinkedTreeMap$LinkedTreeMapIterator	LinkedTreeMapIterator()	Object()	java.lang.Object	SOURCE
com.google.gson.internal.LinkedTreeMap$LinkedTreeMapIterator	nextNode()	NoSuchElementException()	java.util.NoSuchElementException	SOURCE
com.google.gson.internal.LinkedTreeMap$LinkedTreeMapIterator	nextNode()	ConcurrentModificationException()	java.util.ConcurrentModificationException	SOURCE
com.google.gson.internal.LinkedTreeMap$LinkedTreeMapIterator	remove()	IllegalStateException()	java.lang.IllegalStateException	SOURCE
com.google.gson.internal.LinkedTreeMap$LinkedTreeMapIterator	remove()	removeInternal(com.google.gson.internal.LinkedTreeMap.Node<K,V>,boolean)	com.google.gson.internal.LinkedTreeMap	SOURCE
com.google.gson.internal.LinkedTreeMap$EntrySet	iterator()	()	com.google.gson.internal.LinkedTreeMap$EntrySet$1	SOURCE
com.google.gson.internal.LinkedTreeMap$EntrySet$1	next()	nextNode()	com.google.gson.internal.LinkedTreeMap$LinkedTreeMapIterator	SOURCE
com.google.gson.internal.LinkedTreeMap$EntrySet	contains(java.lang.Object)	findByEntry(java.util.Map.Entry<?,?>)	com.google.gson.internal.LinkedTreeMap	SOURCE
com.google.gson.internal.LinkedTreeMap$EntrySet	remove(java.lang.Object)	findByEntry(java.util.Map.Entry<?,?>)	com.google.gson.internal.LinkedTreeMap	SOURCE
com.google.gson.internal.LinkedTreeMap$EntrySet	remove(java.lang.Object)	removeInternal(com.google.gson.internal.LinkedTreeMap.Node<K,V>,boolean)	com.google.gson.internal.LinkedTreeMap	SOURCE
com.google.gson.internal.LinkedTreeMap$EntrySet	clear()	clear()	com.google.gson.internal.LinkedTreeMap	SOURCE
com.google.gson.internal.LinkedTreeMap$KeySet	iterator()	()	com.google.gson.internal.LinkedTreeMap$KeySet$1	SOURCE
com.google.gson.internal.LinkedTreeMap$KeySet$1	next()	nextNode()	com.google.gson.internal.LinkedTreeMap$LinkedTreeMapIterator	SOURCE
com.google.gson.internal.LinkedTreeMap$KeySet	contains(java.lang.Object)	containsKey(java.lang.Object)	com.google.gson.internal.LinkedTreeMap	SOURCE
com.google.gson.internal.LinkedTreeMap$KeySet	remove(java.lang.Object)	removeInternalByKey(java.lang.Object)	com.google.gson.internal.LinkedTreeMap	SOURCE
com.google.gson.internal.LinkedTreeMap$KeySet	clear()	clear()	com.google.gson.internal.LinkedTreeMap	SOURCE
com.google.gson.internal.LinkedTreeMap	writeReplace()	LinkedHashMap(java.util.Map<? extends K,? extends V>)	java.util.LinkedHashMap	SOURCE
<<<<<<< HEAD
com.google.gson.DefaultDateTypeAdapter	dateFormats	ArrayList()	java.util.ArrayList	SOURCE
com.google.gson.DefaultDateTypeAdapter	DefaultDateTypeAdapter(java.lang.Class<? extends java.util.Date>)	TypeAdapter()	com.google.gson.TypeAdapter	SOURCE
com.google.gson.DefaultDateTypeAdapter	DefaultDateTypeAdapter(java.lang.Class<? extends java.util.Date>)	verifyDateType(java.lang.Class<? extends java.util.Date>)	com.google.gson.DefaultDateTypeAdapter	SOURCE
com.google.gson.DefaultDateTypeAdapter	DefaultDateTypeAdapter(java.lang.Class<? extends java.util.Date>)	add(E)	java.util.List	SOURCE
com.google.gson.DefaultDateTypeAdapter	DefaultDateTypeAdapter(java.lang.Class<? extends java.util.Date>)	getDateTimeInstance(int,int,java.util.Locale)	java.text.DateFormat	SOURCE
com.google.gson.DefaultDateTypeAdapter	DefaultDateTypeAdapter(java.lang.Class<? extends java.util.Date>)	equals(java.lang.Object)	java.util.Locale	SOURCE
com.google.gson.DefaultDateTypeAdapter	DefaultDateTypeAdapter(java.lang.Class<? extends java.util.Date>)	getDefault()	java.util.Locale	SOURCE
com.google.gson.DefaultDateTypeAdapter	DefaultDateTypeAdapter(java.lang.Class<? extends java.util.Date>)	add(E)	java.util.List	SOURCE
com.google.gson.DefaultDateTypeAdapter	DefaultDateTypeAdapter(java.lang.Class<? extends java.util.Date>)	getDateTimeInstance(int,int)	java.text.DateFormat	SOURCE
com.google.gson.DefaultDateTypeAdapter	DefaultDateTypeAdapter(java.lang.Class<? extends java.util.Date>)	isJava9OrLater()	com.google.gson.internal.JavaVersion	SOURCE
com.google.gson.DefaultDateTypeAdapter	DefaultDateTypeAdapter(java.lang.Class<? extends java.util.Date>)	add(E)	java.util.List	SOURCE
com.google.gson.DefaultDateTypeAdapter	DefaultDateTypeAdapter(java.lang.Class<? extends java.util.Date>)	getUSDateTimeFormat(int,int)	com.google.gson.internal.PreJava9DateFormatProvider	SOURCE
com.google.gson.DefaultDateTypeAdapter	DefaultDateTypeAdapter(java.lang.Class<? extends java.util.Date>,java.lang.String)	TypeAdapter()	com.google.gson.TypeAdapter	SOURCE
com.google.gson.DefaultDateTypeAdapter	DefaultDateTypeAdapter(java.lang.Class<? extends java.util.Date>,java.lang.String)	verifyDateType(java.lang.Class<? extends java.util.Date>)	com.google.gson.DefaultDateTypeAdapter	SOURCE
com.google.gson.DefaultDateTypeAdapter	DefaultDateTypeAdapter(java.lang.Class<? extends java.util.Date>,java.lang.String)	add(E)	java.util.List	SOURCE
com.google.gson.DefaultDateTypeAdapter	DefaultDateTypeAdapter(java.lang.Class<? extends java.util.Date>,java.lang.String)	SimpleDateFormat(java.lang.String,java.util.Locale)	java.text.SimpleDateFormat	SOURCE
com.google.gson.DefaultDateTypeAdapter	DefaultDateTypeAdapter(java.lang.Class<? extends java.util.Date>,java.lang.String)	equals(java.lang.Object)	java.util.Locale	SOURCE
com.google.gson.DefaultDateTypeAdapter	DefaultDateTypeAdapter(java.lang.Class<? extends java.util.Date>,java.lang.String)	getDefault()	java.util.Locale	SOURCE
com.google.gson.DefaultDateTypeAdapter	DefaultDateTypeAdapter(java.lang.Class<? extends java.util.Date>,java.lang.String)	add(E)	java.util.List	SOURCE
com.google.gson.DefaultDateTypeAdapter	DefaultDateTypeAdapter(java.lang.Class<? extends java.util.Date>,java.lang.String)	SimpleDateFormat(java.lang.String)	java.text.SimpleDateFormat	SOURCE
com.google.gson.DefaultDateTypeAdapter	DefaultDateTypeAdapter(java.lang.Class<? extends java.util.Date>,int)	TypeAdapter()	com.google.gson.TypeAdapter	SOURCE
com.google.gson.DefaultDateTypeAdapter	DefaultDateTypeAdapter(java.lang.Class<? extends java.util.Date>,int)	verifyDateType(java.lang.Class<? extends java.util.Date>)	com.google.gson.DefaultDateTypeAdapter	SOURCE
com.google.gson.DefaultDateTypeAdapter	DefaultDateTypeAdapter(java.lang.Class<? extends java.util.Date>,int)	add(E)	java.util.List	SOURCE
com.google.gson.DefaultDateTypeAdapter	DefaultDateTypeAdapter(java.lang.Class<? extends java.util.Date>,int)	getDateInstance(int,java.util.Locale)	java.text.DateFormat	SOURCE
com.google.gson.DefaultDateTypeAdapter	DefaultDateTypeAdapter(java.lang.Class<? extends java.util.Date>,int)	equals(java.lang.Object)	java.util.Locale	SOURCE
com.google.gson.DefaultDateTypeAdapter	DefaultDateTypeAdapter(java.lang.Class<? extends java.util.Date>,int)	getDefault()	java.util.Locale	SOURCE
com.google.gson.DefaultDateTypeAdapter	DefaultDateTypeAdapter(java.lang.Class<? extends java.util.Date>,int)	add(E)	java.util.List	SOURCE
com.google.gson.DefaultDateTypeAdapter	DefaultDateTypeAdapter(java.lang.Class<? extends java.util.Date>,int)	getDateInstance(int)	java.text.DateFormat	SOURCE
com.google.gson.DefaultDateTypeAdapter	DefaultDateTypeAdapter(java.lang.Class<? extends java.util.Date>,int)	isJava9OrLater()	com.google.gson.internal.JavaVersion	SOURCE
com.google.gson.DefaultDateTypeAdapter	DefaultDateTypeAdapter(java.lang.Class<? extends java.util.Date>,int)	add(E)	java.util.List	SOURCE
com.google.gson.DefaultDateTypeAdapter	DefaultDateTypeAdapter(java.lang.Class<? extends java.util.Date>,int)	getUSDateFormat(int)	com.google.gson.internal.PreJava9DateFormatProvider	SOURCE
com.google.gson.DefaultDateTypeAdapter	DefaultDateTypeAdapter(int,int)	DefaultDateTypeAdapter(java.lang.Class<? extends java.util.Date>,int,int)	com.google.gson.DefaultDateTypeAdapter	SOURCE
com.google.gson.DefaultDateTypeAdapter	DefaultDateTypeAdapter(java.lang.Class<? extends java.util.Date>,int,int)	TypeAdapter()	com.google.gson.TypeAdapter	SOURCE
com.google.gson.DefaultDateTypeAdapter	DefaultDateTypeAdapter(java.lang.Class<? extends java.util.Date>,int,int)	verifyDateType(java.lang.Class<? extends java.util.Date>)	com.google.gson.DefaultDateTypeAdapter	SOURCE
com.google.gson.DefaultDateTypeAdapter	DefaultDateTypeAdapter(java.lang.Class<? extends java.util.Date>,int,int)	add(E)	java.util.List	SOURCE
com.google.gson.DefaultDateTypeAdapter	DefaultDateTypeAdapter(java.lang.Class<? extends java.util.Date>,int,int)	getDateTimeInstance(int,int,java.util.Locale)	java.text.DateFormat	SOURCE
com.google.gson.DefaultDateTypeAdapter	DefaultDateTypeAdapter(java.lang.Class<? extends java.util.Date>,int,int)	equals(java.lang.Object)	java.util.Locale	SOURCE
com.google.gson.DefaultDateTypeAdapter	DefaultDateTypeAdapter(java.lang.Class<? extends java.util.Date>,int,int)	getDefault()	java.util.Locale	SOURCE
com.google.gson.DefaultDateTypeAdapter	DefaultDateTypeAdapter(java.lang.Class<? extends java.util.Date>,int,int)	add(E)	java.util.List	SOURCE
com.google.gson.DefaultDateTypeAdapter	DefaultDateTypeAdapter(java.lang.Class<? extends java.util.Date>,int,int)	getDateTimeInstance(int,int)	java.text.DateFormat	SOURCE
com.google.gson.DefaultDateTypeAdapter	DefaultDateTypeAdapter(java.lang.Class<? extends java.util.Date>,int,int)	isJava9OrLater()	com.google.gson.internal.JavaVersion	SOURCE
com.google.gson.DefaultDateTypeAdapter	DefaultDateTypeAdapter(java.lang.Class<? extends java.util.Date>,int,int)	add(E)	java.util.List	SOURCE
com.google.gson.DefaultDateTypeAdapter	DefaultDateTypeAdapter(java.lang.Class<? extends java.util.Date>,int,int)	getUSDateTimeFormat(int,int)	com.google.gson.internal.PreJava9DateFormatProvider	SOURCE
com.google.gson.DefaultDateTypeAdapter	verifyDateType(java.lang.Class<? extends java.util.Date>)	IllegalArgumentException(java.lang.String)	java.lang.IllegalArgumentException	SOURCE
com.google.gson.DefaultDateTypeAdapter	write(com.google.gson.stream.JsonWriter,java.util.Date)	nullValue()	com.google.gson.stream.JsonWriter	SOURCE
com.google.gson.DefaultDateTypeAdapter	write(com.google.gson.stream.JsonWriter,java.util.Date)	format(java.util.Date)	java.text.DateFormat	SOURCE
com.google.gson.DefaultDateTypeAdapter	write(com.google.gson.stream.JsonWriter,java.util.Date)	get(int)	java.util.List	SOURCE
com.google.gson.DefaultDateTypeAdapter	write(com.google.gson.stream.JsonWriter,java.util.Date)	value(java.lang.String)	com.google.gson.stream.JsonWriter	SOURCE
com.google.gson.DefaultDateTypeAdapter	read(com.google.gson.stream.JsonReader)	peek()	com.google.gson.stream.JsonReader	SOURCE
com.google.gson.DefaultDateTypeAdapter	read(com.google.gson.stream.JsonReader)	nextNull()	com.google.gson.stream.JsonReader	SOURCE
com.google.gson.DefaultDateTypeAdapter	read(com.google.gson.stream.JsonReader)	deserializeToDate(java.lang.String)	com.google.gson.DefaultDateTypeAdapter	SOURCE
com.google.gson.DefaultDateTypeAdapter	read(com.google.gson.stream.JsonReader)	nextString()	com.google.gson.stream.JsonReader	SOURCE
com.google.gson.DefaultDateTypeAdapter	read(com.google.gson.stream.JsonReader)	Timestamp(long)	java.sql.Timestamp	SOURCE
com.google.gson.DefaultDateTypeAdapter	read(com.google.gson.stream.JsonReader)	getTime()	java.util.Date	SOURCE
com.google.gson.DefaultDateTypeAdapter	read(com.google.gson.stream.JsonReader)	Date(long)	java.sql.Date	SOURCE
com.google.gson.DefaultDateTypeAdapter	read(com.google.gson.stream.JsonReader)	getTime()	java.util.Date	SOURCE
com.google.gson.DefaultDateTypeAdapter	read(com.google.gson.stream.JsonReader)	AssertionError()	java.lang.AssertionError	SOURCE
com.google.gson.DefaultDateTypeAdapter	deserializeToDate(java.lang.String)	parse(java.lang.String)	java.text.DateFormat	SOURCE
com.google.gson.DefaultDateTypeAdapter	deserializeToDate(java.lang.String)	parse(java.lang.String,java.text.ParsePosition)	com.google.gson.internal.bind.util.ISO8601Utils	SOURCE
com.google.gson.DefaultDateTypeAdapter	deserializeToDate(java.lang.String)	ParsePosition(int)	java.text.ParsePosition	SOURCE
com.google.gson.DefaultDateTypeAdapter	deserializeToDate(java.lang.String)	JsonSyntaxException(java.lang.String,java.lang.Throwable)	com.google.gson.JsonSyntaxException	SOURCE
com.google.gson.DefaultDateTypeAdapter	toString()	get(int)	java.util.List	SOURCE
com.google.gson.DefaultDateTypeAdapter	toString()	toPattern()	java.text.SimpleDateFormat	SOURCE
com.google.gson.DefaultDateTypeAdapter	toString()	getSimpleName()	java.lang.Class	SOURCE
com.google.gson.DefaultDateTypeAdapter	toString()	getClass()	java.lang.Object	SOURCE
=======
com.google.gson.reflect.TypeToken	TypeToken()	Object()	java.lang.Object	SOURCE
com.google.gson.reflect.TypeToken	TypeToken()	getSuperclassTypeParameter(java.lang.Class<?>)	com.google.gson.reflect.TypeToken	SOURCE
com.google.gson.reflect.TypeToken	TypeToken()	getClass()	java.lang.Object	SOURCE
com.google.gson.reflect.TypeToken	TypeToken()	getRawType(java.lang.reflect.Type)	com.google.gson.internal.$Gson$Types	SOURCE
com.google.gson.reflect.TypeToken	TypeToken()	hashCode()	java.lang.Object	SOURCE
com.google.gson.reflect.TypeToken	TypeToken(java.lang.reflect.Type)	Object()	java.lang.Object	SOURCE
com.google.gson.reflect.TypeToken	TypeToken(java.lang.reflect.Type)	canonicalize(java.lang.reflect.Type)	com.google.gson.internal.$Gson$Types	SOURCE
com.google.gson.reflect.TypeToken	TypeToken(java.lang.reflect.Type)	<T>checkNotNull(T)	com.google.gson.internal.$Gson$Preconditions	SOURCE
com.google.gson.reflect.TypeToken	TypeToken(java.lang.reflect.Type)	getRawType(java.lang.reflect.Type)	com.google.gson.internal.$Gson$Types	SOURCE
com.google.gson.reflect.TypeToken	TypeToken(java.lang.reflect.Type)	hashCode()	java.lang.Object	SOURCE
com.google.gson.reflect.TypeToken	getSuperclassTypeParameter(java.lang.Class<?>)	getGenericSuperclass()	java.lang.Class	SOURCE
com.google.gson.reflect.TypeToken	getSuperclassTypeParameter(java.lang.Class<?>)	RuntimeException(java.lang.String)	java.lang.RuntimeException	SOURCE
com.google.gson.reflect.TypeToken	getSuperclassTypeParameter(java.lang.Class<?>)	canonicalize(java.lang.reflect.Type)	com.google.gson.internal.$Gson$Types	SOURCE
com.google.gson.reflect.TypeToken	getSuperclassTypeParameter(java.lang.Class<?>)	getActualTypeArguments()	java.lang.reflect.ParameterizedType	SOURCE
com.google.gson.reflect.TypeToken	isAssignableFrom(java.lang.Class<?>)	isAssignableFrom(java.lang.reflect.Type)	com.google.gson.reflect.TypeToken	SOURCE
com.google.gson.reflect.TypeToken	isAssignableFrom(java.lang.reflect.Type)	equals(java.lang.Object)	java.lang.Object	SOURCE
com.google.gson.reflect.TypeToken	isAssignableFrom(java.lang.reflect.Type)	isAssignableFrom(java.lang.Class<?>)	java.lang.Class	SOURCE
com.google.gson.reflect.TypeToken	isAssignableFrom(java.lang.reflect.Type)	getRawType(java.lang.reflect.Type)	com.google.gson.internal.$Gson$Types	SOURCE
com.google.gson.reflect.TypeToken	isAssignableFrom(java.lang.reflect.Type)	isAssignableFrom(java.lang.reflect.Type,java.lang.reflect.ParameterizedType,java.util.Map<java.lang.String,java.lang.reflect.Type>)	com.google.gson.reflect.TypeToken	SOURCE
com.google.gson.reflect.TypeToken	isAssignableFrom(java.lang.reflect.Type)	HashMap()	java.util.HashMap	SOURCE
com.google.gson.reflect.TypeToken	isAssignableFrom(java.lang.reflect.Type)	isAssignableFrom(java.lang.Class<?>)	java.lang.Class	SOURCE
com.google.gson.reflect.TypeToken	isAssignableFrom(java.lang.reflect.Type)	getRawType(java.lang.reflect.Type)	com.google.gson.internal.$Gson$Types	SOURCE
com.google.gson.reflect.TypeToken	isAssignableFrom(java.lang.reflect.Type)	isAssignableFrom(java.lang.reflect.Type,java.lang.reflect.GenericArrayType)	com.google.gson.reflect.TypeToken	SOURCE
com.google.gson.reflect.TypeToken	isAssignableFrom(java.lang.reflect.Type)	buildUnexpectedTypeError(java.lang.reflect.Type,java.lang.Class<?>...)	com.google.gson.reflect.TypeToken	SOURCE
com.google.gson.reflect.TypeToken	isAssignableFrom(com.google.gson.reflect.TypeToken<?>)	isAssignableFrom(java.lang.reflect.Type)	com.google.gson.reflect.TypeToken	SOURCE
com.google.gson.reflect.TypeToken	isAssignableFrom(com.google.gson.reflect.TypeToken<?>)	getType()	com.google.gson.reflect.TypeToken	SOURCE
com.google.gson.reflect.TypeToken	isAssignableFrom(java.lang.reflect.Type,java.lang.reflect.GenericArrayType)	getGenericComponentType()	java.lang.reflect.GenericArrayType	SOURCE
com.google.gson.reflect.TypeToken	isAssignableFrom(java.lang.reflect.Type,java.lang.reflect.GenericArrayType)	getGenericComponentType()	java.lang.reflect.GenericArrayType	SOURCE
com.google.gson.reflect.TypeToken	isAssignableFrom(java.lang.reflect.Type,java.lang.reflect.GenericArrayType)	isArray()	java.lang.Class	SOURCE
com.google.gson.reflect.TypeToken	isAssignableFrom(java.lang.reflect.Type,java.lang.reflect.GenericArrayType)	getComponentType()	java.lang.Class	SOURCE
com.google.gson.reflect.TypeToken	isAssignableFrom(java.lang.reflect.Type,java.lang.reflect.GenericArrayType)	isAssignableFrom(java.lang.reflect.Type,java.lang.reflect.ParameterizedType,java.util.Map<java.lang.String,java.lang.reflect.Type>)	com.google.gson.reflect.TypeToken	SOURCE
com.google.gson.reflect.TypeToken	isAssignableFrom(java.lang.reflect.Type,java.lang.reflect.GenericArrayType)	HashMap()	java.util.HashMap	SOURCE
com.google.gson.reflect.TypeToken	isAssignableFrom(java.lang.reflect.Type,java.lang.reflect.ParameterizedType,java.util.Map<java.lang.String,java.lang.reflect.Type>)	equals(java.lang.Object)	java.lang.Object	SOURCE
com.google.gson.reflect.TypeToken	isAssignableFrom(java.lang.reflect.Type,java.lang.reflect.ParameterizedType,java.util.Map<java.lang.String,java.lang.reflect.Type>)	getRawType(java.lang.reflect.Type)	com.google.gson.internal.$Gson$Types	SOURCE
com.google.gson.reflect.TypeToken	isAssignableFrom(java.lang.reflect.Type,java.lang.reflect.ParameterizedType,java.util.Map<java.lang.String,java.lang.reflect.Type>)	getActualTypeArguments()	java.lang.reflect.ParameterizedType	SOURCE
com.google.gson.reflect.TypeToken	isAssignableFrom(java.lang.reflect.Type,java.lang.reflect.ParameterizedType,java.util.Map<java.lang.String,java.lang.reflect.Type>)	getTypeParameters()	java.lang.Class	SOURCE
com.google.gson.reflect.TypeToken	isAssignableFrom(java.lang.reflect.Type,java.lang.reflect.ParameterizedType,java.util.Map<java.lang.String,java.lang.reflect.Type>)	get(java.lang.Object)	java.util.Map	SOURCE
com.google.gson.reflect.TypeToken	isAssignableFrom(java.lang.reflect.Type,java.lang.reflect.ParameterizedType,java.util.Map<java.lang.String,java.lang.reflect.Type>)	getName()	java.lang.reflect.TypeVariable	SOURCE
com.google.gson.reflect.TypeToken	isAssignableFrom(java.lang.reflect.Type,java.lang.reflect.ParameterizedType,java.util.Map<java.lang.String,java.lang.reflect.Type>)	put(K,V)	java.util.Map	SOURCE
com.google.gson.reflect.TypeToken	isAssignableFrom(java.lang.reflect.Type,java.lang.reflect.ParameterizedType,java.util.Map<java.lang.String,java.lang.reflect.Type>)	getName()	java.lang.reflect.TypeVariable	SOURCE
com.google.gson.reflect.TypeToken	isAssignableFrom(java.lang.reflect.Type,java.lang.reflect.ParameterizedType,java.util.Map<java.lang.String,java.lang.reflect.Type>)	typeEquals(java.lang.reflect.ParameterizedType,java.lang.reflect.ParameterizedType,java.util.Map<java.lang.String,java.lang.reflect.Type>)	com.google.gson.reflect.TypeToken	SOURCE
com.google.gson.reflect.TypeToken	isAssignableFrom(java.lang.reflect.Type,java.lang.reflect.ParameterizedType,java.util.Map<java.lang.String,java.lang.reflect.Type>)	getGenericInterfaces()	java.lang.Class	SOURCE
com.google.gson.reflect.TypeToken	isAssignableFrom(java.lang.reflect.Type,java.lang.reflect.ParameterizedType,java.util.Map<java.lang.String,java.lang.reflect.Type>)	isAssignableFrom(java.lang.reflect.Type,java.lang.reflect.ParameterizedType,java.util.Map<java.lang.String,java.lang.reflect.Type>)	com.google.gson.reflect.TypeToken	SOURCE
com.google.gson.reflect.TypeToken	isAssignableFrom(java.lang.reflect.Type,java.lang.reflect.ParameterizedType,java.util.Map<java.lang.String,java.lang.reflect.Type>)	HashMap(java.util.Map<? extends K,? extends V>)	java.util.HashMap	SOURCE
com.google.gson.reflect.TypeToken	isAssignableFrom(java.lang.reflect.Type,java.lang.reflect.ParameterizedType,java.util.Map<java.lang.String,java.lang.reflect.Type>)	getGenericSuperclass()	java.lang.Class	SOURCE
com.google.gson.reflect.TypeToken	isAssignableFrom(java.lang.reflect.Type,java.lang.reflect.ParameterizedType,java.util.Map<java.lang.String,java.lang.reflect.Type>)	isAssignableFrom(java.lang.reflect.Type,java.lang.reflect.ParameterizedType,java.util.Map<java.lang.String,java.lang.reflect.Type>)	com.google.gson.reflect.TypeToken	SOURCE
com.google.gson.reflect.TypeToken	isAssignableFrom(java.lang.reflect.Type,java.lang.reflect.ParameterizedType,java.util.Map<java.lang.String,java.lang.reflect.Type>)	HashMap(java.util.Map<? extends K,? extends V>)	java.util.HashMap	SOURCE
com.google.gson.reflect.TypeToken	typeEquals(java.lang.reflect.ParameterizedType,java.lang.reflect.ParameterizedType,java.util.Map<java.lang.String,java.lang.reflect.Type>)	equals(java.lang.Object)	java.lang.Object	SOURCE
com.google.gson.reflect.TypeToken	typeEquals(java.lang.reflect.ParameterizedType,java.lang.reflect.ParameterizedType,java.util.Map<java.lang.String,java.lang.reflect.Type>)	getRawType()	java.lang.reflect.ParameterizedType	SOURCE
com.google.gson.reflect.TypeToken	typeEquals(java.lang.reflect.ParameterizedType,java.lang.reflect.ParameterizedType,java.util.Map<java.lang.String,java.lang.reflect.Type>)	getRawType()	java.lang.reflect.ParameterizedType	SOURCE
com.google.gson.reflect.TypeToken	typeEquals(java.lang.reflect.ParameterizedType,java.lang.reflect.ParameterizedType,java.util.Map<java.lang.String,java.lang.reflect.Type>)	getActualTypeArguments()	java.lang.reflect.ParameterizedType	SOURCE
com.google.gson.reflect.TypeToken	typeEquals(java.lang.reflect.ParameterizedType,java.lang.reflect.ParameterizedType,java.util.Map<java.lang.String,java.lang.reflect.Type>)	getActualTypeArguments()	java.lang.reflect.ParameterizedType	SOURCE
com.google.gson.reflect.TypeToken	typeEquals(java.lang.reflect.ParameterizedType,java.lang.reflect.ParameterizedType,java.util.Map<java.lang.String,java.lang.reflect.Type>)	matches(java.lang.reflect.Type,java.lang.reflect.Type,java.util.Map<java.lang.String,java.lang.reflect.Type>)	com.google.gson.reflect.TypeToken	SOURCE
com.google.gson.reflect.TypeToken	buildUnexpectedTypeError(java.lang.reflect.Type,java.lang.Class<?>...)	StringBuilder(java.lang.String)	java.lang.StringBuilder	SOURCE
com.google.gson.reflect.TypeToken	buildUnexpectedTypeError(java.lang.reflect.Type,java.lang.Class<?>...)	append(java.lang.String)	java.lang.StringBuilder	SOURCE
com.google.gson.reflect.TypeToken	buildUnexpectedTypeError(java.lang.reflect.Type,java.lang.Class<?>...)	append(java.lang.String)	java.lang.StringBuilder	SOURCE
com.google.gson.reflect.TypeToken	buildUnexpectedTypeError(java.lang.reflect.Type,java.lang.Class<?>...)	getName()	java.lang.Class	SOURCE
com.google.gson.reflect.TypeToken	buildUnexpectedTypeError(java.lang.reflect.Type,java.lang.Class<?>...)	append(char)	java.lang.StringBuilder	SOURCE
com.google.gson.reflect.TypeToken	buildUnexpectedTypeError(java.lang.reflect.Type,java.lang.Class<?>...)	append(java.lang.String)	java.lang.StringBuilder	SOURCE
com.google.gson.reflect.TypeToken	buildUnexpectedTypeError(java.lang.reflect.Type,java.lang.Class<?>...)	append(java.lang.String)	java.lang.StringBuilder	SOURCE
com.google.gson.reflect.TypeToken	buildUnexpectedTypeError(java.lang.reflect.Type,java.lang.Class<?>...)	append(java.lang.String)	java.lang.StringBuilder	SOURCE
com.google.gson.reflect.TypeToken	buildUnexpectedTypeError(java.lang.reflect.Type,java.lang.Class<?>...)	append(java.lang.String)	java.lang.StringBuilder	SOURCE
com.google.gson.reflect.TypeToken	buildUnexpectedTypeError(java.lang.reflect.Type,java.lang.Class<?>...)	getName()	java.lang.Class	SOURCE
com.google.gson.reflect.TypeToken	buildUnexpectedTypeError(java.lang.reflect.Type,java.lang.Class<?>...)	getClass()	java.lang.Object	SOURCE
com.google.gson.reflect.TypeToken	buildUnexpectedTypeError(java.lang.reflect.Type,java.lang.Class<?>...)	toString()	java.lang.Object	SOURCE
com.google.gson.reflect.TypeToken	buildUnexpectedTypeError(java.lang.reflect.Type,java.lang.Class<?>...)	AssertionError(java.lang.Object)	java.lang.AssertionError	SOURCE
com.google.gson.reflect.TypeToken	buildUnexpectedTypeError(java.lang.reflect.Type,java.lang.Class<?>...)	toString()	java.lang.StringBuilder	SOURCE
com.google.gson.reflect.TypeToken	matches(java.lang.reflect.Type,java.lang.reflect.Type,java.util.Map<java.lang.String,java.lang.reflect.Type>)	equals(java.lang.Object)	java.lang.Object	SOURCE
com.google.gson.reflect.TypeToken	matches(java.lang.reflect.Type,java.lang.reflect.Type,java.util.Map<java.lang.String,java.lang.reflect.Type>)	equals(java.lang.Object)	java.lang.Object	SOURCE
com.google.gson.reflect.TypeToken	matches(java.lang.reflect.Type,java.lang.reflect.Type,java.util.Map<java.lang.String,java.lang.reflect.Type>)	get(java.lang.Object)	java.util.Map	SOURCE
com.google.gson.reflect.TypeToken	matches(java.lang.reflect.Type,java.lang.reflect.Type,java.util.Map<java.lang.String,java.lang.reflect.Type>)	getName()	java.lang.reflect.TypeVariable	SOURCE
com.google.gson.reflect.TypeToken	equals(java.lang.Object)	equals(java.lang.reflect.Type,java.lang.reflect.Type)	com.google.gson.internal.$Gson$Types	SOURCE
com.google.gson.reflect.TypeToken	toString()	typeToString(java.lang.reflect.Type)	com.google.gson.internal.$Gson$Types	SOURCE
com.google.gson.reflect.TypeToken	get(java.lang.reflect.Type)	TypeToken(java.lang.reflect.Type)	com.google.gson.reflect.TypeToken	SOURCE
com.google.gson.reflect.TypeToken	<T>get(java.lang.Class<T>)	TypeToken(java.lang.reflect.Type)	com.google.gson.reflect.TypeToken	SOURCE
com.google.gson.reflect.TypeToken	getParameterized(java.lang.reflect.Type,java.lang.reflect.Type...)	TypeToken(java.lang.reflect.Type)	com.google.gson.reflect.TypeToken	SOURCE
com.google.gson.reflect.TypeToken	getParameterized(java.lang.reflect.Type,java.lang.reflect.Type...)	newParameterizedTypeWithOwner(java.lang.reflect.Type,java.lang.reflect.Type,java.lang.reflect.Type...)	com.google.gson.internal.$Gson$Types	SOURCE
com.google.gson.reflect.TypeToken	getArray(java.lang.reflect.Type)	TypeToken(java.lang.reflect.Type)	com.google.gson.reflect.TypeToken	SOURCE
com.google.gson.reflect.TypeToken	getArray(java.lang.reflect.Type)	arrayOf(java.lang.reflect.Type)	com.google.gson.internal.$Gson$Types	SOURCE
>>>>>>> base
com.google.gson.TypeAdapter	toJson(java.io.Writer,T)	JsonWriter(java.io.Writer)	com.google.gson.stream.JsonWriter	SOURCE
com.google.gson.TypeAdapter	toJson(java.io.Writer,T)	write(com.google.gson.stream.JsonWriter,T)	com.google.gson.TypeAdapter	SOURCE
com.google.gson.TypeAdapter	nullSafe()	()	com.google.gson.TypeAdapter$1	SOURCE
com.google.gson.TypeAdapter$1	write(com.google.gson.stream.JsonWriter,T)	nullValue()	com.google.gson.stream.JsonWriter	SOURCE
com.google.gson.TypeAdapter$1	write(com.google.gson.stream.JsonWriter,T)	write(com.google.gson.stream.JsonWriter,T)	com.google.gson.TypeAdapter	SOURCE
com.google.gson.TypeAdapter$1	read(com.google.gson.stream.JsonReader)	peek()	com.google.gson.stream.JsonReader	SOURCE
com.google.gson.TypeAdapter$1	read(com.google.gson.stream.JsonReader)	nextNull()	com.google.gson.stream.JsonReader	SOURCE
com.google.gson.TypeAdapter$1	read(com.google.gson.stream.JsonReader)	read(com.google.gson.stream.JsonReader)	com.google.gson.TypeAdapter	SOURCE
com.google.gson.TypeAdapter	toJson(T)	StringWriter()	java.io.StringWriter	SOURCE
com.google.gson.TypeAdapter	toJson(T)	toJson(java.io.Writer,T)	com.google.gson.TypeAdapter	SOURCE
com.google.gson.TypeAdapter	toJson(T)	AssertionError(java.lang.Object)	java.lang.AssertionError	SOURCE
com.google.gson.TypeAdapter	toJson(T)	toString()	java.io.StringWriter	SOURCE
com.google.gson.TypeAdapter	toJsonTree(T)	JsonTreeWriter()	com.google.gson.internal.bind.JsonTreeWriter	SOURCE
com.google.gson.TypeAdapter	toJsonTree(T)	write(com.google.gson.stream.JsonWriter,T)	com.google.gson.TypeAdapter	SOURCE
com.google.gson.TypeAdapter	toJsonTree(T)	get()	com.google.gson.internal.bind.JsonTreeWriter	SOURCE
com.google.gson.TypeAdapter	toJsonTree(T)	JsonIOException(java.lang.Throwable)	com.google.gson.JsonIOException	SOURCE
com.google.gson.TypeAdapter	fromJson(java.io.Reader)	JsonReader(java.io.Reader)	com.google.gson.stream.JsonReader	SOURCE
com.google.gson.TypeAdapter	fromJson(java.io.Reader)	read(com.google.gson.stream.JsonReader)	com.google.gson.TypeAdapter	SOURCE
com.google.gson.TypeAdapter	fromJson(java.lang.String)	fromJson(java.io.Reader)	com.google.gson.TypeAdapter	SOURCE
com.google.gson.TypeAdapter	fromJson(java.lang.String)	StringReader(java.lang.String)	java.io.StringReader	SOURCE
com.google.gson.TypeAdapter	fromJsonTree(com.google.gson.JsonElement)	JsonTreeReader(com.google.gson.JsonElement)	com.google.gson.internal.bind.JsonTreeReader	SOURCE
com.google.gson.TypeAdapter	fromJsonTree(com.google.gson.JsonElement)	read(com.google.gson.stream.JsonReader)	com.google.gson.TypeAdapter	SOURCE
com.google.gson.TypeAdapter	fromJsonTree(com.google.gson.JsonElement)	JsonIOException(java.lang.Throwable)	com.google.gson.JsonIOException	SOURCE
com.google.gson.stream.JsonWriter	null	format(java.lang.String,java.lang.Object...)	java.lang.String	SOURCE
com.google.gson.stream.JsonWriter	null	clone()	Array	SOURCE
com.google.gson.stream.JsonWriter	null	push(int)	com.google.gson.stream.JsonWriter	SOURCE
com.google.gson.stream.JsonWriter	JsonWriter(java.io.Writer)	Object()	java.lang.Object	SOURCE
com.google.gson.stream.JsonWriter	JsonWriter(java.io.Writer)	NullPointerException(java.lang.String)	java.lang.NullPointerException	SOURCE
com.google.gson.stream.JsonWriter	setIndent(java.lang.String)	length()	java.lang.String	SOURCE
com.google.gson.stream.JsonWriter	beginArray()	writeDeferredName()	com.google.gson.stream.JsonWriter	SOURCE
com.google.gson.stream.JsonWriter	beginArray()	open(int,char)	com.google.gson.stream.JsonWriter	SOURCE
com.google.gson.stream.JsonWriter	endArray()	close(int,int,char)	com.google.gson.stream.JsonWriter	SOURCE
com.google.gson.stream.JsonWriter	beginObject()	writeDeferredName()	com.google.gson.stream.JsonWriter	SOURCE
com.google.gson.stream.JsonWriter	beginObject()	open(int,char)	com.google.gson.stream.JsonWriter	SOURCE
com.google.gson.stream.JsonWriter	endObject()	close(int,int,char)	com.google.gson.stream.JsonWriter	SOURCE
com.google.gson.stream.JsonWriter	open(int,char)	beforeValue()	com.google.gson.stream.JsonWriter	SOURCE
com.google.gson.stream.JsonWriter	open(int,char)	push(int)	com.google.gson.stream.JsonWriter	SOURCE
com.google.gson.stream.JsonWriter	open(int,char)	write(int)	java.io.Writer	SOURCE
com.google.gson.stream.JsonWriter	close(int,int,char)	peek()	com.google.gson.stream.JsonWriter	SOURCE
com.google.gson.stream.JsonWriter	close(int,int,char)	IllegalStateException(java.lang.String)	java.lang.IllegalStateException	SOURCE
com.google.gson.stream.JsonWriter	close(int,int,char)	IllegalStateException(java.lang.String)	java.lang.IllegalStateException	SOURCE
com.google.gson.stream.JsonWriter	close(int,int,char)	newline()	com.google.gson.stream.JsonWriter	SOURCE
com.google.gson.stream.JsonWriter	close(int,int,char)	write(int)	java.io.Writer	SOURCE
com.google.gson.stream.JsonWriter	push(int)	copyOf(int[],int)	java.util.Arrays	SOURCE
com.google.gson.stream.JsonWriter	peek()	IllegalStateException(java.lang.String)	java.lang.IllegalStateException	SOURCE
com.google.gson.stream.JsonWriter	name(java.lang.String)	NullPointerException(java.lang.String)	java.lang.NullPointerException	SOURCE
com.google.gson.stream.JsonWriter	name(java.lang.String)	IllegalStateException()	java.lang.IllegalStateException	SOURCE
com.google.gson.stream.JsonWriter	name(java.lang.String)	IllegalStateException(java.lang.String)	java.lang.IllegalStateException	SOURCE
com.google.gson.stream.JsonWriter	writeDeferredName()	beforeName()	com.google.gson.stream.JsonWriter	SOURCE
com.google.gson.stream.JsonWriter	writeDeferredName()	string(java.lang.String)	com.google.gson.stream.JsonWriter	SOURCE
com.google.gson.stream.JsonWriter	value(java.lang.String)	nullValue()	com.google.gson.stream.JsonWriter	SOURCE
com.google.gson.stream.JsonWriter	value(java.lang.String)	writeDeferredName()	com.google.gson.stream.JsonWriter	SOURCE
com.google.gson.stream.JsonWriter	value(java.lang.String)	beforeValue()	com.google.gson.stream.JsonWriter	SOURCE
com.google.gson.stream.JsonWriter	value(java.lang.String)	string(java.lang.String)	com.google.gson.stream.JsonWriter	SOURCE
com.google.gson.stream.JsonWriter	jsonValue(java.lang.String)	nullValue()	com.google.gson.stream.JsonWriter	SOURCE
com.google.gson.stream.JsonWriter	jsonValue(java.lang.String)	writeDeferredName()	com.google.gson.stream.JsonWriter	SOURCE
com.google.gson.stream.JsonWriter	jsonValue(java.lang.String)	beforeValue()	com.google.gson.stream.JsonWriter	SOURCE
com.google.gson.stream.JsonWriter	jsonValue(java.lang.String)	append(java.lang.CharSequence)	java.io.Writer	SOURCE
com.google.gson.stream.JsonWriter	nullValue()	writeDeferredName()	com.google.gson.stream.JsonWriter	SOURCE
com.google.gson.stream.JsonWriter	nullValue()	beforeValue()	com.google.gson.stream.JsonWriter	SOURCE
com.google.gson.stream.JsonWriter	nullValue()	write(java.lang.String)	java.io.Writer	SOURCE
com.google.gson.stream.JsonWriter	value(boolean)	writeDeferredName()	com.google.gson.stream.JsonWriter	SOURCE
com.google.gson.stream.JsonWriter	value(boolean)	beforeValue()	com.google.gson.stream.JsonWriter	SOURCE
com.google.gson.stream.JsonWriter	value(boolean)	write(java.lang.String)	java.io.Writer	SOURCE
com.google.gson.stream.JsonWriter	value(java.lang.Boolean)	nullValue()	com.google.gson.stream.JsonWriter	SOURCE
com.google.gson.stream.JsonWriter	value(java.lang.Boolean)	writeDeferredName()	com.google.gson.stream.JsonWriter	SOURCE
com.google.gson.stream.JsonWriter	value(java.lang.Boolean)	beforeValue()	com.google.gson.stream.JsonWriter	SOURCE
com.google.gson.stream.JsonWriter	value(java.lang.Boolean)	write(java.lang.String)	java.io.Writer	SOURCE
com.google.gson.stream.JsonWriter	value(double)	writeDeferredName()	com.google.gson.stream.JsonWriter	SOURCE
com.google.gson.stream.JsonWriter	value(double)	isNaN(double)	java.lang.Double	SOURCE
com.google.gson.stream.JsonWriter	value(double)	isInfinite(double)	java.lang.Double	SOURCE
com.google.gson.stream.JsonWriter	value(double)	IllegalArgumentException(java.lang.String)	java.lang.IllegalArgumentException	SOURCE
com.google.gson.stream.JsonWriter	value(double)	beforeValue()	com.google.gson.stream.JsonWriter	SOURCE
com.google.gson.stream.JsonWriter	value(double)	append(java.lang.CharSequence)	java.io.Writer	SOURCE
com.google.gson.stream.JsonWriter	value(double)	toString(double)	java.lang.Double	SOURCE
com.google.gson.stream.JsonWriter	value(long)	writeDeferredName()	com.google.gson.stream.JsonWriter	SOURCE
com.google.gson.stream.JsonWriter	value(long)	beforeValue()	com.google.gson.stream.JsonWriter	SOURCE
com.google.gson.stream.JsonWriter	value(long)	write(java.lang.String)	java.io.Writer	SOURCE
com.google.gson.stream.JsonWriter	value(long)	toString(long)	java.lang.Long	SOURCE
com.google.gson.stream.JsonWriter	value(java.lang.Number)	nullValue()	com.google.gson.stream.JsonWriter	SOURCE
com.google.gson.stream.JsonWriter	value(java.lang.Number)	writeDeferredName()	com.google.gson.stream.JsonWriter	SOURCE
com.google.gson.stream.JsonWriter	value(java.lang.Number)	toString()	java.lang.Object	SOURCE
com.google.gson.stream.JsonWriter	value(java.lang.Number)	equals(java.lang.Object)	java.lang.String	SOURCE
com.google.gson.stream.JsonWriter	value(java.lang.Number)	equals(java.lang.Object)	java.lang.String	SOURCE
com.google.gson.stream.JsonWriter	value(java.lang.Number)	equals(java.lang.Object)	java.lang.String	SOURCE
com.google.gson.stream.JsonWriter	value(java.lang.Number)	IllegalArgumentException(java.lang.String)	java.lang.IllegalArgumentException	SOURCE
com.google.gson.stream.JsonWriter	value(java.lang.Number)	beforeValue()	com.google.gson.stream.JsonWriter	SOURCE
com.google.gson.stream.JsonWriter	value(java.lang.Number)	append(java.lang.CharSequence)	java.io.Writer	SOURCE
com.google.gson.stream.JsonWriter	flush()	IllegalStateException(java.lang.String)	java.lang.IllegalStateException	SOURCE
com.google.gson.stream.JsonWriter	flush()	flush()	java.io.Writer	SOURCE
com.google.gson.stream.JsonWriter	close()	close()	java.io.Writer	SOURCE
com.google.gson.stream.JsonWriter	close()	IOException(java.lang.String)	java.io.IOException	SOURCE
com.google.gson.stream.JsonWriter	string(java.lang.String)	write(int)	java.io.Writer	SOURCE
com.google.gson.stream.JsonWriter	string(java.lang.String)	length()	java.lang.String	SOURCE
com.google.gson.stream.JsonWriter	string(java.lang.String)	charAt(int)	java.lang.String	SOURCE
com.google.gson.stream.JsonWriter	string(java.lang.String)	write(java.lang.String,int,int)	java.io.Writer	SOURCE
com.google.gson.stream.JsonWriter	string(java.lang.String)	write(java.lang.String)	java.io.Writer	SOURCE
com.google.gson.stream.JsonWriter	string(java.lang.String)	write(java.lang.String,int,int)	java.io.Writer	SOURCE
com.google.gson.stream.JsonWriter	string(java.lang.String)	write(int)	java.io.Writer	SOURCE
com.google.gson.stream.JsonWriter	newline()	write(int)	java.io.Writer	SOURCE
com.google.gson.stream.JsonWriter	newline()	write(java.lang.String)	java.io.Writer	SOURCE
com.google.gson.stream.JsonWriter	beforeName()	peek()	com.google.gson.stream.JsonWriter	SOURCE
com.google.gson.stream.JsonWriter	beforeName()	write(int)	java.io.Writer	SOURCE
com.google.gson.stream.JsonWriter	beforeName()	IllegalStateException(java.lang.String)	java.lang.IllegalStateException	SOURCE
com.google.gson.stream.JsonWriter	beforeName()	newline()	com.google.gson.stream.JsonWriter	SOURCE
com.google.gson.stream.JsonWriter	beforeName()	replaceTop(int)	com.google.gson.stream.JsonWriter	SOURCE
com.google.gson.stream.JsonWriter	beforeValue()	peek()	com.google.gson.stream.JsonWriter	SOURCE
com.google.gson.stream.JsonWriter	beforeValue()	IllegalStateException(java.lang.String)	java.lang.IllegalStateException	SOURCE
com.google.gson.stream.JsonWriter	beforeValue()	replaceTop(int)	com.google.gson.stream.JsonWriter	SOURCE
com.google.gson.stream.JsonWriter	beforeValue()	replaceTop(int)	com.google.gson.stream.JsonWriter	SOURCE
com.google.gson.stream.JsonWriter	beforeValue()	newline()	com.google.gson.stream.JsonWriter	SOURCE
com.google.gson.stream.JsonWriter	beforeValue()	append(char)	java.io.Writer	SOURCE
com.google.gson.stream.JsonWriter	beforeValue()	newline()	com.google.gson.stream.JsonWriter	SOURCE
com.google.gson.stream.JsonWriter	beforeValue()	append(java.lang.CharSequence)	java.io.Writer	SOURCE
com.google.gson.stream.JsonWriter	beforeValue()	replaceTop(int)	com.google.gson.stream.JsonWriter	SOURCE
com.google.gson.stream.JsonWriter	beforeValue()	IllegalStateException(java.lang.String)	java.lang.IllegalStateException	SOURCE
com.google.gson.stream.JsonReader	JsonReader(java.io.Reader)	Object()	java.lang.Object	SOURCE
com.google.gson.stream.JsonReader	JsonReader(java.io.Reader)	NullPointerException(java.lang.String)	java.lang.NullPointerException	SOURCE
com.google.gson.stream.JsonReader	beginArray()	doPeek()	com.google.gson.stream.JsonReader	SOURCE
com.google.gson.stream.JsonReader	beginArray()	push(int)	com.google.gson.stream.JsonReader	SOURCE
com.google.gson.stream.JsonReader	beginArray()	IllegalStateException(java.lang.String)	java.lang.IllegalStateException	SOURCE
com.google.gson.stream.JsonReader	beginArray()	peek()	com.google.gson.stream.JsonReader	SOURCE
com.google.gson.stream.JsonReader	beginArray()	locationString()	com.google.gson.stream.JsonReader	SOURCE
com.google.gson.stream.JsonReader	endArray()	doPeek()	com.google.gson.stream.JsonReader	SOURCE
com.google.gson.stream.JsonReader	endArray()	IllegalStateException(java.lang.String)	java.lang.IllegalStateException	SOURCE
com.google.gson.stream.JsonReader	endArray()	peek()	com.google.gson.stream.JsonReader	SOURCE
com.google.gson.stream.JsonReader	endArray()	locationString()	com.google.gson.stream.JsonReader	SOURCE
com.google.gson.stream.JsonReader	beginObject()	doPeek()	com.google.gson.stream.JsonReader	SOURCE
com.google.gson.stream.JsonReader	beginObject()	push(int)	com.google.gson.stream.JsonReader	SOURCE
com.google.gson.stream.JsonReader	beginObject()	IllegalStateException(java.lang.String)	java.lang.IllegalStateException	SOURCE
com.google.gson.stream.JsonReader	beginObject()	peek()	com.google.gson.stream.JsonReader	SOURCE
com.google.gson.stream.JsonReader	beginObject()	locationString()	com.google.gson.stream.JsonReader	SOURCE
com.google.gson.stream.JsonReader	endObject()	doPeek()	com.google.gson.stream.JsonReader	SOURCE
com.google.gson.stream.JsonReader	endObject()	IllegalStateException(java.lang.String)	java.lang.IllegalStateException	SOURCE
com.google.gson.stream.JsonReader	endObject()	peek()	com.google.gson.stream.JsonReader	SOURCE
com.google.gson.stream.JsonReader	endObject()	locationString()	com.google.gson.stream.JsonReader	SOURCE
com.google.gson.stream.JsonReader	hasNext()	doPeek()	com.google.gson.stream.JsonReader	SOURCE
com.google.gson.stream.JsonReader	peek()	doPeek()	com.google.gson.stream.JsonReader	SOURCE
com.google.gson.stream.JsonReader	peek()	AssertionError()	java.lang.AssertionError	SOURCE
com.google.gson.stream.JsonReader	doPeek()	nextNonWhitespace(boolean)	com.google.gson.stream.JsonReader	SOURCE
com.google.gson.stream.JsonReader	doPeek()	checkLenient()	com.google.gson.stream.JsonReader	SOURCE
com.google.gson.stream.JsonReader	doPeek()	syntaxError(java.lang.String)	com.google.gson.stream.JsonReader	SOURCE
com.google.gson.stream.JsonReader	doPeek()	nextNonWhitespace(boolean)	com.google.gson.stream.JsonReader	SOURCE
com.google.gson.stream.JsonReader	doPeek()	checkLenient()	com.google.gson.stream.JsonReader	SOURCE
com.google.gson.stream.JsonReader	doPeek()	syntaxError(java.lang.String)	com.google.gson.stream.JsonReader	SOURCE
com.google.gson.stream.JsonReader	doPeek()	nextNonWhitespace(boolean)	com.google.gson.stream.JsonReader	SOURCE
com.google.gson.stream.JsonReader	doPeek()	checkLenient()	com.google.gson.stream.JsonReader	SOURCE
com.google.gson.stream.JsonReader	doPeek()	syntaxError(java.lang.String)	com.google.gson.stream.JsonReader	SOURCE
com.google.gson.stream.JsonReader	doPeek()	checkLenient()	com.google.gson.stream.JsonReader	SOURCE
com.google.gson.stream.JsonReader	doPeek()	isLiteral(char)	com.google.gson.stream.JsonReader	SOURCE
com.google.gson.stream.JsonReader	doPeek()	syntaxError(java.lang.String)	com.google.gson.stream.JsonReader	SOURCE
com.google.gson.stream.JsonReader	doPeek()	nextNonWhitespace(boolean)	com.google.gson.stream.JsonReader	SOURCE
com.google.gson.stream.JsonReader	doPeek()	checkLenient()	com.google.gson.stream.JsonReader	SOURCE
com.google.gson.stream.JsonReader	doPeek()	fillBuffer(int)	com.google.gson.stream.JsonReader	SOURCE
com.google.gson.stream.JsonReader	doPeek()	syntaxError(java.lang.String)	com.google.gson.stream.JsonReader	SOURCE
com.google.gson.stream.JsonReader	doPeek()	consumeNonExecutePrefix()	com.google.gson.stream.JsonReader	SOURCE
com.google.gson.stream.JsonReader	doPeek()	nextNonWhitespace(boolean)	com.google.gson.stream.JsonReader	SOURCE
com.google.gson.stream.JsonReader	doPeek()	checkLenient()	com.google.gson.stream.JsonReader	SOURCE
com.google.gson.stream.JsonReader	doPeek()	IllegalStateException(java.lang.String)	java.lang.IllegalStateException	SOURCE
com.google.gson.stream.JsonReader	doPeek()	nextNonWhitespace(boolean)	com.google.gson.stream.JsonReader	SOURCE
com.google.gson.stream.JsonReader	doPeek()	checkLenient()	com.google.gson.stream.JsonReader	SOURCE
com.google.gson.stream.JsonReader	doPeek()	syntaxError(java.lang.String)	com.google.gson.stream.JsonReader	SOURCE
com.google.gson.stream.JsonReader	doPeek()	checkLenient()	com.google.gson.stream.JsonReader	SOURCE
com.google.gson.stream.JsonReader	doPeek()	peekKeyword()	com.google.gson.stream.JsonReader	SOURCE
com.google.gson.stream.JsonReader	doPeek()	peekNumber()	com.google.gson.stream.JsonReader	SOURCE
com.google.gson.stream.JsonReader	doPeek()	isLiteral(char)	com.google.gson.stream.JsonReader	SOURCE
com.google.gson.stream.JsonReader	doPeek()	syntaxError(java.lang.String)	com.google.gson.stream.JsonReader	SOURCE
com.google.gson.stream.JsonReader	doPeek()	checkLenient()	com.google.gson.stream.JsonReader	SOURCE
com.google.gson.stream.JsonReader	peekKeyword()	length()	java.lang.String	SOURCE
com.google.gson.stream.JsonReader	peekKeyword()	fillBuffer(int)	com.google.gson.stream.JsonReader	SOURCE
com.google.gson.stream.JsonReader	peekKeyword()	charAt(int)	java.lang.String	SOURCE
com.google.gson.stream.JsonReader	peekKeyword()	charAt(int)	java.lang.String	SOURCE
com.google.gson.stream.JsonReader	peekKeyword()	fillBuffer(int)	com.google.gson.stream.JsonReader	SOURCE
com.google.gson.stream.JsonReader	peekKeyword()	isLiteral(char)	com.google.gson.stream.JsonReader	SOURCE
com.google.gson.stream.JsonReader	peekNumber()	fillBuffer(int)	com.google.gson.stream.JsonReader	SOURCE
com.google.gson.stream.JsonReader	peekNumber()	isLiteral(char)	com.google.gson.stream.JsonReader	SOURCE
com.google.gson.stream.JsonReader	isLiteral(char)	checkLenient()	com.google.gson.stream.JsonReader	SOURCE
com.google.gson.stream.JsonReader	nextName()	doPeek()	com.google.gson.stream.JsonReader	SOURCE
com.google.gson.stream.JsonReader	nextName()	nextUnquotedValue()	com.google.gson.stream.JsonReader	SOURCE
com.google.gson.stream.JsonReader	nextName()	nextQuotedValue(char)	com.google.gson.stream.JsonReader	SOURCE
com.google.gson.stream.JsonReader	nextName()	nextQuotedValue(char)	com.google.gson.stream.JsonReader	SOURCE
com.google.gson.stream.JsonReader	nextName()	IllegalStateException(java.lang.String)	java.lang.IllegalStateException	SOURCE
com.google.gson.stream.JsonReader	nextName()	peek()	com.google.gson.stream.JsonReader	SOURCE
com.google.gson.stream.JsonReader	nextName()	locationString()	com.google.gson.stream.JsonReader	SOURCE
com.google.gson.stream.JsonReader	nextString()	doPeek()	com.google.gson.stream.JsonReader	SOURCE
com.google.gson.stream.JsonReader	nextString()	nextUnquotedValue()	com.google.gson.stream.JsonReader	SOURCE
com.google.gson.stream.JsonReader	nextString()	nextQuotedValue(char)	com.google.gson.stream.JsonReader	SOURCE
com.google.gson.stream.JsonReader	nextString()	nextQuotedValue(char)	com.google.gson.stream.JsonReader	SOURCE
com.google.gson.stream.JsonReader	nextString()	toString(long)	java.lang.Long	SOURCE
com.google.gson.stream.JsonReader	nextString()	String(char[],int,int)	java.lang.String	SOURCE
com.google.gson.stream.JsonReader	nextString()	IllegalStateException(java.lang.String)	java.lang.IllegalStateException	SOURCE
com.google.gson.stream.JsonReader	nextString()	peek()	com.google.gson.stream.JsonReader	SOURCE
com.google.gson.stream.JsonReader	nextString()	locationString()	com.google.gson.stream.JsonReader	SOURCE
com.google.gson.stream.JsonReader	nextBoolean()	doPeek()	com.google.gson.stream.JsonReader	SOURCE
com.google.gson.stream.JsonReader	nextBoolean()	IllegalStateException(java.lang.String)	java.lang.IllegalStateException	SOURCE
com.google.gson.stream.JsonReader	nextBoolean()	peek()	com.google.gson.stream.JsonReader	SOURCE
com.google.gson.stream.JsonReader	nextBoolean()	locationString()	com.google.gson.stream.JsonReader	SOURCE
com.google.gson.stream.JsonReader	nextNull()	doPeek()	com.google.gson.stream.JsonReader	SOURCE
com.google.gson.stream.JsonReader	nextNull()	IllegalStateException(java.lang.String)	java.lang.IllegalStateException	SOURCE
com.google.gson.stream.JsonReader	nextNull()	peek()	com.google.gson.stream.JsonReader	SOURCE
com.google.gson.stream.JsonReader	nextNull()	locationString()	com.google.gson.stream.JsonReader	SOURCE
com.google.gson.stream.JsonReader	nextDouble()	doPeek()	com.google.gson.stream.JsonReader	SOURCE
com.google.gson.stream.JsonReader	nextDouble()	String(char[],int,int)	java.lang.String	SOURCE
com.google.gson.stream.JsonReader	nextDouble()	nextQuotedValue(char)	com.google.gson.stream.JsonReader	SOURCE
com.google.gson.stream.JsonReader	nextDouble()	nextUnquotedValue()	com.google.gson.stream.JsonReader	SOURCE
com.google.gson.stream.JsonReader	nextDouble()	IllegalStateException(java.lang.String)	java.lang.IllegalStateException	SOURCE
com.google.gson.stream.JsonReader	nextDouble()	peek()	com.google.gson.stream.JsonReader	SOURCE
com.google.gson.stream.JsonReader	nextDouble()	locationString()	com.google.gson.stream.JsonReader	SOURCE
com.google.gson.stream.JsonReader	nextDouble()	parseDouble(java.lang.String)	java.lang.Double	SOURCE
com.google.gson.stream.JsonReader	nextDouble()	isNaN(double)	java.lang.Double	SOURCE
com.google.gson.stream.JsonReader	nextDouble()	isInfinite(double)	java.lang.Double	SOURCE
com.google.gson.stream.JsonReader	nextDouble()	MalformedJsonException(java.lang.String)	com.google.gson.stream.MalformedJsonException	SOURCE
com.google.gson.stream.JsonReader	nextDouble()	locationString()	com.google.gson.stream.JsonReader	SOURCE
com.google.gson.stream.JsonReader	nextLong()	doPeek()	com.google.gson.stream.JsonReader	SOURCE
com.google.gson.stream.JsonReader	nextLong()	String(char[],int,int)	java.lang.String	SOURCE
com.google.gson.stream.JsonReader	nextLong()	nextUnquotedValue()	com.google.gson.stream.JsonReader	SOURCE
com.google.gson.stream.JsonReader	nextLong()	nextQuotedValue(char)	com.google.gson.stream.JsonReader	SOURCE
com.google.gson.stream.JsonReader	nextLong()	parseLong(java.lang.String)	java.lang.Long	SOURCE
com.google.gson.stream.JsonReader	nextLong()	IllegalStateException(java.lang.String)	java.lang.IllegalStateException	SOURCE
com.google.gson.stream.JsonReader	nextLong()	peek()	com.google.gson.stream.JsonReader	SOURCE
com.google.gson.stream.JsonReader	nextLong()	locationString()	com.google.gson.stream.JsonReader	SOURCE
com.google.gson.stream.JsonReader	nextLong()	parseDouble(java.lang.String)	java.lang.Double	SOURCE
com.google.gson.stream.JsonReader	nextLong()	NumberFormatException(java.lang.String)	java.lang.NumberFormatException	SOURCE
com.google.gson.stream.JsonReader	nextLong()	locationString()	com.google.gson.stream.JsonReader	SOURCE
com.google.gson.stream.JsonReader	nextQuotedValue(char)	String(char[],int,int)	java.lang.String	SOURCE
com.google.gson.stream.JsonReader	nextQuotedValue(char)	append(char[],int,int)	java.lang.StringBuilder	SOURCE
com.google.gson.stream.JsonReader	nextQuotedValue(char)	toString()	java.lang.StringBuilder	SOURCE
com.google.gson.stream.JsonReader	nextQuotedValue(char)	StringBuilder(int)	java.lang.StringBuilder	SOURCE
com.google.gson.stream.JsonReader	nextQuotedValue(char)	max(int,int)	java.lang.Math	SOURCE
com.google.gson.stream.JsonReader	nextQuotedValue(char)	append(char[],int,int)	java.lang.StringBuilder	SOURCE
com.google.gson.stream.JsonReader	nextQuotedValue(char)	append(char)	java.lang.StringBuilder	SOURCE
com.google.gson.stream.JsonReader	nextQuotedValue(char)	readEscapeCharacter()	com.google.gson.stream.JsonReader	SOURCE
com.google.gson.stream.JsonReader	nextQuotedValue(char)	StringBuilder(int)	java.lang.StringBuilder	SOURCE
com.google.gson.stream.JsonReader	nextQuotedValue(char)	max(int,int)	java.lang.Math	SOURCE
com.google.gson.stream.JsonReader	nextQuotedValue(char)	append(char[],int,int)	java.lang.StringBuilder	SOURCE
com.google.gson.stream.JsonReader	nextQuotedValue(char)	fillBuffer(int)	com.google.gson.stream.JsonReader	SOURCE
com.google.gson.stream.JsonReader	nextQuotedValue(char)	syntaxError(java.lang.String)	com.google.gson.stream.JsonReader	SOURCE
com.google.gson.stream.JsonReader	nextUnquotedValue()	checkLenient()	com.google.gson.stream.JsonReader	SOURCE
com.google.gson.stream.JsonReader	nextUnquotedValue()	fillBuffer(int)	com.google.gson.stream.JsonReader	SOURCE
com.google.gson.stream.JsonReader	nextUnquotedValue()	StringBuilder(int)	java.lang.StringBuilder	SOURCE
com.google.gson.stream.JsonReader	nextUnquotedValue()	max(int,int)	java.lang.Math	SOURCE
com.google.gson.stream.JsonReader	nextUnquotedValue()	append(char[],int,int)	java.lang.StringBuilder	SOURCE
com.google.gson.stream.JsonReader	nextUnquotedValue()	fillBuffer(int)	com.google.gson.stream.JsonReader	SOURCE
com.google.gson.stream.JsonReader	nextUnquotedValue()	String(char[],int,int)	java.lang.String	SOURCE
com.google.gson.stream.JsonReader	nextUnquotedValue()	toString()	java.lang.StringBuilder	SOURCE
com.google.gson.stream.JsonReader	nextUnquotedValue()	append(char[],int,int)	java.lang.StringBuilder	SOURCE
com.google.gson.stream.JsonReader	skipQuotedValue(char)	readEscapeCharacter()	com.google.gson.stream.JsonReader	SOURCE
com.google.gson.stream.JsonReader	skipQuotedValue(char)	fillBuffer(int)	com.google.gson.stream.JsonReader	SOURCE
com.google.gson.stream.JsonReader	skipQuotedValue(char)	syntaxError(java.lang.String)	com.google.gson.stream.JsonReader	SOURCE
com.google.gson.stream.JsonReader	skipUnquotedValue()	checkLenient()	com.google.gson.stream.JsonReader	SOURCE
com.google.gson.stream.JsonReader	skipUnquotedValue()	fillBuffer(int)	com.google.gson.stream.JsonReader	SOURCE
com.google.gson.stream.JsonReader	nextInt()	doPeek()	com.google.gson.stream.JsonReader	SOURCE
com.google.gson.stream.JsonReader	nextInt()	NumberFormatException(java.lang.String)	java.lang.NumberFormatException	SOURCE
com.google.gson.stream.JsonReader	nextInt()	locationString()	com.google.gson.stream.JsonReader	SOURCE
com.google.gson.stream.JsonReader	nextInt()	String(char[],int,int)	java.lang.String	SOURCE
com.google.gson.stream.JsonReader	nextInt()	nextUnquotedValue()	com.google.gson.stream.JsonReader	SOURCE
com.google.gson.stream.JsonReader	nextInt()	nextQuotedValue(char)	com.google.gson.stream.JsonReader	SOURCE
com.google.gson.stream.JsonReader	nextInt()	parseInt(java.lang.String)	java.lang.Integer	SOURCE
com.google.gson.stream.JsonReader	nextInt()	IllegalStateException(java.lang.String)	java.lang.IllegalStateException	SOURCE
com.google.gson.stream.JsonReader	nextInt()	peek()	com.google.gson.stream.JsonReader	SOURCE
com.google.gson.stream.JsonReader	nextInt()	locationString()	com.google.gson.stream.JsonReader	SOURCE
com.google.gson.stream.JsonReader	nextInt()	parseDouble(java.lang.String)	java.lang.Double	SOURCE
com.google.gson.stream.JsonReader	nextInt()	NumberFormatException(java.lang.String)	java.lang.NumberFormatException	SOURCE
com.google.gson.stream.JsonReader	nextInt()	locationString()	com.google.gson.stream.JsonReader	SOURCE
com.google.gson.stream.JsonReader	close()	close()	java.io.Reader	SOURCE
com.google.gson.stream.JsonReader	skipValue()	doPeek()	com.google.gson.stream.JsonReader	SOURCE
com.google.gson.stream.JsonReader	skipValue()	push(int)	com.google.gson.stream.JsonReader	SOURCE
com.google.gson.stream.JsonReader	skipValue()	push(int)	com.google.gson.stream.JsonReader	SOURCE
com.google.gson.stream.JsonReader	skipValue()	skipUnquotedValue()	com.google.gson.stream.JsonReader	SOURCE
com.google.gson.stream.JsonReader	skipValue()	skipQuotedValue(char)	com.google.gson.stream.JsonReader	SOURCE
com.google.gson.stream.JsonReader	skipValue()	skipQuotedValue(char)	com.google.gson.stream.JsonReader	SOURCE
com.google.gson.stream.JsonReader	push(int)	copyOf(int[],int)	java.util.Arrays	SOURCE
com.google.gson.stream.JsonReader	push(int)	copyOf(int[],int)	java.util.Arrays	SOURCE
com.google.gson.stream.JsonReader	push(int)	<T>copyOf(T[],int)	java.util.Arrays	SOURCE
com.google.gson.stream.JsonReader	fillBuffer(int)	arraycopy(java.lang.Object,int,java.lang.Object,int,int)	java.lang.System	SOURCE
com.google.gson.stream.JsonReader	fillBuffer(int)	read(char[],int,int)	java.io.Reader	SOURCE
com.google.gson.stream.JsonReader	nextNonWhitespace(boolean)	fillBuffer(int)	com.google.gson.stream.JsonReader	SOURCE
com.google.gson.stream.JsonReader	nextNonWhitespace(boolean)	fillBuffer(int)	com.google.gson.stream.JsonReader	SOURCE
com.google.gson.stream.JsonReader	nextNonWhitespace(boolean)	checkLenient()	com.google.gson.stream.JsonReader	SOURCE
com.google.gson.stream.JsonReader	nextNonWhitespace(boolean)	skipTo(java.lang.String)	com.google.gson.stream.JsonReader	SOURCE
com.google.gson.stream.JsonReader	nextNonWhitespace(boolean)	syntaxError(java.lang.String)	com.google.gson.stream.JsonReader	SOURCE
com.google.gson.stream.JsonReader	nextNonWhitespace(boolean)	skipToEndOfLine()	com.google.gson.stream.JsonReader	SOURCE
com.google.gson.stream.JsonReader	nextNonWhitespace(boolean)	checkLenient()	com.google.gson.stream.JsonReader	SOURCE
com.google.gson.stream.JsonReader	nextNonWhitespace(boolean)	skipToEndOfLine()	com.google.gson.stream.JsonReader	SOURCE
com.google.gson.stream.JsonReader	nextNonWhitespace(boolean)	EOFException(java.lang.String)	java.io.EOFException	SOURCE
com.google.gson.stream.JsonReader	nextNonWhitespace(boolean)	locationString()	com.google.gson.stream.JsonReader	SOURCE
com.google.gson.stream.JsonReader	checkLenient()	syntaxError(java.lang.String)	com.google.gson.stream.JsonReader	SOURCE
com.google.gson.stream.JsonReader	skipToEndOfLine()	fillBuffer(int)	com.google.gson.stream.JsonReader	SOURCE
com.google.gson.stream.JsonReader	skipTo(java.lang.String)	length()	java.lang.String	SOURCE
com.google.gson.stream.JsonReader	skipTo(java.lang.String)	fillBuffer(int)	com.google.gson.stream.JsonReader	SOURCE
com.google.gson.stream.JsonReader	skipTo(java.lang.String)	charAt(int)	java.lang.String	SOURCE
com.google.gson.stream.JsonReader	toString()	getSimpleName()	java.lang.Class	SOURCE
com.google.gson.stream.JsonReader	toString()	getClass()	java.lang.Object	SOURCE
com.google.gson.stream.JsonReader	toString()	locationString()	com.google.gson.stream.JsonReader	SOURCE
com.google.gson.stream.JsonReader	locationString()	getPath()	com.google.gson.stream.JsonReader	SOURCE
com.google.gson.stream.JsonReader	getPath()	append(char)	java.lang.StringBuilder	SOURCE
com.google.gson.stream.JsonReader	getPath()	StringBuilder()	java.lang.StringBuilder	SOURCE
com.google.gson.stream.JsonReader	getPath()	append(char)	java.lang.StringBuilder	SOURCE
com.google.gson.stream.JsonReader	getPath()	append(int)	java.lang.StringBuilder	SOURCE
com.google.gson.stream.JsonReader	getPath()	append(char)	java.lang.StringBuilder	SOURCE
com.google.gson.stream.JsonReader	getPath()	append(char)	java.lang.StringBuilder	SOURCE
com.google.gson.stream.JsonReader	getPath()	append(java.lang.String)	java.lang.StringBuilder	SOURCE
com.google.gson.stream.JsonReader	getPath()	toString()	java.lang.StringBuilder	SOURCE
com.google.gson.stream.JsonReader	readEscapeCharacter()	fillBuffer(int)	com.google.gson.stream.JsonReader	SOURCE
com.google.gson.stream.JsonReader	readEscapeCharacter()	syntaxError(java.lang.String)	com.google.gson.stream.JsonReader	SOURCE
com.google.gson.stream.JsonReader	readEscapeCharacter()	fillBuffer(int)	com.google.gson.stream.JsonReader	SOURCE
com.google.gson.stream.JsonReader	readEscapeCharacter()	syntaxError(java.lang.String)	com.google.gson.stream.JsonReader	SOURCE
com.google.gson.stream.JsonReader	readEscapeCharacter()	NumberFormatException(java.lang.String)	java.lang.NumberFormatException	SOURCE
com.google.gson.stream.JsonReader	readEscapeCharacter()	String(char[],int,int)	java.lang.String	SOURCE
com.google.gson.stream.JsonReader	readEscapeCharacter()	syntaxError(java.lang.String)	com.google.gson.stream.JsonReader	SOURCE
com.google.gson.stream.JsonReader	syntaxError(java.lang.String)	MalformedJsonException(java.lang.String)	com.google.gson.stream.MalformedJsonException	SOURCE
com.google.gson.stream.JsonReader	syntaxError(java.lang.String)	locationString()	com.google.gson.stream.JsonReader	SOURCE
com.google.gson.stream.JsonReader	consumeNonExecutePrefix()	nextNonWhitespace(boolean)	com.google.gson.stream.JsonReader	SOURCE
com.google.gson.stream.JsonReader	consumeNonExecutePrefix()	fillBuffer(int)	com.google.gson.stream.JsonReader	SOURCE
com.google.gson.stream.JsonReader	null	()	com.google.gson.stream.JsonReader$1	SOURCE
com.google.gson.stream.JsonReader$1	promoteNameToValue(com.google.gson.stream.JsonReader)	promoteNameToValue()	com.google.gson.internal.bind.JsonTreeReader	SOURCE
com.google.gson.stream.JsonReader$1	promoteNameToValue(com.google.gson.stream.JsonReader)	doPeek()	com.google.gson.stream.JsonReader	SOURCE
com.google.gson.stream.JsonReader$1	promoteNameToValue(com.google.gson.stream.JsonReader)	IllegalStateException(java.lang.String)	java.lang.IllegalStateException	SOURCE
com.google.gson.stream.JsonReader$1	promoteNameToValue(com.google.gson.stream.JsonReader)	peek()	com.google.gson.stream.JsonReader	SOURCE
com.google.gson.stream.JsonReader$1	promoteNameToValue(com.google.gson.stream.JsonReader)	locationString()	com.google.gson.stream.JsonReader	SOURCE
com.google.gson.stream.JsonToken	BEGIN_ARRAY	JsonToken()	com.google.gson.stream.JsonToken	SOURCE
com.google.gson.stream.JsonToken	END_ARRAY	JsonToken()	com.google.gson.stream.JsonToken	SOURCE
com.google.gson.stream.JsonToken	BEGIN_OBJECT	JsonToken()	com.google.gson.stream.JsonToken	SOURCE
com.google.gson.stream.JsonToken	END_OBJECT	JsonToken()	com.google.gson.stream.JsonToken	SOURCE
com.google.gson.stream.JsonToken	NAME	JsonToken()	com.google.gson.stream.JsonToken	SOURCE
com.google.gson.stream.JsonToken	STRING	JsonToken()	com.google.gson.stream.JsonToken	SOURCE
com.google.gson.stream.JsonToken	NUMBER	JsonToken()	com.google.gson.stream.JsonToken	SOURCE
com.google.gson.stream.JsonToken	BOOLEAN	JsonToken()	com.google.gson.stream.JsonToken	SOURCE
com.google.gson.stream.JsonToken	NULL	JsonToken()	com.google.gson.stream.JsonToken	SOURCE
com.google.gson.stream.JsonToken	END_DOCUMENT	JsonToken()	com.google.gson.stream.JsonToken	SOURCE
<<<<<<< HEAD
com.google.gson.JsonParseException	JsonParseException(java.lang.String)	RuntimeException(java.lang.String)	java.lang.RuntimeException	SOURCE
com.google.gson.JsonParseException	JsonParseException(java.lang.String,java.lang.Throwable)	RuntimeException(java.lang.String,java.lang.Throwable)	java.lang.RuntimeException	SOURCE
com.google.gson.JsonParseException	JsonParseException(java.lang.Throwable)	RuntimeException(java.lang.Throwable)	java.lang.RuntimeException	SOURCE
com.google.gson.LongSerializationPolicy	DEFAULT	()	com.google.gson.LongSerializationPolicy$1	SOURCE
com.google.gson.LongSerializationPolicy$1	serialize(java.lang.Long)	JsonPrimitive(java.lang.Number)	com.google.gson.JsonPrimitive	SOURCE
com.google.gson.LongSerializationPolicy	STRING	()	com.google.gson.LongSerializationPolicy$2	SOURCE
com.google.gson.LongSerializationPolicy$2	serialize(java.lang.Long)	JsonPrimitive(java.lang.String)	com.google.gson.JsonPrimitive	SOURCE
com.google.gson.LongSerializationPolicy$2	serialize(java.lang.Long)	valueOf(java.lang.Object)	java.lang.String	SOURCE
com.google.gson.stream.MalformedJsonException	MalformedJsonException(java.lang.String)	IOException(java.lang.String)	java.io.IOException	SOURCE
com.google.gson.stream.MalformedJsonException	MalformedJsonException(java.lang.String,java.lang.Throwable)	IOException(java.lang.String)	java.io.IOException	SOURCE
com.google.gson.stream.MalformedJsonException	MalformedJsonException(java.lang.String,java.lang.Throwable)	initCause(java.lang.Throwable)	java.lang.Throwable	SOURCE
com.google.gson.stream.MalformedJsonException	MalformedJsonException(java.lang.Throwable)	IOException()	java.io.IOException	SOURCE
com.google.gson.stream.MalformedJsonException	MalformedJsonException(java.lang.Throwable)	initCause(java.lang.Throwable)	java.lang.Throwable	SOURCE
com.google.gson.reflect.TypeToken	TypeToken()	Object()	java.lang.Object	SOURCE
com.google.gson.reflect.TypeToken	TypeToken()	getSuperclassTypeParameter(java.lang.Class<?>)	com.google.gson.reflect.TypeToken	SOURCE
com.google.gson.reflect.TypeToken	TypeToken()	getClass()	java.lang.Object	SOURCE
com.google.gson.reflect.TypeToken	TypeToken()	getRawType(java.lang.reflect.Type)	com.google.gson.internal.$Gson$Types	SOURCE
com.google.gson.reflect.TypeToken	TypeToken()	hashCode()	java.lang.Object	SOURCE
com.google.gson.reflect.TypeToken	TypeToken(java.lang.reflect.Type)	Object()	java.lang.Object	SOURCE
com.google.gson.reflect.TypeToken	TypeToken(java.lang.reflect.Type)	canonicalize(java.lang.reflect.Type)	com.google.gson.internal.$Gson$Types	SOURCE
com.google.gson.reflect.TypeToken	TypeToken(java.lang.reflect.Type)	<T>checkNotNull(T)	com.google.gson.internal.$Gson$Preconditions	SOURCE
com.google.gson.reflect.TypeToken	TypeToken(java.lang.reflect.Type)	getRawType(java.lang.reflect.Type)	com.google.gson.internal.$Gson$Types	SOURCE
com.google.gson.reflect.TypeToken	TypeToken(java.lang.reflect.Type)	hashCode()	java.lang.Object	SOURCE
com.google.gson.reflect.TypeToken	getSuperclassTypeParameter(java.lang.Class<?>)	getGenericSuperclass()	java.lang.Class	SOURCE
com.google.gson.reflect.TypeToken	getSuperclassTypeParameter(java.lang.Class<?>)	RuntimeException(java.lang.String)	java.lang.RuntimeException	SOURCE
com.google.gson.reflect.TypeToken	getSuperclassTypeParameter(java.lang.Class<?>)	canonicalize(java.lang.reflect.Type)	com.google.gson.internal.$Gson$Types	SOURCE
com.google.gson.reflect.TypeToken	getSuperclassTypeParameter(java.lang.Class<?>)	getActualTypeArguments()	java.lang.reflect.ParameterizedType	SOURCE
com.google.gson.reflect.TypeToken	isAssignableFrom(java.lang.Class<?>)	isAssignableFrom(java.lang.reflect.Type)	com.google.gson.reflect.TypeToken	SOURCE
com.google.gson.reflect.TypeToken	isAssignableFrom(java.lang.reflect.Type)	equals(java.lang.Object)	java.lang.Object	SOURCE
com.google.gson.reflect.TypeToken	isAssignableFrom(java.lang.reflect.Type)	isAssignableFrom(java.lang.Class<?>)	java.lang.Class	SOURCE
com.google.gson.reflect.TypeToken	isAssignableFrom(java.lang.reflect.Type)	getRawType(java.lang.reflect.Type)	com.google.gson.internal.$Gson$Types	SOURCE
com.google.gson.reflect.TypeToken	isAssignableFrom(java.lang.reflect.Type)	isAssignableFrom(java.lang.reflect.Type,java.lang.reflect.ParameterizedType,java.util.Map<java.lang.String,java.lang.reflect.Type>)	com.google.gson.reflect.TypeToken	SOURCE
com.google.gson.reflect.TypeToken	isAssignableFrom(java.lang.reflect.Type)	HashMap()	java.util.HashMap	SOURCE
com.google.gson.reflect.TypeToken	isAssignableFrom(java.lang.reflect.Type)	isAssignableFrom(java.lang.Class<?>)	java.lang.Class	SOURCE
com.google.gson.reflect.TypeToken	isAssignableFrom(java.lang.reflect.Type)	getRawType(java.lang.reflect.Type)	com.google.gson.internal.$Gson$Types	SOURCE
com.google.gson.reflect.TypeToken	isAssignableFrom(java.lang.reflect.Type)	isAssignableFrom(java.lang.reflect.Type,java.lang.reflect.GenericArrayType)	com.google.gson.reflect.TypeToken	SOURCE
com.google.gson.reflect.TypeToken	isAssignableFrom(java.lang.reflect.Type)	buildUnexpectedTypeError(java.lang.reflect.Type,java.lang.Class<?>...)	com.google.gson.reflect.TypeToken	SOURCE
com.google.gson.reflect.TypeToken	isAssignableFrom(com.google.gson.reflect.TypeToken<?>)	isAssignableFrom(java.lang.reflect.Type)	com.google.gson.reflect.TypeToken	SOURCE
com.google.gson.reflect.TypeToken	isAssignableFrom(com.google.gson.reflect.TypeToken<?>)	getType()	com.google.gson.reflect.TypeToken	SOURCE
com.google.gson.reflect.TypeToken	isAssignableFrom(java.lang.reflect.Type,java.lang.reflect.GenericArrayType)	getGenericComponentType()	java.lang.reflect.GenericArrayType	SOURCE
com.google.gson.reflect.TypeToken	isAssignableFrom(java.lang.reflect.Type,java.lang.reflect.GenericArrayType)	getGenericComponentType()	java.lang.reflect.GenericArrayType	SOURCE
com.google.gson.reflect.TypeToken	isAssignableFrom(java.lang.reflect.Type,java.lang.reflect.GenericArrayType)	isArray()	java.lang.Class	SOURCE
com.google.gson.reflect.TypeToken	isAssignableFrom(java.lang.reflect.Type,java.lang.reflect.GenericArrayType)	getComponentType()	java.lang.Class	SOURCE
com.google.gson.reflect.TypeToken	isAssignableFrom(java.lang.reflect.Type,java.lang.reflect.GenericArrayType)	isAssignableFrom(java.lang.reflect.Type,java.lang.reflect.ParameterizedType,java.util.Map<java.lang.String,java.lang.reflect.Type>)	com.google.gson.reflect.TypeToken	SOURCE
com.google.gson.reflect.TypeToken	isAssignableFrom(java.lang.reflect.Type,java.lang.reflect.GenericArrayType)	HashMap()	java.util.HashMap	SOURCE
com.google.gson.reflect.TypeToken	isAssignableFrom(java.lang.reflect.Type,java.lang.reflect.ParameterizedType,java.util.Map<java.lang.String,java.lang.reflect.Type>)	equals(java.lang.Object)	java.lang.Object	SOURCE
com.google.gson.reflect.TypeToken	isAssignableFrom(java.lang.reflect.Type,java.lang.reflect.ParameterizedType,java.util.Map<java.lang.String,java.lang.reflect.Type>)	getRawType(java.lang.reflect.Type)	com.google.gson.internal.$Gson$Types	SOURCE
com.google.gson.reflect.TypeToken	isAssignableFrom(java.lang.reflect.Type,java.lang.reflect.ParameterizedType,java.util.Map<java.lang.String,java.lang.reflect.Type>)	getActualTypeArguments()	java.lang.reflect.ParameterizedType	SOURCE
com.google.gson.reflect.TypeToken	isAssignableFrom(java.lang.reflect.Type,java.lang.reflect.ParameterizedType,java.util.Map<java.lang.String,java.lang.reflect.Type>)	getTypeParameters()	java.lang.Class	SOURCE
com.google.gson.reflect.TypeToken	isAssignableFrom(java.lang.reflect.Type,java.lang.reflect.ParameterizedType,java.util.Map<java.lang.String,java.lang.reflect.Type>)	get(java.lang.Object)	java.util.Map	SOURCE
com.google.gson.reflect.TypeToken	isAssignableFrom(java.lang.reflect.Type,java.lang.reflect.ParameterizedType,java.util.Map<java.lang.String,java.lang.reflect.Type>)	getName()	java.lang.reflect.TypeVariable	SOURCE
com.google.gson.reflect.TypeToken	isAssignableFrom(java.lang.reflect.Type,java.lang.reflect.ParameterizedType,java.util.Map<java.lang.String,java.lang.reflect.Type>)	put(K,V)	java.util.Map	SOURCE
com.google.gson.reflect.TypeToken	isAssignableFrom(java.lang.reflect.Type,java.lang.reflect.ParameterizedType,java.util.Map<java.lang.String,java.lang.reflect.Type>)	getName()	java.lang.reflect.TypeVariable	SOURCE
com.google.gson.reflect.TypeToken	isAssignableFrom(java.lang.reflect.Type,java.lang.reflect.ParameterizedType,java.util.Map<java.lang.String,java.lang.reflect.Type>)	typeEquals(java.lang.reflect.ParameterizedType,java.lang.reflect.ParameterizedType,java.util.Map<java.lang.String,java.lang.reflect.Type>)	com.google.gson.reflect.TypeToken	SOURCE
com.google.gson.reflect.TypeToken	isAssignableFrom(java.lang.reflect.Type,java.lang.reflect.ParameterizedType,java.util.Map<java.lang.String,java.lang.reflect.Type>)	getGenericInterfaces()	java.lang.Class	SOURCE
com.google.gson.reflect.TypeToken	isAssignableFrom(java.lang.reflect.Type,java.lang.reflect.ParameterizedType,java.util.Map<java.lang.String,java.lang.reflect.Type>)	isAssignableFrom(java.lang.reflect.Type,java.lang.reflect.ParameterizedType,java.util.Map<java.lang.String,java.lang.reflect.Type>)	com.google.gson.reflect.TypeToken	SOURCE
com.google.gson.reflect.TypeToken	isAssignableFrom(java.lang.reflect.Type,java.lang.reflect.ParameterizedType,java.util.Map<java.lang.String,java.lang.reflect.Type>)	HashMap(java.util.Map<? extends K,? extends V>)	java.util.HashMap	SOURCE
com.google.gson.reflect.TypeToken	isAssignableFrom(java.lang.reflect.Type,java.lang.reflect.ParameterizedType,java.util.Map<java.lang.String,java.lang.reflect.Type>)	getGenericSuperclass()	java.lang.Class	SOURCE
com.google.gson.reflect.TypeToken	isAssignableFrom(java.lang.reflect.Type,java.lang.reflect.ParameterizedType,java.util.Map<java.lang.String,java.lang.reflect.Type>)	isAssignableFrom(java.lang.reflect.Type,java.lang.reflect.ParameterizedType,java.util.Map<java.lang.String,java.lang.reflect.Type>)	com.google.gson.reflect.TypeToken	SOURCE
com.google.gson.reflect.TypeToken	isAssignableFrom(java.lang.reflect.Type,java.lang.reflect.ParameterizedType,java.util.Map<java.lang.String,java.lang.reflect.Type>)	HashMap(java.util.Map<? extends K,? extends V>)	java.util.HashMap	SOURCE
com.google.gson.reflect.TypeToken	typeEquals(java.lang.reflect.ParameterizedType,java.lang.reflect.ParameterizedType,java.util.Map<java.lang.String,java.lang.reflect.Type>)	equals(java.lang.Object)	java.lang.Object	SOURCE
com.google.gson.reflect.TypeToken	typeEquals(java.lang.reflect.ParameterizedType,java.lang.reflect.ParameterizedType,java.util.Map<java.lang.String,java.lang.reflect.Type>)	getRawType()	java.lang.reflect.ParameterizedType	SOURCE
com.google.gson.reflect.TypeToken	typeEquals(java.lang.reflect.ParameterizedType,java.lang.reflect.ParameterizedType,java.util.Map<java.lang.String,java.lang.reflect.Type>)	getRawType()	java.lang.reflect.ParameterizedType	SOURCE
com.google.gson.reflect.TypeToken	typeEquals(java.lang.reflect.ParameterizedType,java.lang.reflect.ParameterizedType,java.util.Map<java.lang.String,java.lang.reflect.Type>)	getActualTypeArguments()	java.lang.reflect.ParameterizedType	SOURCE
com.google.gson.reflect.TypeToken	typeEquals(java.lang.reflect.ParameterizedType,java.lang.reflect.ParameterizedType,java.util.Map<java.lang.String,java.lang.reflect.Type>)	getActualTypeArguments()	java.lang.reflect.ParameterizedType	SOURCE
com.google.gson.reflect.TypeToken	typeEquals(java.lang.reflect.ParameterizedType,java.lang.reflect.ParameterizedType,java.util.Map<java.lang.String,java.lang.reflect.Type>)	matches(java.lang.reflect.Type,java.lang.reflect.Type,java.util.Map<java.lang.String,java.lang.reflect.Type>)	com.google.gson.reflect.TypeToken	SOURCE
com.google.gson.reflect.TypeToken	buildUnexpectedTypeError(java.lang.reflect.Type,java.lang.Class<?>...)	StringBuilder(java.lang.String)	java.lang.StringBuilder	SOURCE
com.google.gson.reflect.TypeToken	buildUnexpectedTypeError(java.lang.reflect.Type,java.lang.Class<?>...)	append(java.lang.String)	java.lang.StringBuilder	SOURCE
com.google.gson.reflect.TypeToken	buildUnexpectedTypeError(java.lang.reflect.Type,java.lang.Class<?>...)	append(java.lang.String)	java.lang.StringBuilder	SOURCE
com.google.gson.reflect.TypeToken	buildUnexpectedTypeError(java.lang.reflect.Type,java.lang.Class<?>...)	getName()	java.lang.Class	SOURCE
com.google.gson.reflect.TypeToken	buildUnexpectedTypeError(java.lang.reflect.Type,java.lang.Class<?>...)	append(char)	java.lang.StringBuilder	SOURCE
com.google.gson.reflect.TypeToken	buildUnexpectedTypeError(java.lang.reflect.Type,java.lang.Class<?>...)	append(java.lang.String)	java.lang.StringBuilder	SOURCE
com.google.gson.reflect.TypeToken	buildUnexpectedTypeError(java.lang.reflect.Type,java.lang.Class<?>...)	append(java.lang.String)	java.lang.StringBuilder	SOURCE
com.google.gson.reflect.TypeToken	buildUnexpectedTypeError(java.lang.reflect.Type,java.lang.Class<?>...)	append(java.lang.String)	java.lang.StringBuilder	SOURCE
com.google.gson.reflect.TypeToken	buildUnexpectedTypeError(java.lang.reflect.Type,java.lang.Class<?>...)	append(java.lang.String)	java.lang.StringBuilder	SOURCE
com.google.gson.reflect.TypeToken	buildUnexpectedTypeError(java.lang.reflect.Type,java.lang.Class<?>...)	getName()	java.lang.Class	SOURCE
com.google.gson.reflect.TypeToken	buildUnexpectedTypeError(java.lang.reflect.Type,java.lang.Class<?>...)	getClass()	java.lang.Object	SOURCE
com.google.gson.reflect.TypeToken	buildUnexpectedTypeError(java.lang.reflect.Type,java.lang.Class<?>...)	toString()	java.lang.Object	SOURCE
com.google.gson.reflect.TypeToken	buildUnexpectedTypeError(java.lang.reflect.Type,java.lang.Class<?>...)	AssertionError(java.lang.Object)	java.lang.AssertionError	SOURCE
com.google.gson.reflect.TypeToken	buildUnexpectedTypeError(java.lang.reflect.Type,java.lang.Class<?>...)	toString()	java.lang.StringBuilder	SOURCE
com.google.gson.reflect.TypeToken	matches(java.lang.reflect.Type,java.lang.reflect.Type,java.util.Map<java.lang.String,java.lang.reflect.Type>)	equals(java.lang.Object)	java.lang.Object	SOURCE
com.google.gson.reflect.TypeToken	matches(java.lang.reflect.Type,java.lang.reflect.Type,java.util.Map<java.lang.String,java.lang.reflect.Type>)	equals(java.lang.Object)	java.lang.Object	SOURCE
com.google.gson.reflect.TypeToken	matches(java.lang.reflect.Type,java.lang.reflect.Type,java.util.Map<java.lang.String,java.lang.reflect.Type>)	get(java.lang.Object)	java.util.Map	SOURCE
com.google.gson.reflect.TypeToken	matches(java.lang.reflect.Type,java.lang.reflect.Type,java.util.Map<java.lang.String,java.lang.reflect.Type>)	getName()	java.lang.reflect.TypeVariable	SOURCE
com.google.gson.reflect.TypeToken	equals(java.lang.Object)	equals(java.lang.reflect.Type,java.lang.reflect.Type)	com.google.gson.internal.$Gson$Types	SOURCE
com.google.gson.reflect.TypeToken	toString()	typeToString(java.lang.reflect.Type)	com.google.gson.internal.$Gson$Types	SOURCE
com.google.gson.reflect.TypeToken	get(java.lang.reflect.Type)	TypeToken(java.lang.reflect.Type)	com.google.gson.reflect.TypeToken	SOURCE
com.google.gson.reflect.TypeToken	<T>get(java.lang.Class<T>)	TypeToken(java.lang.reflect.Type)	com.google.gson.reflect.TypeToken	SOURCE
com.google.gson.reflect.TypeToken	getParameterized(java.lang.reflect.Type,java.lang.reflect.Type...)	TypeToken(java.lang.reflect.Type)	com.google.gson.reflect.TypeToken	SOURCE
com.google.gson.reflect.TypeToken	getParameterized(java.lang.reflect.Type,java.lang.reflect.Type...)	newParameterizedTypeWithOwner(java.lang.reflect.Type,java.lang.reflect.Type,java.lang.reflect.Type...)	com.google.gson.internal.$Gson$Types	SOURCE
com.google.gson.reflect.TypeToken	getArray(java.lang.reflect.Type)	TypeToken(java.lang.reflect.Type)	com.google.gson.reflect.TypeToken	SOURCE
com.google.gson.reflect.TypeToken	getArray(java.lang.reflect.Type)	arrayOf(java.lang.reflect.Type)	com.google.gson.internal.$Gson$Types	SOURCE
com.google.gson.internal.PreJava9DateFormatProvider	getUSDateFormat(int)	SimpleDateFormat(java.lang.String,java.util.Locale)	java.text.SimpleDateFormat	SOURCE
com.google.gson.internal.PreJava9DateFormatProvider	getUSDateFormat(int)	getDateFormatPattern(int)	com.google.gson.internal.PreJava9DateFormatProvider	SOURCE
com.google.gson.internal.PreJava9DateFormatProvider	getUSDateTimeFormat(int,int)	getDatePartOfDateTimePattern(int)	com.google.gson.internal.PreJava9DateFormatProvider	SOURCE
com.google.gson.internal.PreJava9DateFormatProvider	getUSDateTimeFormat(int,int)	getTimePartOfDateTimePattern(int)	com.google.gson.internal.PreJava9DateFormatProvider	SOURCE
com.google.gson.internal.PreJava9DateFormatProvider	getUSDateTimeFormat(int,int)	SimpleDateFormat(java.lang.String,java.util.Locale)	java.text.SimpleDateFormat	SOURCE
com.google.gson.internal.PreJava9DateFormatProvider	getDateFormatPattern(int)	IllegalArgumentException(java.lang.String)	java.lang.IllegalArgumentException	SOURCE
com.google.gson.internal.PreJava9DateFormatProvider	getDatePartOfDateTimePattern(int)	IllegalArgumentException(java.lang.String)	java.lang.IllegalArgumentException	SOURCE
com.google.gson.internal.PreJava9DateFormatProvider	getTimePartOfDateTimePattern(int)	IllegalArgumentException(java.lang.String)	java.lang.IllegalArgumentException	SOURCE
com.google.gson.internal.LazilyParsedNumber	LazilyParsedNumber(java.lang.String)	Number()	java.lang.Number	SOURCE
com.google.gson.internal.LazilyParsedNumber	intValue()	parseInt(java.lang.String)	java.lang.Integer	SOURCE
com.google.gson.internal.LazilyParsedNumber	intValue()	parseLong(java.lang.String)	java.lang.Long	SOURCE
com.google.gson.internal.LazilyParsedNumber	intValue()	intValue()	java.math.BigDecimal	SOURCE
com.google.gson.internal.LazilyParsedNumber	intValue()	BigDecimal(java.lang.String)	java.math.BigDecimal	SOURCE
com.google.gson.internal.LazilyParsedNumber	longValue()	parseLong(java.lang.String)	java.lang.Long	SOURCE
com.google.gson.internal.LazilyParsedNumber	longValue()	longValue()	java.math.BigDecimal	SOURCE
com.google.gson.internal.LazilyParsedNumber	longValue()	BigDecimal(java.lang.String)	java.math.BigDecimal	SOURCE
com.google.gson.internal.LazilyParsedNumber	floatValue()	parseFloat(java.lang.String)	java.lang.Float	SOURCE
com.google.gson.internal.LazilyParsedNumber	doubleValue()	parseDouble(java.lang.String)	java.lang.Double	SOURCE
com.google.gson.internal.LazilyParsedNumber	writeReplace()	BigDecimal(java.lang.String)	java.math.BigDecimal	SOURCE
com.google.gson.internal.LazilyParsedNumber	hashCode()	hashCode()	java.lang.String	SOURCE
com.google.gson.internal.LazilyParsedNumber	equals(java.lang.Object)	equals(java.lang.Object)	java.lang.String	SOURCE
com.google.gson.internal.UnsafeAllocator	create()	forName(java.lang.String)	java.lang.Class	SOURCE
com.google.gson.internal.UnsafeAllocator	create()	getDeclaredField(java.lang.String)	java.lang.Class	SOURCE
com.google.gson.internal.UnsafeAllocator	create()	setAccessible(boolean)	java.lang.reflect.Field	SOURCE
com.google.gson.internal.UnsafeAllocator	create()	get(java.lang.Object)	java.lang.reflect.Field	SOURCE
com.google.gson.internal.UnsafeAllocator	create()	getMethod(java.lang.String,java.lang.Class<?>...)	java.lang.Class	SOURCE
com.google.gson.internal.UnsafeAllocator	create()	()	com.google.gson.internal.UnsafeAllocator$1	SOURCE
com.google.gson.internal.UnsafeAllocator$1	<T>newInstance(java.lang.Class<T>)	assertInstantiable(java.lang.Class<?>)	com.google.gson.internal.UnsafeAllocator	SOURCE
com.google.gson.internal.UnsafeAllocator$1	<T>newInstance(java.lang.Class<T>)	invoke(java.lang.Object,java.lang.Object...)	java.lang.reflect.Method	SOURCE
com.google.gson.internal.UnsafeAllocator	create()	getDeclaredMethod(java.lang.String,java.lang.Class<?>...)	java.lang.Class	SOURCE
com.google.gson.internal.UnsafeAllocator	create()	setAccessible(boolean)	java.lang.reflect.Method	SOURCE
com.google.gson.internal.UnsafeAllocator	create()	invoke(java.lang.Object,java.lang.Object...)	java.lang.reflect.Method	SOURCE
com.google.gson.internal.UnsafeAllocator	create()	getDeclaredMethod(java.lang.String,java.lang.Class<?>...)	java.lang.Class	SOURCE
com.google.gson.internal.UnsafeAllocator	create()	setAccessible(boolean)	java.lang.reflect.Method	SOURCE
com.google.gson.internal.UnsafeAllocator	create()	()	com.google.gson.internal.UnsafeAllocator$2	SOURCE
com.google.gson.internal.UnsafeAllocator$2	<T>newInstance(java.lang.Class<T>)	assertInstantiable(java.lang.Class<?>)	com.google.gson.internal.UnsafeAllocator	SOURCE
com.google.gson.internal.UnsafeAllocator$2	<T>newInstance(java.lang.Class<T>)	invoke(java.lang.Object,java.lang.Object...)	java.lang.reflect.Method	SOURCE
com.google.gson.internal.UnsafeAllocator	create()	getDeclaredMethod(java.lang.String,java.lang.Class<?>...)	java.lang.Class	SOURCE
com.google.gson.internal.UnsafeAllocator	create()	setAccessible(boolean)	java.lang.reflect.Method	SOURCE
com.google.gson.internal.UnsafeAllocator	create()	()	com.google.gson.internal.UnsafeAllocator$3	SOURCE
com.google.gson.internal.UnsafeAllocator$3	<T>newInstance(java.lang.Class<T>)	assertInstantiable(java.lang.Class<?>)	com.google.gson.internal.UnsafeAllocator	SOURCE
com.google.gson.internal.UnsafeAllocator$3	<T>newInstance(java.lang.Class<T>)	invoke(java.lang.Object,java.lang.Object...)	java.lang.reflect.Method	SOURCE
com.google.gson.internal.UnsafeAllocator	create()	()	com.google.gson.internal.UnsafeAllocator$4	SOURCE
com.google.gson.internal.UnsafeAllocator$4	<T>newInstance(java.lang.Class<T>)	UnsupportedOperationException(java.lang.String)	java.lang.UnsupportedOperationException	SOURCE
com.google.gson.internal.UnsafeAllocator	assertInstantiable(java.lang.Class<?>)	getModifiers()	java.lang.Class	SOURCE
com.google.gson.internal.UnsafeAllocator	assertInstantiable(java.lang.Class<?>)	isInterface(int)	java.lang.reflect.Modifier	SOURCE
com.google.gson.internal.UnsafeAllocator	assertInstantiable(java.lang.Class<?>)	UnsupportedOperationException(java.lang.String)	java.lang.UnsupportedOperationException	SOURCE
com.google.gson.internal.UnsafeAllocator	assertInstantiable(java.lang.Class<?>)	getName()	java.lang.Class	SOURCE
com.google.gson.internal.UnsafeAllocator	assertInstantiable(java.lang.Class<?>)	isAbstract(int)	java.lang.reflect.Modifier	SOURCE
com.google.gson.internal.UnsafeAllocator	assertInstantiable(java.lang.Class<?>)	UnsupportedOperationException(java.lang.String)	java.lang.UnsupportedOperationException	SOURCE
com.google.gson.internal.UnsafeAllocator	assertInstantiable(java.lang.Class<?>)	getName()	java.lang.Class	SOURCE
com.google.gson.internal.reflect.UnsafeReflectionAccessor	theUnsafe	getUnsafeInstance()	com.google.gson.internal.reflect.UnsafeReflectionAccessor	SOURCE
com.google.gson.internal.reflect.UnsafeReflectionAccessor	overrideField	getOverrideField()	com.google.gson.internal.reflect.UnsafeReflectionAccessor	SOURCE
com.google.gson.internal.reflect.UnsafeReflectionAccessor	makeAccessible(java.lang.reflect.AccessibleObject)	makeAccessibleWithUnsafe(java.lang.reflect.AccessibleObject)	com.google.gson.internal.reflect.UnsafeReflectionAccessor	SOURCE
com.google.gson.internal.reflect.UnsafeReflectionAccessor	makeAccessible(java.lang.reflect.AccessibleObject)	setAccessible(boolean)	java.lang.reflect.AccessibleObject	SOURCE
com.google.gson.internal.reflect.UnsafeReflectionAccessor	makeAccessible(java.lang.reflect.AccessibleObject)	JsonIOException(java.lang.String,java.lang.Throwable)	com.google.gson.JsonIOException	SOURCE
com.google.gson.internal.reflect.UnsafeReflectionAccessor	makeAccessibleWithUnsafe(java.lang.reflect.AccessibleObject)	getMethod(java.lang.String,java.lang.Class<?>...)	java.lang.Class	SOURCE
com.google.gson.internal.reflect.UnsafeReflectionAccessor	makeAccessibleWithUnsafe(java.lang.reflect.AccessibleObject)	invoke(java.lang.Object,java.lang.Object...)	java.lang.reflect.Method	SOURCE
com.google.gson.internal.reflect.UnsafeReflectionAccessor	makeAccessibleWithUnsafe(java.lang.reflect.AccessibleObject)	getMethod(java.lang.String,java.lang.Class<?>...)	java.lang.Class	SOURCE
com.google.gson.internal.reflect.UnsafeReflectionAccessor	makeAccessibleWithUnsafe(java.lang.reflect.AccessibleObject)	invoke(java.lang.Object,java.lang.Object...)	java.lang.reflect.Method	SOURCE
com.google.gson.internal.reflect.UnsafeReflectionAccessor	getUnsafeInstance()	forName(java.lang.String)	java.lang.Class	SOURCE
com.google.gson.internal.reflect.UnsafeReflectionAccessor	getUnsafeInstance()	getDeclaredField(java.lang.String)	java.lang.Class	SOURCE
com.google.gson.internal.reflect.UnsafeReflectionAccessor	getUnsafeInstance()	setAccessible(boolean)	java.lang.reflect.Field	SOURCE
com.google.gson.internal.reflect.UnsafeReflectionAccessor	getUnsafeInstance()	get(java.lang.Object)	java.lang.reflect.Field	SOURCE
com.google.gson.internal.reflect.UnsafeReflectionAccessor	getOverrideField()	getDeclaredField(java.lang.String)	java.lang.Class	SOURCE
com.google.gson.internal.reflect.ReflectionAccessor	instance	getMajorJavaVersion()	com.google.gson.internal.JavaVersion	SOURCE
com.google.gson.internal.reflect.ReflectionAccessor	instance	PreJava9ReflectionAccessor()	com.google.gson.internal.reflect.PreJava9ReflectionAccessor	SOURCE
com.google.gson.internal.reflect.ReflectionAccessor	instance	UnsafeReflectionAccessor()	com.google.gson.internal.reflect.UnsafeReflectionAccessor	SOURCE
com.google.gson.internal.reflect.PreJava9ReflectionAccessor	makeAccessible(java.lang.reflect.AccessibleObject)	setAccessible(boolean)	java.lang.reflect.AccessibleObject	SOURCE
=======
com.google.gson.internal.ConstructorConstructor	accessor	getInstance()	com.google.gson.internal.reflect.ReflectionAccessor	SOURCE
com.google.gson.internal.ConstructorConstructor	ConstructorConstructor(java.util.Map<java.lang.reflect.Type,com.google.gson.InstanceCreator<?>>)	Object()	java.lang.Object	SOURCE
com.google.gson.internal.ConstructorConstructor	<T>get(com.google.gson.reflect.TypeToken<T>)	getType()	com.google.gson.reflect.TypeToken	SOURCE
com.google.gson.internal.ConstructorConstructor	<T>get(com.google.gson.reflect.TypeToken<T>)	getRawType()	com.google.gson.reflect.TypeToken	SOURCE
com.google.gson.internal.ConstructorConstructor	<T>get(com.google.gson.reflect.TypeToken<T>)	get(java.lang.Object)	java.util.Map	SOURCE
com.google.gson.internal.ConstructorConstructor	<T>get(com.google.gson.reflect.TypeToken<T>)	()	com.google.gson.internal.ConstructorConstructor$1	SOURCE
com.google.gson.internal.ConstructorConstructor$1	construct()	createInstance(java.lang.reflect.Type)	com.google.gson.InstanceCreator	SOURCE
com.google.gson.internal.ConstructorConstructor	<T>get(com.google.gson.reflect.TypeToken<T>)	get(java.lang.Object)	java.util.Map	SOURCE
com.google.gson.internal.ConstructorConstructor	<T>get(com.google.gson.reflect.TypeToken<T>)	()	com.google.gson.internal.ConstructorConstructor$2	SOURCE
com.google.gson.internal.ConstructorConstructor$2	construct()	createInstance(java.lang.reflect.Type)	com.google.gson.InstanceCreator	SOURCE
com.google.gson.internal.ConstructorConstructor	<T>get(com.google.gson.reflect.TypeToken<T>)	<T>newDefaultConstructor(java.lang.Class<? super T>)	com.google.gson.internal.ConstructorConstructor	SOURCE
com.google.gson.internal.ConstructorConstructor	<T>get(com.google.gson.reflect.TypeToken<T>)	<T>newDefaultImplementationConstructor(java.lang.reflect.Type,java.lang.Class<? super T>)	com.google.gson.internal.ConstructorConstructor	SOURCE
com.google.gson.internal.ConstructorConstructor	<T>get(com.google.gson.reflect.TypeToken<T>)	<T>newUnsafeAllocator(java.lang.reflect.Type,java.lang.Class<? super T>)	com.google.gson.internal.ConstructorConstructor	SOURCE
com.google.gson.internal.ConstructorConstructor	<T>newDefaultConstructor(java.lang.Class<? super T>)	getDeclaredConstructor(java.lang.Class<?>...)	java.lang.Class	SOURCE
com.google.gson.internal.ConstructorConstructor	<T>newDefaultConstructor(java.lang.Class<? super T>)	isAccessible()	java.lang.reflect.AccessibleObject	SOURCE
com.google.gson.internal.ConstructorConstructor	<T>newDefaultConstructor(java.lang.Class<? super T>)	makeAccessible(java.lang.reflect.AccessibleObject)	com.google.gson.internal.reflect.ReflectionAccessor	SOURCE
com.google.gson.internal.ConstructorConstructor	<T>newDefaultConstructor(java.lang.Class<? super T>)	()	com.google.gson.internal.ConstructorConstructor$3	SOURCE
com.google.gson.internal.ConstructorConstructor$3	construct()	newInstance(java.lang.Object...)	java.lang.reflect.Constructor	SOURCE
com.google.gson.internal.ConstructorConstructor$3	construct()	RuntimeException(java.lang.String,java.lang.Throwable)	java.lang.RuntimeException	SOURCE
com.google.gson.internal.ConstructorConstructor$3	construct()	RuntimeException(java.lang.String,java.lang.Throwable)	java.lang.RuntimeException	SOURCE
com.google.gson.internal.ConstructorConstructor$3	construct()	getTargetException()	java.lang.reflect.InvocationTargetException	SOURCE
com.google.gson.internal.ConstructorConstructor$3	construct()	AssertionError(java.lang.Object)	java.lang.AssertionError	SOURCE
com.google.gson.internal.ConstructorConstructor	<T>newDefaultImplementationConstructor(java.lang.reflect.Type,java.lang.Class<? super T>)	isAssignableFrom(java.lang.Class<?>)	java.lang.Class	SOURCE
com.google.gson.internal.ConstructorConstructor	<T>newDefaultImplementationConstructor(java.lang.reflect.Type,java.lang.Class<? super T>)	isAssignableFrom(java.lang.Class<?>)	java.lang.Class	SOURCE
com.google.gson.internal.ConstructorConstructor	<T>newDefaultImplementationConstructor(java.lang.reflect.Type,java.lang.Class<? super T>)	()	com.google.gson.internal.ConstructorConstructor$4	SOURCE
com.google.gson.internal.ConstructorConstructor$4	construct()	TreeSet()	java.util.TreeSet	SOURCE
com.google.gson.internal.ConstructorConstructor	<T>newDefaultImplementationConstructor(java.lang.reflect.Type,java.lang.Class<? super T>)	isAssignableFrom(java.lang.Class<?>)	java.lang.Class	SOURCE
com.google.gson.internal.ConstructorConstructor	<T>newDefaultImplementationConstructor(java.lang.reflect.Type,java.lang.Class<? super T>)	()	com.google.gson.internal.ConstructorConstructor$5	SOURCE
com.google.gson.internal.ConstructorConstructor$5	construct()	getActualTypeArguments()	java.lang.reflect.ParameterizedType	SOURCE
com.google.gson.internal.ConstructorConstructor$5	construct()	<E>noneOf(java.lang.Class<E>)	java.util.EnumSet	SOURCE
com.google.gson.internal.ConstructorConstructor$5	construct()	JsonIOException(java.lang.String)	com.google.gson.JsonIOException	SOURCE
com.google.gson.internal.ConstructorConstructor$5	construct()	toString()	java.lang.Object	SOURCE
com.google.gson.internal.ConstructorConstructor$5	construct()	JsonIOException(java.lang.String)	com.google.gson.JsonIOException	SOURCE
com.google.gson.internal.ConstructorConstructor$5	construct()	toString()	java.lang.Object	SOURCE
com.google.gson.internal.ConstructorConstructor	<T>newDefaultImplementationConstructor(java.lang.reflect.Type,java.lang.Class<? super T>)	isAssignableFrom(java.lang.Class<?>)	java.lang.Class	SOURCE
com.google.gson.internal.ConstructorConstructor	<T>newDefaultImplementationConstructor(java.lang.reflect.Type,java.lang.Class<? super T>)	()	com.google.gson.internal.ConstructorConstructor$6	SOURCE
com.google.gson.internal.ConstructorConstructor$6	construct()	LinkedHashSet()	java.util.LinkedHashSet	SOURCE
com.google.gson.internal.ConstructorConstructor	<T>newDefaultImplementationConstructor(java.lang.reflect.Type,java.lang.Class<? super T>)	isAssignableFrom(java.lang.Class<?>)	java.lang.Class	SOURCE
com.google.gson.internal.ConstructorConstructor	<T>newDefaultImplementationConstructor(java.lang.reflect.Type,java.lang.Class<? super T>)	()	com.google.gson.internal.ConstructorConstructor$7	SOURCE
com.google.gson.internal.ConstructorConstructor$7	construct()	ArrayDeque()	java.util.ArrayDeque	SOURCE
com.google.gson.internal.ConstructorConstructor	<T>newDefaultImplementationConstructor(java.lang.reflect.Type,java.lang.Class<? super T>)	()	com.google.gson.internal.ConstructorConstructor$8	SOURCE
com.google.gson.internal.ConstructorConstructor$8	construct()	ArrayList()	java.util.ArrayList	SOURCE
com.google.gson.internal.ConstructorConstructor	<T>newDefaultImplementationConstructor(java.lang.reflect.Type,java.lang.Class<? super T>)	isAssignableFrom(java.lang.Class<?>)	java.lang.Class	SOURCE
com.google.gson.internal.ConstructorConstructor	<T>newDefaultImplementationConstructor(java.lang.reflect.Type,java.lang.Class<? super T>)	isAssignableFrom(java.lang.Class<?>)	java.lang.Class	SOURCE
com.google.gson.internal.ConstructorConstructor	<T>newDefaultImplementationConstructor(java.lang.reflect.Type,java.lang.Class<? super T>)	()	com.google.gson.internal.ConstructorConstructor$9	SOURCE
com.google.gson.internal.ConstructorConstructor$9	construct()	ConcurrentSkipListMap()	java.util.concurrent.ConcurrentSkipListMap	SOURCE
com.google.gson.internal.ConstructorConstructor	<T>newDefaultImplementationConstructor(java.lang.reflect.Type,java.lang.Class<? super T>)	isAssignableFrom(java.lang.Class<?>)	java.lang.Class	SOURCE
com.google.gson.internal.ConstructorConstructor	<T>newDefaultImplementationConstructor(java.lang.reflect.Type,java.lang.Class<? super T>)	()	com.google.gson.internal.ConstructorConstructor$10	SOURCE
com.google.gson.internal.ConstructorConstructor$10	construct()	ConcurrentHashMap()	java.util.concurrent.ConcurrentHashMap	SOURCE
com.google.gson.internal.ConstructorConstructor	<T>newDefaultImplementationConstructor(java.lang.reflect.Type,java.lang.Class<? super T>)	isAssignableFrom(java.lang.Class<?>)	java.lang.Class	SOURCE
com.google.gson.internal.ConstructorConstructor	<T>newDefaultImplementationConstructor(java.lang.reflect.Type,java.lang.Class<? super T>)	()	com.google.gson.internal.ConstructorConstructor$11	SOURCE
com.google.gson.internal.ConstructorConstructor$11	construct()	TreeMap()	java.util.TreeMap	SOURCE
com.google.gson.internal.ConstructorConstructor	<T>newDefaultImplementationConstructor(java.lang.reflect.Type,java.lang.Class<? super T>)	isAssignableFrom(java.lang.Class<?>)	java.lang.Class	SOURCE
com.google.gson.internal.ConstructorConstructor	<T>newDefaultImplementationConstructor(java.lang.reflect.Type,java.lang.Class<? super T>)	getRawType()	com.google.gson.reflect.TypeToken	SOURCE
com.google.gson.internal.ConstructorConstructor	<T>newDefaultImplementationConstructor(java.lang.reflect.Type,java.lang.Class<? super T>)	get(java.lang.reflect.Type)	com.google.gson.reflect.TypeToken	SOURCE
com.google.gson.internal.ConstructorConstructor	<T>newDefaultImplementationConstructor(java.lang.reflect.Type,java.lang.Class<? super T>)	getActualTypeArguments()	java.lang.reflect.ParameterizedType	SOURCE
com.google.gson.internal.ConstructorConstructor	<T>newDefaultImplementationConstructor(java.lang.reflect.Type,java.lang.Class<? super T>)	()	com.google.gson.internal.ConstructorConstructor$12	SOURCE
com.google.gson.internal.ConstructorConstructor$12	construct()	LinkedHashMap()	java.util.LinkedHashMap	SOURCE
com.google.gson.internal.ConstructorConstructor	<T>newDefaultImplementationConstructor(java.lang.reflect.Type,java.lang.Class<? super T>)	()	com.google.gson.internal.ConstructorConstructor$13	SOURCE
com.google.gson.internal.ConstructorConstructor$13	construct()	LinkedTreeMap()	com.google.gson.internal.LinkedTreeMap	SOURCE
com.google.gson.internal.ConstructorConstructor	<T>newUnsafeAllocator(java.lang.reflect.Type,java.lang.Class<? super T>)	()	com.google.gson.internal.ConstructorConstructor$14	SOURCE
com.google.gson.internal.ConstructorConstructor$14	unsafeAllocator	create()	com.google.gson.internal.UnsafeAllocator	SOURCE
com.google.gson.internal.ConstructorConstructor$14	construct()	<T>newInstance(java.lang.Class<T>)	com.google.gson.internal.UnsafeAllocator	SOURCE
com.google.gson.internal.ConstructorConstructor$14	construct()	RuntimeException(java.lang.String,java.lang.Throwable)	java.lang.RuntimeException	SOURCE
com.google.gson.internal.ConstructorConstructor	toString()	toString()	java.lang.Object	SOURCE
com.google.gson.internal.bind.JsonAdapterAnnotationTypeAdapterFactory	JsonAdapterAnnotationTypeAdapterFactory(com.google.gson.internal.ConstructorConstructor)	Object()	java.lang.Object	SOURCE
com.google.gson.internal.bind.JsonAdapterAnnotationTypeAdapterFactory	<T>create(com.google.gson.Gson,com.google.gson.reflect.TypeToken<T>)	getRawType()	com.google.gson.reflect.TypeToken	SOURCE
com.google.gson.internal.bind.JsonAdapterAnnotationTypeAdapterFactory	<T>create(com.google.gson.Gson,com.google.gson.reflect.TypeToken<T>)	<A>getAnnotation(java.lang.Class<A>)	java.lang.Class	SOURCE
com.google.gson.internal.bind.JsonAdapterAnnotationTypeAdapterFactory	<T>create(com.google.gson.Gson,com.google.gson.reflect.TypeToken<T>)	getTypeAdapter(com.google.gson.internal.ConstructorConstructor,com.google.gson.Gson,com.google.gson.reflect.TypeToken<?>,com.google.gson.annotations.JsonAdapter)	com.google.gson.internal.bind.JsonAdapterAnnotationTypeAdapterFactory	SOURCE
com.google.gson.internal.bind.JsonAdapterAnnotationTypeAdapterFactory	getTypeAdapter(com.google.gson.internal.ConstructorConstructor,com.google.gson.Gson,com.google.gson.reflect.TypeToken<?>,com.google.gson.annotations.JsonAdapter)	construct()	com.google.gson.internal.ObjectConstructor	SOURCE
com.google.gson.internal.bind.JsonAdapterAnnotationTypeAdapterFactory	getTypeAdapter(com.google.gson.internal.ConstructorConstructor,com.google.gson.Gson,com.google.gson.reflect.TypeToken<?>,com.google.gson.annotations.JsonAdapter)	<T>get(com.google.gson.reflect.TypeToken<T>)	com.google.gson.internal.ConstructorConstructor	SOURCE
com.google.gson.internal.bind.JsonAdapterAnnotationTypeAdapterFactory	getTypeAdapter(com.google.gson.internal.ConstructorConstructor,com.google.gson.Gson,com.google.gson.reflect.TypeToken<?>,com.google.gson.annotations.JsonAdapter)	<T>get(java.lang.Class<T>)	com.google.gson.reflect.TypeToken	SOURCE
com.google.gson.internal.bind.JsonAdapterAnnotationTypeAdapterFactory	getTypeAdapter(com.google.gson.internal.ConstructorConstructor,com.google.gson.Gson,com.google.gson.reflect.TypeToken<?>,com.google.gson.annotations.JsonAdapter)	value()	com.google.gson.annotations.JsonAdapter	SOURCE
com.google.gson.internal.bind.JsonAdapterAnnotationTypeAdapterFactory	getTypeAdapter(com.google.gson.internal.ConstructorConstructor,com.google.gson.Gson,com.google.gson.reflect.TypeToken<?>,com.google.gson.annotations.JsonAdapter)	<T>create(com.google.gson.Gson,com.google.gson.reflect.TypeToken<T>)	com.google.gson.TypeAdapterFactory	SOURCE
com.google.gson.internal.bind.JsonAdapterAnnotationTypeAdapterFactory	getTypeAdapter(com.google.gson.internal.ConstructorConstructor,com.google.gson.Gson,com.google.gson.reflect.TypeToken<?>,com.google.gson.annotations.JsonAdapter)	TreeTypeAdapter(com.google.gson.JsonSerializer<T>,com.google.gson.JsonDeserializer<T>,com.google.gson.Gson,com.google.gson.reflect.TypeToken<T>,com.google.gson.TypeAdapterFactory)	com.google.gson.internal.bind.TreeTypeAdapter	SOURCE
com.google.gson.internal.bind.JsonAdapterAnnotationTypeAdapterFactory	getTypeAdapter(com.google.gson.internal.ConstructorConstructor,com.google.gson.Gson,com.google.gson.reflect.TypeToken<?>,com.google.gson.annotations.JsonAdapter)	IllegalArgumentException(java.lang.String)	java.lang.IllegalArgumentException	SOURCE
com.google.gson.internal.bind.JsonAdapterAnnotationTypeAdapterFactory	getTypeAdapter(com.google.gson.internal.ConstructorConstructor,com.google.gson.Gson,com.google.gson.reflect.TypeToken<?>,com.google.gson.annotations.JsonAdapter)	getName()	java.lang.Class	SOURCE
com.google.gson.internal.bind.JsonAdapterAnnotationTypeAdapterFactory	getTypeAdapter(com.google.gson.internal.ConstructorConstructor,com.google.gson.Gson,com.google.gson.reflect.TypeToken<?>,com.google.gson.annotations.JsonAdapter)	getClass()	java.lang.Object	SOURCE
com.google.gson.internal.bind.JsonAdapterAnnotationTypeAdapterFactory	getTypeAdapter(com.google.gson.internal.ConstructorConstructor,com.google.gson.Gson,com.google.gson.reflect.TypeToken<?>,com.google.gson.annotations.JsonAdapter)	toString()	com.google.gson.reflect.TypeToken	SOURCE
com.google.gson.internal.bind.JsonAdapterAnnotationTypeAdapterFactory	getTypeAdapter(com.google.gson.internal.ConstructorConstructor,com.google.gson.Gson,com.google.gson.reflect.TypeToken<?>,com.google.gson.annotations.JsonAdapter)	nullSafe()	com.google.gson.annotations.JsonAdapter	SOURCE
com.google.gson.internal.bind.JsonAdapterAnnotationTypeAdapterFactory	getTypeAdapter(com.google.gson.internal.ConstructorConstructor,com.google.gson.Gson,com.google.gson.reflect.TypeToken<?>,com.google.gson.annotations.JsonAdapter)	nullSafe()	com.google.gson.TypeAdapter	SOURCE
com.google.gson.JsonIOException	JsonIOException(java.lang.String)	JsonParseException(java.lang.String)	com.google.gson.JsonParseException	SOURCE
com.google.gson.JsonIOException	JsonIOException(java.lang.String,java.lang.Throwable)	JsonParseException(java.lang.String,java.lang.Throwable)	com.google.gson.JsonParseException	SOURCE
com.google.gson.JsonIOException	JsonIOException(java.lang.Throwable)	JsonParseException(java.lang.Throwable)	com.google.gson.JsonParseException	SOURCE
com.google.gson.JsonParseException	JsonParseException(java.lang.String)	RuntimeException(java.lang.String)	java.lang.RuntimeException	SOURCE
com.google.gson.JsonParseException	JsonParseException(java.lang.String,java.lang.Throwable)	RuntimeException(java.lang.String,java.lang.Throwable)	java.lang.RuntimeException	SOURCE
com.google.gson.JsonParseException	JsonParseException(java.lang.Throwable)	RuntimeException(java.lang.Throwable)	java.lang.RuntimeException	SOURCE
com.google.gson.JsonSyntaxException	JsonSyntaxException(java.lang.String)	JsonParseException(java.lang.String)	com.google.gson.JsonParseException	SOURCE
com.google.gson.JsonSyntaxException	JsonSyntaxException(java.lang.String,java.lang.Throwable)	JsonParseException(java.lang.String,java.lang.Throwable)	com.google.gson.JsonParseException	SOURCE
com.google.gson.JsonSyntaxException	JsonSyntaxException(java.lang.Throwable)	JsonParseException(java.lang.Throwable)	com.google.gson.JsonParseException	SOURCE
com.google.gson.internal.reflect.ReflectionAccessor	instance	getMajorJavaVersion()	com.google.gson.internal.JavaVersion	SOURCE
com.google.gson.internal.reflect.ReflectionAccessor	instance	PreJava9ReflectionAccessor()	com.google.gson.internal.reflect.PreJava9ReflectionAccessor	SOURCE
com.google.gson.internal.reflect.ReflectionAccessor	instance	UnsafeReflectionAccessor()	com.google.gson.internal.reflect.UnsafeReflectionAccessor	SOURCE
com.google.gson.DefaultDateTypeAdapter	dateFormats	ArrayList()	java.util.ArrayList	SOURCE
com.google.gson.DefaultDateTypeAdapter	DefaultDateTypeAdapter(java.lang.Class<? extends java.util.Date>)	TypeAdapter()	com.google.gson.TypeAdapter	SOURCE
com.google.gson.DefaultDateTypeAdapter	DefaultDateTypeAdapter(java.lang.Class<? extends java.util.Date>)	verifyDateType(java.lang.Class<? extends java.util.Date>)	com.google.gson.DefaultDateTypeAdapter	SOURCE
com.google.gson.DefaultDateTypeAdapter	DefaultDateTypeAdapter(java.lang.Class<? extends java.util.Date>)	add(E)	java.util.List	SOURCE
com.google.gson.DefaultDateTypeAdapter	DefaultDateTypeAdapter(java.lang.Class<? extends java.util.Date>)	getDateTimeInstance(int,int,java.util.Locale)	java.text.DateFormat	SOURCE
com.google.gson.DefaultDateTypeAdapter	DefaultDateTypeAdapter(java.lang.Class<? extends java.util.Date>)	equals(java.lang.Object)	java.util.Locale	SOURCE
com.google.gson.DefaultDateTypeAdapter	DefaultDateTypeAdapter(java.lang.Class<? extends java.util.Date>)	getDefault()	java.util.Locale	SOURCE
com.google.gson.DefaultDateTypeAdapter	DefaultDateTypeAdapter(java.lang.Class<? extends java.util.Date>)	add(E)	java.util.List	SOURCE
com.google.gson.DefaultDateTypeAdapter	DefaultDateTypeAdapter(java.lang.Class<? extends java.util.Date>)	getDateTimeInstance(int,int)	java.text.DateFormat	SOURCE
com.google.gson.DefaultDateTypeAdapter	DefaultDateTypeAdapter(java.lang.Class<? extends java.util.Date>)	isJava9OrLater()	com.google.gson.internal.JavaVersion	SOURCE
com.google.gson.DefaultDateTypeAdapter	DefaultDateTypeAdapter(java.lang.Class<? extends java.util.Date>)	add(E)	java.util.List	SOURCE
com.google.gson.DefaultDateTypeAdapter	DefaultDateTypeAdapter(java.lang.Class<? extends java.util.Date>)	getUSDateTimeFormat(int,int)	com.google.gson.internal.PreJava9DateFormatProvider	SOURCE
com.google.gson.DefaultDateTypeAdapter	DefaultDateTypeAdapter(java.lang.Class<? extends java.util.Date>,java.lang.String)	TypeAdapter()	com.google.gson.TypeAdapter	SOURCE
com.google.gson.DefaultDateTypeAdapter	DefaultDateTypeAdapter(java.lang.Class<? extends java.util.Date>,java.lang.String)	verifyDateType(java.lang.Class<? extends java.util.Date>)	com.google.gson.DefaultDateTypeAdapter	SOURCE
com.google.gson.DefaultDateTypeAdapter	DefaultDateTypeAdapter(java.lang.Class<? extends java.util.Date>,java.lang.String)	add(E)	java.util.List	SOURCE
com.google.gson.DefaultDateTypeAdapter	DefaultDateTypeAdapter(java.lang.Class<? extends java.util.Date>,java.lang.String)	SimpleDateFormat(java.lang.String,java.util.Locale)	java.text.SimpleDateFormat	SOURCE
com.google.gson.DefaultDateTypeAdapter	DefaultDateTypeAdapter(java.lang.Class<? extends java.util.Date>,java.lang.String)	equals(java.lang.Object)	java.util.Locale	SOURCE
com.google.gson.DefaultDateTypeAdapter	DefaultDateTypeAdapter(java.lang.Class<? extends java.util.Date>,java.lang.String)	getDefault()	java.util.Locale	SOURCE
com.google.gson.DefaultDateTypeAdapter	DefaultDateTypeAdapter(java.lang.Class<? extends java.util.Date>,java.lang.String)	add(E)	java.util.List	SOURCE
com.google.gson.DefaultDateTypeAdapter	DefaultDateTypeAdapter(java.lang.Class<? extends java.util.Date>,java.lang.String)	SimpleDateFormat(java.lang.String)	java.text.SimpleDateFormat	SOURCE
com.google.gson.DefaultDateTypeAdapter	DefaultDateTypeAdapter(java.lang.Class<? extends java.util.Date>,int)	TypeAdapter()	com.google.gson.TypeAdapter	SOURCE
com.google.gson.DefaultDateTypeAdapter	DefaultDateTypeAdapter(java.lang.Class<? extends java.util.Date>,int)	verifyDateType(java.lang.Class<? extends java.util.Date>)	com.google.gson.DefaultDateTypeAdapter	SOURCE
com.google.gson.DefaultDateTypeAdapter	DefaultDateTypeAdapter(java.lang.Class<? extends java.util.Date>,int)	add(E)	java.util.List	SOURCE
com.google.gson.DefaultDateTypeAdapter	DefaultDateTypeAdapter(java.lang.Class<? extends java.util.Date>,int)	getDateInstance(int,java.util.Locale)	java.text.DateFormat	SOURCE
com.google.gson.DefaultDateTypeAdapter	DefaultDateTypeAdapter(java.lang.Class<? extends java.util.Date>,int)	equals(java.lang.Object)	java.util.Locale	SOURCE
com.google.gson.DefaultDateTypeAdapter	DefaultDateTypeAdapter(java.lang.Class<? extends java.util.Date>,int)	getDefault()	java.util.Locale	SOURCE
com.google.gson.DefaultDateTypeAdapter	DefaultDateTypeAdapter(java.lang.Class<? extends java.util.Date>,int)	add(E)	java.util.List	SOURCE
com.google.gson.DefaultDateTypeAdapter	DefaultDateTypeAdapter(java.lang.Class<? extends java.util.Date>,int)	getDateInstance(int)	java.text.DateFormat	SOURCE
com.google.gson.DefaultDateTypeAdapter	DefaultDateTypeAdapter(java.lang.Class<? extends java.util.Date>,int)	isJava9OrLater()	com.google.gson.internal.JavaVersion	SOURCE
com.google.gson.DefaultDateTypeAdapter	DefaultDateTypeAdapter(java.lang.Class<? extends java.util.Date>,int)	add(E)	java.util.List	SOURCE
com.google.gson.DefaultDateTypeAdapter	DefaultDateTypeAdapter(java.lang.Class<? extends java.util.Date>,int)	getUSDateFormat(int)	com.google.gson.internal.PreJava9DateFormatProvider	SOURCE
com.google.gson.DefaultDateTypeAdapter	DefaultDateTypeAdapter(int,int)	DefaultDateTypeAdapter(java.lang.Class<? extends java.util.Date>,int,int)	com.google.gson.DefaultDateTypeAdapter	SOURCE
com.google.gson.DefaultDateTypeAdapter	DefaultDateTypeAdapter(java.lang.Class<? extends java.util.Date>,int,int)	TypeAdapter()	com.google.gson.TypeAdapter	SOURCE
com.google.gson.DefaultDateTypeAdapter	DefaultDateTypeAdapter(java.lang.Class<? extends java.util.Date>,int,int)	verifyDateType(java.lang.Class<? extends java.util.Date>)	com.google.gson.DefaultDateTypeAdapter	SOURCE
com.google.gson.DefaultDateTypeAdapter	DefaultDateTypeAdapter(java.lang.Class<? extends java.util.Date>,int,int)	add(E)	java.util.List	SOURCE
com.google.gson.DefaultDateTypeAdapter	DefaultDateTypeAdapter(java.lang.Class<? extends java.util.Date>,int,int)	getDateTimeInstance(int,int,java.util.Locale)	java.text.DateFormat	SOURCE
com.google.gson.DefaultDateTypeAdapter	DefaultDateTypeAdapter(java.lang.Class<? extends java.util.Date>,int,int)	equals(java.lang.Object)	java.util.Locale	SOURCE
com.google.gson.DefaultDateTypeAdapter	DefaultDateTypeAdapter(java.lang.Class<? extends java.util.Date>,int,int)	getDefault()	java.util.Locale	SOURCE
com.google.gson.DefaultDateTypeAdapter	DefaultDateTypeAdapter(java.lang.Class<? extends java.util.Date>,int,int)	add(E)	java.util.List	SOURCE
com.google.gson.DefaultDateTypeAdapter	DefaultDateTypeAdapter(java.lang.Class<? extends java.util.Date>,int,int)	getDateTimeInstance(int,int)	java.text.DateFormat	SOURCE
com.google.gson.DefaultDateTypeAdapter	DefaultDateTypeAdapter(java.lang.Class<? extends java.util.Date>,int,int)	isJava9OrLater()	com.google.gson.internal.JavaVersion	SOURCE
com.google.gson.DefaultDateTypeAdapter	DefaultDateTypeAdapter(java.lang.Class<? extends java.util.Date>,int,int)	add(E)	java.util.List	SOURCE
com.google.gson.DefaultDateTypeAdapter	DefaultDateTypeAdapter(java.lang.Class<? extends java.util.Date>,int,int)	getUSDateTimeFormat(int,int)	com.google.gson.internal.PreJava9DateFormatProvider	SOURCE
com.google.gson.DefaultDateTypeAdapter	verifyDateType(java.lang.Class<? extends java.util.Date>)	IllegalArgumentException(java.lang.String)	java.lang.IllegalArgumentException	SOURCE
com.google.gson.DefaultDateTypeAdapter	write(com.google.gson.stream.JsonWriter,java.util.Date)	nullValue()	com.google.gson.stream.JsonWriter	SOURCE
com.google.gson.DefaultDateTypeAdapter	write(com.google.gson.stream.JsonWriter,java.util.Date)	format(java.util.Date)	java.text.DateFormat	SOURCE
com.google.gson.DefaultDateTypeAdapter	write(com.google.gson.stream.JsonWriter,java.util.Date)	get(int)	java.util.List	SOURCE
com.google.gson.DefaultDateTypeAdapter	write(com.google.gson.stream.JsonWriter,java.util.Date)	value(java.lang.String)	com.google.gson.stream.JsonWriter	SOURCE
com.google.gson.DefaultDateTypeAdapter	read(com.google.gson.stream.JsonReader)	peek()	com.google.gson.stream.JsonReader	SOURCE
com.google.gson.DefaultDateTypeAdapter	read(com.google.gson.stream.JsonReader)	nextNull()	com.google.gson.stream.JsonReader	SOURCE
com.google.gson.DefaultDateTypeAdapter	read(com.google.gson.stream.JsonReader)	deserializeToDate(java.lang.String)	com.google.gson.DefaultDateTypeAdapter	SOURCE
com.google.gson.DefaultDateTypeAdapter	read(com.google.gson.stream.JsonReader)	nextString()	com.google.gson.stream.JsonReader	SOURCE
com.google.gson.DefaultDateTypeAdapter	read(com.google.gson.stream.JsonReader)	Timestamp(long)	java.sql.Timestamp	SOURCE
com.google.gson.DefaultDateTypeAdapter	read(com.google.gson.stream.JsonReader)	getTime()	java.util.Date	SOURCE
com.google.gson.DefaultDateTypeAdapter	read(com.google.gson.stream.JsonReader)	Date(long)	java.sql.Date	SOURCE
com.google.gson.DefaultDateTypeAdapter	read(com.google.gson.stream.JsonReader)	getTime()	java.util.Date	SOURCE
com.google.gson.DefaultDateTypeAdapter	read(com.google.gson.stream.JsonReader)	AssertionError()	java.lang.AssertionError	SOURCE
com.google.gson.DefaultDateTypeAdapter	deserializeToDate(java.lang.String)	parse(java.lang.String)	java.text.DateFormat	SOURCE
com.google.gson.DefaultDateTypeAdapter	deserializeToDate(java.lang.String)	parse(java.lang.String,java.text.ParsePosition)	com.google.gson.internal.bind.util.ISO8601Utils	SOURCE
com.google.gson.DefaultDateTypeAdapter	deserializeToDate(java.lang.String)	ParsePosition(int)	java.text.ParsePosition	SOURCE
com.google.gson.DefaultDateTypeAdapter	deserializeToDate(java.lang.String)	JsonSyntaxException(java.lang.String,java.lang.Throwable)	com.google.gson.JsonSyntaxException	SOURCE
com.google.gson.DefaultDateTypeAdapter	toString()	get(int)	java.util.List	SOURCE
com.google.gson.DefaultDateTypeAdapter	toString()	toPattern()	java.text.SimpleDateFormat	SOURCE
com.google.gson.DefaultDateTypeAdapter	toString()	getSimpleName()	java.lang.Class	SOURCE
com.google.gson.DefaultDateTypeAdapter	toString()	getClass()	java.lang.Object	SOURCE
com.google.gson.JsonStreamParser	JsonStreamParser(java.lang.String)	JsonStreamParser(java.io.Reader)	com.google.gson.JsonStreamParser	SOURCE
com.google.gson.JsonStreamParser	JsonStreamParser(java.lang.String)	StringReader(java.lang.String)	java.io.StringReader	SOURCE
com.google.gson.JsonStreamParser	JsonStreamParser(java.io.Reader)	Object()	java.lang.Object	SOURCE
com.google.gson.JsonStreamParser	JsonStreamParser(java.io.Reader)	JsonReader(java.io.Reader)	com.google.gson.stream.JsonReader	SOURCE
com.google.gson.JsonStreamParser	JsonStreamParser(java.io.Reader)	setLenient(boolean)	com.google.gson.stream.JsonReader	SOURCE
com.google.gson.JsonStreamParser	JsonStreamParser(java.io.Reader)	Object()	java.lang.Object	SOURCE
com.google.gson.JsonStreamParser	next()	hasNext()	com.google.gson.JsonStreamParser	SOURCE
com.google.gson.JsonStreamParser	next()	NoSuchElementException()	java.util.NoSuchElementException	SOURCE
com.google.gson.JsonStreamParser	next()	parse(com.google.gson.stream.JsonReader)	com.google.gson.internal.Streams	SOURCE
com.google.gson.JsonStreamParser	next()	JsonParseException(java.lang.String,java.lang.Throwable)	com.google.gson.JsonParseException	SOURCE
com.google.gson.JsonStreamParser	next()	JsonParseException(java.lang.String,java.lang.Throwable)	com.google.gson.JsonParseException	SOURCE
com.google.gson.JsonStreamParser	next()	getCause()	java.lang.Throwable	SOURCE
com.google.gson.JsonStreamParser	next()	NoSuchElementException()	java.util.NoSuchElementException	SOURCE
com.google.gson.JsonStreamParser	hasNext()	peek()	com.google.gson.stream.JsonReader	SOURCE
com.google.gson.JsonStreamParser	hasNext()	JsonSyntaxException(java.lang.Throwable)	com.google.gson.JsonSyntaxException	SOURCE
com.google.gson.JsonStreamParser	hasNext()	JsonIOException(java.lang.Throwable)	com.google.gson.JsonIOException	SOURCE
com.google.gson.JsonStreamParser	remove()	UnsupportedOperationException()	java.lang.UnsupportedOperationException	SOURCE
>>>>>>> base
com.google.gson.internal.LinkedHashTreeMap	NATURAL_ORDER	()	com.google.gson.internal.LinkedHashTreeMap$1	SOURCE
com.google.gson.internal.LinkedHashTreeMap$1	compare(java.lang.Comparable,java.lang.Comparable)	compareTo(T)	java.lang.Comparable	SOURCE
com.google.gson.internal.LinkedHashTreeMap	LinkedHashTreeMap()	LinkedHashTreeMap(java.util.Comparator<? super K>)	com.google.gson.internal.LinkedHashTreeMap	SOURCE
com.google.gson.internal.LinkedHashTreeMap	LinkedHashTreeMap(java.util.Comparator<? super K>)	AbstractMap()	java.util.AbstractMap	SOURCE
com.google.gson.internal.LinkedHashTreeMap	LinkedHashTreeMap(java.util.Comparator<? super K>)	Node()	com.google.gson.internal.LinkedHashTreeMap$Node	SOURCE
com.google.gson.internal.LinkedHashTreeMap	get(java.lang.Object)	findByObject(java.lang.Object)	com.google.gson.internal.LinkedHashTreeMap	SOURCE
com.google.gson.internal.LinkedHashTreeMap	containsKey(java.lang.Object)	findByObject(java.lang.Object)	com.google.gson.internal.LinkedHashTreeMap	SOURCE
com.google.gson.internal.LinkedHashTreeMap	put(K,V)	NullPointerException(java.lang.String)	java.lang.NullPointerException	SOURCE
com.google.gson.internal.LinkedHashTreeMap	put(K,V)	find(K,boolean)	com.google.gson.internal.LinkedHashTreeMap	SOURCE
com.google.gson.internal.LinkedHashTreeMap	clear()	fill(java.lang.Object[],java.lang.Object)	java.util.Arrays	SOURCE
com.google.gson.internal.LinkedHashTreeMap	remove(java.lang.Object)	removeInternalByKey(java.lang.Object)	com.google.gson.internal.LinkedHashTreeMap	SOURCE
com.google.gson.internal.LinkedHashTreeMap	find(K,boolean)	secondaryHash(int)	com.google.gson.internal.LinkedHashTreeMap	SOURCE
com.google.gson.internal.LinkedHashTreeMap	find(K,boolean)	hashCode()	java.lang.Object	SOURCE
com.google.gson.internal.LinkedHashTreeMap	find(K,boolean)	compareTo(T)	java.lang.Comparable	SOURCE
com.google.gson.internal.LinkedHashTreeMap	find(K,boolean)	compare(T,T)	java.util.Comparator	SOURCE
com.google.gson.internal.LinkedHashTreeMap	find(K,boolean)	ClassCastException(java.lang.String)	java.lang.ClassCastException	SOURCE
com.google.gson.internal.LinkedHashTreeMap	find(K,boolean)	getName()	java.lang.Class	SOURCE
com.google.gson.internal.LinkedHashTreeMap	find(K,boolean)	getClass()	java.lang.Object	SOURCE
com.google.gson.internal.LinkedHashTreeMap	find(K,boolean)	Node(com.google.gson.internal.LinkedHashTreeMap.Node<K,V>,K,int,com.google.gson.internal.LinkedHashTreeMap.Node<K,V>,com.google.gson.internal.LinkedHashTreeMap.Node<K,V>)	com.google.gson.internal.LinkedHashTreeMap$Node	SOURCE
com.google.gson.internal.LinkedHashTreeMap	find(K,boolean)	Node(com.google.gson.internal.LinkedHashTreeMap.Node<K,V>,K,int,com.google.gson.internal.LinkedHashTreeMap.Node<K,V>,com.google.gson.internal.LinkedHashTreeMap.Node<K,V>)	com.google.gson.internal.LinkedHashTreeMap$Node	SOURCE
com.google.gson.internal.LinkedHashTreeMap	find(K,boolean)	rebalance(com.google.gson.internal.LinkedHashTreeMap.Node<K,V>,boolean)	com.google.gson.internal.LinkedHashTreeMap	SOURCE
com.google.gson.internal.LinkedHashTreeMap	find(K,boolean)	doubleCapacity()	com.google.gson.internal.LinkedHashTreeMap	SOURCE
com.google.gson.internal.LinkedHashTreeMap	findByObject(java.lang.Object)	find(K,boolean)	com.google.gson.internal.LinkedHashTreeMap	SOURCE
com.google.gson.internal.LinkedHashTreeMap	findByEntry(java.util.Map.Entry<?,?>)	findByObject(java.lang.Object)	com.google.gson.internal.LinkedHashTreeMap	SOURCE
com.google.gson.internal.LinkedHashTreeMap	findByEntry(java.util.Map.Entry<?,?>)	getKey()	java.util.Map$Entry	SOURCE
com.google.gson.internal.LinkedHashTreeMap	findByEntry(java.util.Map.Entry<?,?>)	equal(java.lang.Object,java.lang.Object)	com.google.gson.internal.LinkedHashTreeMap	SOURCE
com.google.gson.internal.LinkedHashTreeMap	findByEntry(java.util.Map.Entry<?,?>)	getValue()	java.util.Map$Entry	SOURCE
com.google.gson.internal.LinkedHashTreeMap	equal(java.lang.Object,java.lang.Object)	equals(java.lang.Object)	java.lang.Object	SOURCE
com.google.gson.internal.LinkedHashTreeMap	removeInternal(com.google.gson.internal.LinkedHashTreeMap.Node<K,V>,boolean)	last()	com.google.gson.internal.LinkedHashTreeMap$Node	SOURCE
com.google.gson.internal.LinkedHashTreeMap	removeInternal(com.google.gson.internal.LinkedHashTreeMap.Node<K,V>,boolean)	first()	com.google.gson.internal.LinkedHashTreeMap$Node	SOURCE
com.google.gson.internal.LinkedHashTreeMap	removeInternal(com.google.gson.internal.LinkedHashTreeMap.Node<K,V>,boolean)	removeInternal(com.google.gson.internal.LinkedHashTreeMap.Node<K,V>,boolean)	com.google.gson.internal.LinkedHashTreeMap	SOURCE
com.google.gson.internal.LinkedHashTreeMap	removeInternal(com.google.gson.internal.LinkedHashTreeMap.Node<K,V>,boolean)	max(int,int)	java.lang.Math	SOURCE
com.google.gson.internal.LinkedHashTreeMap	removeInternal(com.google.gson.internal.LinkedHashTreeMap.Node<K,V>,boolean)	replaceInParent(com.google.gson.internal.LinkedHashTreeMap.Node<K,V>,com.google.gson.internal.LinkedHashTreeMap.Node<K,V>)	com.google.gson.internal.LinkedHashTreeMap	SOURCE
com.google.gson.internal.LinkedHashTreeMap	removeInternal(com.google.gson.internal.LinkedHashTreeMap.Node<K,V>,boolean)	replaceInParent(com.google.gson.internal.LinkedHashTreeMap.Node<K,V>,com.google.gson.internal.LinkedHashTreeMap.Node<K,V>)	com.google.gson.internal.LinkedHashTreeMap	SOURCE
com.google.gson.internal.LinkedHashTreeMap	removeInternal(com.google.gson.internal.LinkedHashTreeMap.Node<K,V>,boolean)	replaceInParent(com.google.gson.internal.LinkedHashTreeMap.Node<K,V>,com.google.gson.internal.LinkedHashTreeMap.Node<K,V>)	com.google.gson.internal.LinkedHashTreeMap	SOURCE
com.google.gson.internal.LinkedHashTreeMap	removeInternal(com.google.gson.internal.LinkedHashTreeMap.Node<K,V>,boolean)	replaceInParent(com.google.gson.internal.LinkedHashTreeMap.Node<K,V>,com.google.gson.internal.LinkedHashTreeMap.Node<K,V>)	com.google.gson.internal.LinkedHashTreeMap	SOURCE
com.google.gson.internal.LinkedHashTreeMap	removeInternal(com.google.gson.internal.LinkedHashTreeMap.Node<K,V>,boolean)	rebalance(com.google.gson.internal.LinkedHashTreeMap.Node<K,V>,boolean)	com.google.gson.internal.LinkedHashTreeMap	SOURCE
com.google.gson.internal.LinkedHashTreeMap	removeInternalByKey(java.lang.Object)	findByObject(java.lang.Object)	com.google.gson.internal.LinkedHashTreeMap	SOURCE
com.google.gson.internal.LinkedHashTreeMap	removeInternalByKey(java.lang.Object)	removeInternal(com.google.gson.internal.LinkedHashTreeMap.Node<K,V>,boolean)	com.google.gson.internal.LinkedHashTreeMap	SOURCE
com.google.gson.internal.LinkedHashTreeMap	rebalance(com.google.gson.internal.LinkedHashTreeMap.Node<K,V>,boolean)	rotateLeft(com.google.gson.internal.LinkedHashTreeMap.Node<K,V>)	com.google.gson.internal.LinkedHashTreeMap	SOURCE
com.google.gson.internal.LinkedHashTreeMap	rebalance(com.google.gson.internal.LinkedHashTreeMap.Node<K,V>,boolean)	rotateRight(com.google.gson.internal.LinkedHashTreeMap.Node<K,V>)	com.google.gson.internal.LinkedHashTreeMap	SOURCE
com.google.gson.internal.LinkedHashTreeMap	rebalance(com.google.gson.internal.LinkedHashTreeMap.Node<K,V>,boolean)	rotateLeft(com.google.gson.internal.LinkedHashTreeMap.Node<K,V>)	com.google.gson.internal.LinkedHashTreeMap	SOURCE
com.google.gson.internal.LinkedHashTreeMap	rebalance(com.google.gson.internal.LinkedHashTreeMap.Node<K,V>,boolean)	rotateRight(com.google.gson.internal.LinkedHashTreeMap.Node<K,V>)	com.google.gson.internal.LinkedHashTreeMap	SOURCE
com.google.gson.internal.LinkedHashTreeMap	rebalance(com.google.gson.internal.LinkedHashTreeMap.Node<K,V>,boolean)	rotateLeft(com.google.gson.internal.LinkedHashTreeMap.Node<K,V>)	com.google.gson.internal.LinkedHashTreeMap	SOURCE
com.google.gson.internal.LinkedHashTreeMap	rebalance(com.google.gson.internal.LinkedHashTreeMap.Node<K,V>,boolean)	rotateRight(com.google.gson.internal.LinkedHashTreeMap.Node<K,V>)	com.google.gson.internal.LinkedHashTreeMap	SOURCE
com.google.gson.internal.LinkedHashTreeMap	rebalance(com.google.gson.internal.LinkedHashTreeMap.Node<K,V>,boolean)	max(int,int)	java.lang.Math	SOURCE
com.google.gson.internal.LinkedHashTreeMap	rotateLeft(com.google.gson.internal.LinkedHashTreeMap.Node<K,V>)	replaceInParent(com.google.gson.internal.LinkedHashTreeMap.Node<K,V>,com.google.gson.internal.LinkedHashTreeMap.Node<K,V>)	com.google.gson.internal.LinkedHashTreeMap	SOURCE
com.google.gson.internal.LinkedHashTreeMap	rotateLeft(com.google.gson.internal.LinkedHashTreeMap.Node<K,V>)	max(int,int)	java.lang.Math	SOURCE
com.google.gson.internal.LinkedHashTreeMap	rotateLeft(com.google.gson.internal.LinkedHashTreeMap.Node<K,V>)	max(int,int)	java.lang.Math	SOURCE
com.google.gson.internal.LinkedHashTreeMap	rotateRight(com.google.gson.internal.LinkedHashTreeMap.Node<K,V>)	replaceInParent(com.google.gson.internal.LinkedHashTreeMap.Node<K,V>,com.google.gson.internal.LinkedHashTreeMap.Node<K,V>)	com.google.gson.internal.LinkedHashTreeMap	SOURCE
com.google.gson.internal.LinkedHashTreeMap	rotateRight(com.google.gson.internal.LinkedHashTreeMap.Node<K,V>)	max(int,int)	java.lang.Math	SOURCE
com.google.gson.internal.LinkedHashTreeMap	rotateRight(com.google.gson.internal.LinkedHashTreeMap.Node<K,V>)	max(int,int)	java.lang.Math	SOURCE
com.google.gson.internal.LinkedHashTreeMap	entrySet()	EntrySet()	com.google.gson.internal.LinkedHashTreeMap$EntrySet	SOURCE
com.google.gson.internal.LinkedHashTreeMap	keySet()	KeySet()	com.google.gson.internal.LinkedHashTreeMap$KeySet	SOURCE
com.google.gson.internal.LinkedHashTreeMap$Node	Node()	Object()	java.lang.Object	SOURCE
com.google.gson.internal.LinkedHashTreeMap$Node	Node(com.google.gson.internal.LinkedHashTreeMap.Node<K,V>,K,int,com.google.gson.internal.LinkedHashTreeMap.Node<K,V>,com.google.gson.internal.LinkedHashTreeMap.Node<K,V>)	Object()	java.lang.Object	SOURCE
com.google.gson.internal.LinkedHashTreeMap$Node	equals(java.lang.Object)	getKey()	java.util.Map$Entry	SOURCE
com.google.gson.internal.LinkedHashTreeMap$Node	equals(java.lang.Object)	equals(java.lang.Object)	java.lang.Object	SOURCE
com.google.gson.internal.LinkedHashTreeMap$Node	equals(java.lang.Object)	getKey()	java.util.Map$Entry	SOURCE
com.google.gson.internal.LinkedHashTreeMap$Node	equals(java.lang.Object)	getValue()	java.util.Map$Entry	SOURCE
com.google.gson.internal.LinkedHashTreeMap$Node	equals(java.lang.Object)	equals(java.lang.Object)	java.lang.Object	SOURCE
com.google.gson.internal.LinkedHashTreeMap$Node	equals(java.lang.Object)	getValue()	java.util.Map$Entry	SOURCE
com.google.gson.internal.LinkedHashTreeMap$Node	hashCode()	hashCode()	java.lang.Object	SOURCE
com.google.gson.internal.LinkedHashTreeMap$Node	hashCode()	hashCode()	java.lang.Object	SOURCE
com.google.gson.internal.LinkedHashTreeMap	doubleCapacity()	<K,V>doubleCapacity(com.google.gson.internal.LinkedHashTreeMap.Node<K,V>[])	com.google.gson.internal.LinkedHashTreeMap	SOURCE
com.google.gson.internal.LinkedHashTreeMap	<K,V>doubleCapacity(com.google.gson.internal.LinkedHashTreeMap.Node<K,V>[])	AvlIterator()	com.google.gson.internal.LinkedHashTreeMap$AvlIterator	SOURCE
com.google.gson.internal.LinkedHashTreeMap	<K,V>doubleCapacity(com.google.gson.internal.LinkedHashTreeMap.Node<K,V>[])	AvlBuilder()	com.google.gson.internal.LinkedHashTreeMap$AvlBuilder	SOURCE
com.google.gson.internal.LinkedHashTreeMap	<K,V>doubleCapacity(com.google.gson.internal.LinkedHashTreeMap.Node<K,V>[])	AvlBuilder()	com.google.gson.internal.LinkedHashTreeMap$AvlBuilder	SOURCE
com.google.gson.internal.LinkedHashTreeMap	<K,V>doubleCapacity(com.google.gson.internal.LinkedHashTreeMap.Node<K,V>[])	reset(com.google.gson.internal.LinkedHashTreeMap.Node<K,V>)	com.google.gson.internal.LinkedHashTreeMap$AvlIterator	SOURCE
com.google.gson.internal.LinkedHashTreeMap	<K,V>doubleCapacity(com.google.gson.internal.LinkedHashTreeMap.Node<K,V>[])	next()	com.google.gson.internal.LinkedHashTreeMap$AvlIterator	SOURCE
com.google.gson.internal.LinkedHashTreeMap	<K,V>doubleCapacity(com.google.gson.internal.LinkedHashTreeMap.Node<K,V>[])	reset(int)	com.google.gson.internal.LinkedHashTreeMap$AvlBuilder	SOURCE
com.google.gson.internal.LinkedHashTreeMap	<K,V>doubleCapacity(com.google.gson.internal.LinkedHashTreeMap.Node<K,V>[])	reset(int)	com.google.gson.internal.LinkedHashTreeMap$AvlBuilder	SOURCE
com.google.gson.internal.LinkedHashTreeMap	<K,V>doubleCapacity(com.google.gson.internal.LinkedHashTreeMap.Node<K,V>[])	reset(com.google.gson.internal.LinkedHashTreeMap.Node<K,V>)	com.google.gson.internal.LinkedHashTreeMap$AvlIterator	SOURCE
com.google.gson.internal.LinkedHashTreeMap	<K,V>doubleCapacity(com.google.gson.internal.LinkedHashTreeMap.Node<K,V>[])	next()	com.google.gson.internal.LinkedHashTreeMap$AvlIterator	SOURCE
com.google.gson.internal.LinkedHashTreeMap	<K,V>doubleCapacity(com.google.gson.internal.LinkedHashTreeMap.Node<K,V>[])	add(com.google.gson.internal.LinkedHashTreeMap.Node<K,V>)	com.google.gson.internal.LinkedHashTreeMap$AvlBuilder	SOURCE
com.google.gson.internal.LinkedHashTreeMap	<K,V>doubleCapacity(com.google.gson.internal.LinkedHashTreeMap.Node<K,V>[])	add(com.google.gson.internal.LinkedHashTreeMap.Node<K,V>)	com.google.gson.internal.LinkedHashTreeMap$AvlBuilder	SOURCE
com.google.gson.internal.LinkedHashTreeMap	<K,V>doubleCapacity(com.google.gson.internal.LinkedHashTreeMap.Node<K,V>[])	root()	com.google.gson.internal.LinkedHashTreeMap$AvlBuilder	SOURCE
com.google.gson.internal.LinkedHashTreeMap	<K,V>doubleCapacity(com.google.gson.internal.LinkedHashTreeMap.Node<K,V>[])	root()	com.google.gson.internal.LinkedHashTreeMap$AvlBuilder	SOURCE
com.google.gson.internal.LinkedHashTreeMap$AvlBuilder	reset(int)	highestOneBit(int)	java.lang.Integer	SOURCE
com.google.gson.internal.LinkedHashTreeMap$AvlBuilder	root()	IllegalStateException()	java.lang.IllegalStateException	SOURCE
com.google.gson.internal.LinkedHashTreeMap$LinkedTreeMapIterator	LinkedTreeMapIterator()	Object()	java.lang.Object	SOURCE
com.google.gson.internal.LinkedHashTreeMap$LinkedTreeMapIterator	nextNode()	NoSuchElementException()	java.util.NoSuchElementException	SOURCE
com.google.gson.internal.LinkedHashTreeMap$LinkedTreeMapIterator	nextNode()	ConcurrentModificationException()	java.util.ConcurrentModificationException	SOURCE
com.google.gson.internal.LinkedHashTreeMap$LinkedTreeMapIterator	remove()	IllegalStateException()	java.lang.IllegalStateException	SOURCE
com.google.gson.internal.LinkedHashTreeMap$LinkedTreeMapIterator	remove()	removeInternal(com.google.gson.internal.LinkedHashTreeMap.Node<K,V>,boolean)	com.google.gson.internal.LinkedHashTreeMap	SOURCE
com.google.gson.internal.LinkedHashTreeMap$EntrySet	iterator()	()	com.google.gson.internal.LinkedHashTreeMap$EntrySet$1	SOURCE
com.google.gson.internal.LinkedHashTreeMap$EntrySet$1	next()	nextNode()	com.google.gson.internal.LinkedHashTreeMap$LinkedTreeMapIterator	SOURCE
com.google.gson.internal.LinkedHashTreeMap$EntrySet	contains(java.lang.Object)	findByEntry(java.util.Map.Entry<?,?>)	com.google.gson.internal.LinkedHashTreeMap	SOURCE
com.google.gson.internal.LinkedHashTreeMap$EntrySet	remove(java.lang.Object)	findByEntry(java.util.Map.Entry<?,?>)	com.google.gson.internal.LinkedHashTreeMap	SOURCE
com.google.gson.internal.LinkedHashTreeMap$EntrySet	remove(java.lang.Object)	removeInternal(com.google.gson.internal.LinkedHashTreeMap.Node<K,V>,boolean)	com.google.gson.internal.LinkedHashTreeMap	SOURCE
com.google.gson.internal.LinkedHashTreeMap$EntrySet	clear()	clear()	com.google.gson.internal.LinkedHashTreeMap	SOURCE
com.google.gson.internal.LinkedHashTreeMap$KeySet	iterator()	()	com.google.gson.internal.LinkedHashTreeMap$KeySet$1	SOURCE
com.google.gson.internal.LinkedHashTreeMap$KeySet$1	next()	nextNode()	com.google.gson.internal.LinkedHashTreeMap$LinkedTreeMapIterator	SOURCE
com.google.gson.internal.LinkedHashTreeMap$KeySet	contains(java.lang.Object)	containsKey(java.lang.Object)	com.google.gson.internal.LinkedHashTreeMap	SOURCE
com.google.gson.internal.LinkedHashTreeMap$KeySet	remove(java.lang.Object)	removeInternalByKey(java.lang.Object)	com.google.gson.internal.LinkedHashTreeMap	SOURCE
com.google.gson.internal.LinkedHashTreeMap$KeySet	clear()	clear()	com.google.gson.internal.LinkedHashTreeMap	SOURCE
com.google.gson.internal.LinkedHashTreeMap	writeReplace()	LinkedHashMap(java.util.Map<? extends K,? extends V>)	java.util.LinkedHashMap	SOURCE
<<<<<<< HEAD
com.google.gson.internal.$Gson$Preconditions	$Gson$Preconditions()	Object()	java.lang.Object	SOURCE
com.google.gson.internal.$Gson$Preconditions	$Gson$Preconditions()	UnsupportedOperationException()	java.lang.UnsupportedOperationException	SOURCE
com.google.gson.internal.$Gson$Preconditions	<T>checkNotNull(T)	NullPointerException()	java.lang.NullPointerException	SOURCE
com.google.gson.internal.$Gson$Preconditions	checkArgument(boolean)	IllegalArgumentException()	java.lang.IllegalArgumentException	SOURCE
com.google.gson.internal.Excluder	DEFAULT	Excluder()	com.google.gson.internal.Excluder	SOURCE
com.google.gson.internal.Excluder	serializationStrategies	<T>emptyList()	java.util.Collections	SOURCE
com.google.gson.internal.Excluder	deserializationStrategies	<T>emptyList()	java.util.Collections	SOURCE
com.google.gson.internal.Excluder	clone()	clone()	java.lang.Object	SOURCE
com.google.gson.internal.Excluder	clone()	AssertionError(java.lang.Object)	java.lang.AssertionError	SOURCE
com.google.gson.internal.Excluder	withVersion(double)	clone()	com.google.gson.internal.Excluder	SOURCE
com.google.gson.internal.Excluder	withModifiers(int...)	clone()	com.google.gson.internal.Excluder	SOURCE
com.google.gson.internal.Excluder	disableInnerClassSerialization()	clone()	com.google.gson.internal.Excluder	SOURCE
com.google.gson.internal.Excluder	excludeFieldsWithoutExposeAnnotation()	clone()	com.google.gson.internal.Excluder	SOURCE
com.google.gson.internal.Excluder	withExclusionStrategy(com.google.gson.ExclusionStrategy,boolean,boolean)	clone()	com.google.gson.internal.Excluder	SOURCE
com.google.gson.internal.Excluder	withExclusionStrategy(com.google.gson.ExclusionStrategy,boolean,boolean)	ArrayList(java.util.Collection<? extends E>)	java.util.ArrayList	SOURCE
com.google.gson.internal.Excluder	withExclusionStrategy(com.google.gson.ExclusionStrategy,boolean,boolean)	add(E)	java.util.List	SOURCE
com.google.gson.internal.Excluder	withExclusionStrategy(com.google.gson.ExclusionStrategy,boolean,boolean)	ArrayList(java.util.Collection<? extends E>)	java.util.ArrayList	SOURCE
com.google.gson.internal.Excluder	withExclusionStrategy(com.google.gson.ExclusionStrategy,boolean,boolean)	add(E)	java.util.List	SOURCE
com.google.gson.internal.Excluder	<T>create(com.google.gson.Gson,com.google.gson.reflect.TypeToken<T>)	getRawType()	com.google.gson.reflect.TypeToken	SOURCE
com.google.gson.internal.Excluder	<T>create(com.google.gson.Gson,com.google.gson.reflect.TypeToken<T>)	excludeClassChecks(java.lang.Class<?>)	com.google.gson.internal.Excluder	SOURCE
com.google.gson.internal.Excluder	<T>create(com.google.gson.Gson,com.google.gson.reflect.TypeToken<T>)	excludeClassInStrategy(java.lang.Class<?>,boolean)	com.google.gson.internal.Excluder	SOURCE
com.google.gson.internal.Excluder	<T>create(com.google.gson.Gson,com.google.gson.reflect.TypeToken<T>)	excludeClassInStrategy(java.lang.Class<?>,boolean)	com.google.gson.internal.Excluder	SOURCE
com.google.gson.internal.Excluder	<T>create(com.google.gson.Gson,com.google.gson.reflect.TypeToken<T>)	()	com.google.gson.internal.Excluder$1	SOURCE
com.google.gson.internal.Excluder$1	read(com.google.gson.stream.JsonReader)	skipValue()	com.google.gson.stream.JsonReader	SOURCE
com.google.gson.internal.Excluder$1	read(com.google.gson.stream.JsonReader)	read(com.google.gson.stream.JsonReader)	com.google.gson.TypeAdapter	SOURCE
com.google.gson.internal.Excluder$1	read(com.google.gson.stream.JsonReader)	delegate()	com.google.gson.internal.Excluder$1	SOURCE
com.google.gson.internal.Excluder$1	write(com.google.gson.stream.JsonWriter,T)	nullValue()	com.google.gson.stream.JsonWriter	SOURCE
com.google.gson.internal.Excluder$1	write(com.google.gson.stream.JsonWriter,T)	write(com.google.gson.stream.JsonWriter,T)	com.google.gson.TypeAdapter	SOURCE
com.google.gson.internal.Excluder$1	write(com.google.gson.stream.JsonWriter,T)	delegate()	com.google.gson.internal.Excluder$1	SOURCE
com.google.gson.internal.Excluder$1	delegate()	<T>getDelegateAdapter(com.google.gson.TypeAdapterFactory,com.google.gson.reflect.TypeToken<T>)	com.google.gson.Gson	SOURCE
com.google.gson.internal.Excluder	excludeField(java.lang.reflect.Field,boolean)	getModifiers()	java.lang.reflect.Field	SOURCE
com.google.gson.internal.Excluder	excludeField(java.lang.reflect.Field,boolean)	isValidVersion(com.google.gson.annotations.Since,com.google.gson.annotations.Until)	com.google.gson.internal.Excluder	SOURCE
com.google.gson.internal.Excluder	excludeField(java.lang.reflect.Field,boolean)	<T>getAnnotation(java.lang.Class<T>)	java.lang.reflect.Field	SOURCE
com.google.gson.internal.Excluder	excludeField(java.lang.reflect.Field,boolean)	<T>getAnnotation(java.lang.Class<T>)	java.lang.reflect.Field	SOURCE
com.google.gson.internal.Excluder	excludeField(java.lang.reflect.Field,boolean)	isSynthetic()	java.lang.reflect.Field	SOURCE
com.google.gson.internal.Excluder	excludeField(java.lang.reflect.Field,boolean)	<T>getAnnotation(java.lang.Class<T>)	java.lang.reflect.Field	SOURCE
com.google.gson.internal.Excluder	excludeField(java.lang.reflect.Field,boolean)	serialize()	com.google.gson.annotations.Expose	SOURCE
com.google.gson.internal.Excluder	excludeField(java.lang.reflect.Field,boolean)	deserialize()	com.google.gson.annotations.Expose	SOURCE
com.google.gson.internal.Excluder	excludeField(java.lang.reflect.Field,boolean)	isInnerClass(java.lang.Class<?>)	com.google.gson.internal.Excluder	SOURCE
com.google.gson.internal.Excluder	excludeField(java.lang.reflect.Field,boolean)	getType()	java.lang.reflect.Field	SOURCE
com.google.gson.internal.Excluder	excludeField(java.lang.reflect.Field,boolean)	isAnonymousOrLocal(java.lang.Class<?>)	com.google.gson.internal.Excluder	SOURCE
com.google.gson.internal.Excluder	excludeField(java.lang.reflect.Field,boolean)	getType()	java.lang.reflect.Field	SOURCE
com.google.gson.internal.Excluder	excludeField(java.lang.reflect.Field,boolean)	isEmpty()	java.util.List	SOURCE
com.google.gson.internal.Excluder	excludeField(java.lang.reflect.Field,boolean)	FieldAttributes(java.lang.reflect.Field)	com.google.gson.FieldAttributes	SOURCE
com.google.gson.internal.Excluder	excludeField(java.lang.reflect.Field,boolean)	shouldSkipField(com.google.gson.FieldAttributes)	com.google.gson.ExclusionStrategy	SOURCE
com.google.gson.internal.Excluder	excludeClassChecks(java.lang.Class<?>)	isValidVersion(com.google.gson.annotations.Since,com.google.gson.annotations.Until)	com.google.gson.internal.Excluder	SOURCE
com.google.gson.internal.Excluder	excludeClassChecks(java.lang.Class<?>)	<A>getAnnotation(java.lang.Class<A>)	java.lang.Class	SOURCE
com.google.gson.internal.Excluder	excludeClassChecks(java.lang.Class<?>)	<A>getAnnotation(java.lang.Class<A>)	java.lang.Class	SOURCE
com.google.gson.internal.Excluder	excludeClassChecks(java.lang.Class<?>)	isInnerClass(java.lang.Class<?>)	com.google.gson.internal.Excluder	SOURCE
com.google.gson.internal.Excluder	excludeClassChecks(java.lang.Class<?>)	isAnonymousOrLocal(java.lang.Class<?>)	com.google.gson.internal.Excluder	SOURCE
com.google.gson.internal.Excluder	excludeClass(java.lang.Class<?>,boolean)	excludeClassChecks(java.lang.Class<?>)	com.google.gson.internal.Excluder	SOURCE
com.google.gson.internal.Excluder	excludeClass(java.lang.Class<?>,boolean)	excludeClassInStrategy(java.lang.Class<?>,boolean)	com.google.gson.internal.Excluder	SOURCE
com.google.gson.internal.Excluder	excludeClassInStrategy(java.lang.Class<?>,boolean)	shouldSkipClass(java.lang.Class<?>)	com.google.gson.ExclusionStrategy	SOURCE
com.google.gson.internal.Excluder	isAnonymousOrLocal(java.lang.Class<?>)	isAssignableFrom(java.lang.Class<?>)	java.lang.Class	SOURCE
com.google.gson.internal.Excluder	isAnonymousOrLocal(java.lang.Class<?>)	isAnonymousClass()	java.lang.Class	SOURCE
com.google.gson.internal.Excluder	isAnonymousOrLocal(java.lang.Class<?>)	isLocalClass()	java.lang.Class	SOURCE
com.google.gson.internal.Excluder	isInnerClass(java.lang.Class<?>)	isMemberClass()	java.lang.Class	SOURCE
com.google.gson.internal.Excluder	isInnerClass(java.lang.Class<?>)	isStatic(java.lang.Class<?>)	com.google.gson.internal.Excluder	SOURCE
com.google.gson.internal.Excluder	isStatic(java.lang.Class<?>)	getModifiers()	java.lang.Class	SOURCE
com.google.gson.internal.Excluder	isValidVersion(com.google.gson.annotations.Since,com.google.gson.annotations.Until)	isValidSince(com.google.gson.annotations.Since)	com.google.gson.internal.Excluder	SOURCE
com.google.gson.internal.Excluder	isValidVersion(com.google.gson.annotations.Since,com.google.gson.annotations.Until)	isValidUntil(com.google.gson.annotations.Until)	com.google.gson.internal.Excluder	SOURCE
com.google.gson.internal.Excluder	isValidSince(com.google.gson.annotations.Since)	value()	com.google.gson.annotations.Since	SOURCE
com.google.gson.internal.Excluder	isValidUntil(com.google.gson.annotations.Until)	value()	com.google.gson.annotations.Until	SOURCE
com.google.gson.Gson	NULL_KEY_SURROGATE	<T>get(java.lang.Class<T>)	com.google.gson.reflect.TypeToken	SOURCE
com.google.gson.Gson	calls	ThreadLocal()	java.lang.ThreadLocal	SOURCE
com.google.gson.Gson	typeTokenCache	ConcurrentHashMap()	java.util.concurrent.ConcurrentHashMap	SOURCE
com.google.gson.Gson	Gson()	Gson(com.google.gson.internal.Excluder,com.google.gson.FieldNamingStrategy,java.util.Map<java.lang.reflect.Type,com.google.gson.InstanceCreator<?>>,boolean,boolean,boolean,boolean,boolean,boolean,boolean,com.google.gson.LongSerializationPolicy,java.lang.String,int,int,java.util.List<com.google.gson.TypeAdapterFactory>,java.util.List<com.google.gson.TypeAdapterFactory>,java.util.List<com.google.gson.TypeAdapterFactory>)	com.google.gson.Gson	SOURCE
com.google.gson.Gson	Gson()	<K,V>emptyMap()	java.util.Collections	SOURCE
com.google.gson.Gson	Gson()	<T>emptyList()	java.util.Collections	SOURCE
com.google.gson.Gson	Gson()	<T>emptyList()	java.util.Collections	SOURCE
com.google.gson.Gson	Gson()	<T>emptyList()	java.util.Collections	SOURCE
com.google.gson.Gson	Gson(com.google.gson.internal.Excluder,com.google.gson.FieldNamingStrategy,java.util.Map<java.lang.reflect.Type,com.google.gson.InstanceCreator<?>>,boolean,boolean,boolean,boolean,boolean,boolean,boolean,com.google.gson.LongSerializationPolicy,java.lang.String,int,int,java.util.List<com.google.gson.TypeAdapterFactory>,java.util.List<com.google.gson.TypeAdapterFactory>,java.util.List<com.google.gson.TypeAdapterFactory>)	Object()	java.lang.Object	SOURCE
com.google.gson.Gson	Gson(com.google.gson.internal.Excluder,com.google.gson.FieldNamingStrategy,java.util.Map<java.lang.reflect.Type,com.google.gson.InstanceCreator<?>>,boolean,boolean,boolean,boolean,boolean,boolean,boolean,com.google.gson.LongSerializationPolicy,java.lang.String,int,int,java.util.List<com.google.gson.TypeAdapterFactory>,java.util.List<com.google.gson.TypeAdapterFactory>,java.util.List<com.google.gson.TypeAdapterFactory>)	ConstructorConstructor(java.util.Map<java.lang.reflect.Type,com.google.gson.InstanceCreator<?>>)	com.google.gson.internal.ConstructorConstructor	SOURCE
com.google.gson.Gson	Gson(com.google.gson.internal.Excluder,com.google.gson.FieldNamingStrategy,java.util.Map<java.lang.reflect.Type,com.google.gson.InstanceCreator<?>>,boolean,boolean,boolean,boolean,boolean,boolean,boolean,com.google.gson.LongSerializationPolicy,java.lang.String,int,int,java.util.List<com.google.gson.TypeAdapterFactory>,java.util.List<com.google.gson.TypeAdapterFactory>,java.util.List<com.google.gson.TypeAdapterFactory>)	ArrayList()	java.util.ArrayList	SOURCE
com.google.gson.Gson	Gson(com.google.gson.internal.Excluder,com.google.gson.FieldNamingStrategy,java.util.Map<java.lang.reflect.Type,com.google.gson.InstanceCreator<?>>,boolean,boolean,boolean,boolean,boolean,boolean,boolean,com.google.gson.LongSerializationPolicy,java.lang.String,int,int,java.util.List<com.google.gson.TypeAdapterFactory>,java.util.List<com.google.gson.TypeAdapterFactory>,java.util.List<com.google.gson.TypeAdapterFactory>)	add(E)	java.util.List	SOURCE
com.google.gson.Gson	Gson(com.google.gson.internal.Excluder,com.google.gson.FieldNamingStrategy,java.util.Map<java.lang.reflect.Type,com.google.gson.InstanceCreator<?>>,boolean,boolean,boolean,boolean,boolean,boolean,boolean,com.google.gson.LongSerializationPolicy,java.lang.String,int,int,java.util.List<com.google.gson.TypeAdapterFactory>,java.util.List<com.google.gson.TypeAdapterFactory>,java.util.List<com.google.gson.TypeAdapterFactory>)	add(E)	java.util.List	SOURCE
com.google.gson.Gson	Gson(com.google.gson.internal.Excluder,com.google.gson.FieldNamingStrategy,java.util.Map<java.lang.reflect.Type,com.google.gson.InstanceCreator<?>>,boolean,boolean,boolean,boolean,boolean,boolean,boolean,com.google.gson.LongSerializationPolicy,java.lang.String,int,int,java.util.List<com.google.gson.TypeAdapterFactory>,java.util.List<com.google.gson.TypeAdapterFactory>,java.util.List<com.google.gson.TypeAdapterFactory>)	add(E)	java.util.List	SOURCE
com.google.gson.Gson	Gson(com.google.gson.internal.Excluder,com.google.gson.FieldNamingStrategy,java.util.Map<java.lang.reflect.Type,com.google.gson.InstanceCreator<?>>,boolean,boolean,boolean,boolean,boolean,boolean,boolean,com.google.gson.LongSerializationPolicy,java.lang.String,int,int,java.util.List<com.google.gson.TypeAdapterFactory>,java.util.List<com.google.gson.TypeAdapterFactory>,java.util.List<com.google.gson.TypeAdapterFactory>)	addAll(java.util.Collection<? extends E>)	java.util.List	SOURCE
com.google.gson.Gson	Gson(com.google.gson.internal.Excluder,com.google.gson.FieldNamingStrategy,java.util.Map<java.lang.reflect.Type,com.google.gson.InstanceCreator<?>>,boolean,boolean,boolean,boolean,boolean,boolean,boolean,com.google.gson.LongSerializationPolicy,java.lang.String,int,int,java.util.List<com.google.gson.TypeAdapterFactory>,java.util.List<com.google.gson.TypeAdapterFactory>,java.util.List<com.google.gson.TypeAdapterFactory>)	add(E)	java.util.List	SOURCE
com.google.gson.Gson	Gson(com.google.gson.internal.Excluder,com.google.gson.FieldNamingStrategy,java.util.Map<java.lang.reflect.Type,com.google.gson.InstanceCreator<?>>,boolean,boolean,boolean,boolean,boolean,boolean,boolean,com.google.gson.LongSerializationPolicy,java.lang.String,int,int,java.util.List<com.google.gson.TypeAdapterFactory>,java.util.List<com.google.gson.TypeAdapterFactory>,java.util.List<com.google.gson.TypeAdapterFactory>)	add(E)	java.util.List	SOURCE
com.google.gson.Gson	Gson(com.google.gson.internal.Excluder,com.google.gson.FieldNamingStrategy,java.util.Map<java.lang.reflect.Type,com.google.gson.InstanceCreator<?>>,boolean,boolean,boolean,boolean,boolean,boolean,boolean,com.google.gson.LongSerializationPolicy,java.lang.String,int,int,java.util.List<com.google.gson.TypeAdapterFactory>,java.util.List<com.google.gson.TypeAdapterFactory>,java.util.List<com.google.gson.TypeAdapterFactory>)	add(E)	java.util.List	SOURCE
com.google.gson.Gson	Gson(com.google.gson.internal.Excluder,com.google.gson.FieldNamingStrategy,java.util.Map<java.lang.reflect.Type,com.google.gson.InstanceCreator<?>>,boolean,boolean,boolean,boolean,boolean,boolean,boolean,com.google.gson.LongSerializationPolicy,java.lang.String,int,int,java.util.List<com.google.gson.TypeAdapterFactory>,java.util.List<com.google.gson.TypeAdapterFactory>,java.util.List<com.google.gson.TypeAdapterFactory>)	add(E)	java.util.List	SOURCE
com.google.gson.Gson	Gson(com.google.gson.internal.Excluder,com.google.gson.FieldNamingStrategy,java.util.Map<java.lang.reflect.Type,com.google.gson.InstanceCreator<?>>,boolean,boolean,boolean,boolean,boolean,boolean,boolean,com.google.gson.LongSerializationPolicy,java.lang.String,int,int,java.util.List<com.google.gson.TypeAdapterFactory>,java.util.List<com.google.gson.TypeAdapterFactory>,java.util.List<com.google.gson.TypeAdapterFactory>)	add(E)	java.util.List	SOURCE
com.google.gson.Gson	Gson(com.google.gson.internal.Excluder,com.google.gson.FieldNamingStrategy,java.util.Map<java.lang.reflect.Type,com.google.gson.InstanceCreator<?>>,boolean,boolean,boolean,boolean,boolean,boolean,boolean,com.google.gson.LongSerializationPolicy,java.lang.String,int,int,java.util.List<com.google.gson.TypeAdapterFactory>,java.util.List<com.google.gson.TypeAdapterFactory>,java.util.List<com.google.gson.TypeAdapterFactory>)	longAdapter(com.google.gson.LongSerializationPolicy)	com.google.gson.Gson	SOURCE
com.google.gson.Gson	Gson(com.google.gson.internal.Excluder,com.google.gson.FieldNamingStrategy,java.util.Map<java.lang.reflect.Type,com.google.gson.InstanceCreator<?>>,boolean,boolean,boolean,boolean,boolean,boolean,boolean,com.google.gson.LongSerializationPolicy,java.lang.String,int,int,java.util.List<com.google.gson.TypeAdapterFactory>,java.util.List<com.google.gson.TypeAdapterFactory>,java.util.List<com.google.gson.TypeAdapterFactory>)	add(E)	java.util.List	SOURCE
com.google.gson.Gson	Gson(com.google.gson.internal.Excluder,com.google.gson.FieldNamingStrategy,java.util.Map<java.lang.reflect.Type,com.google.gson.InstanceCreator<?>>,boolean,boolean,boolean,boolean,boolean,boolean,boolean,com.google.gson.LongSerializationPolicy,java.lang.String,int,int,java.util.List<com.google.gson.TypeAdapterFactory>,java.util.List<com.google.gson.TypeAdapterFactory>,java.util.List<com.google.gson.TypeAdapterFactory>)	<TT>newFactory(java.lang.Class<TT>,java.lang.Class<TT>,com.google.gson.TypeAdapter<? super TT>)	com.google.gson.internal.bind.TypeAdapters	SOURCE
com.google.gson.Gson	Gson(com.google.gson.internal.Excluder,com.google.gson.FieldNamingStrategy,java.util.Map<java.lang.reflect.Type,com.google.gson.InstanceCreator<?>>,boolean,boolean,boolean,boolean,boolean,boolean,boolean,com.google.gson.LongSerializationPolicy,java.lang.String,int,int,java.util.List<com.google.gson.TypeAdapterFactory>,java.util.List<com.google.gson.TypeAdapterFactory>,java.util.List<com.google.gson.TypeAdapterFactory>)	add(E)	java.util.List	SOURCE
com.google.gson.Gson	Gson(com.google.gson.internal.Excluder,com.google.gson.FieldNamingStrategy,java.util.Map<java.lang.reflect.Type,com.google.gson.InstanceCreator<?>>,boolean,boolean,boolean,boolean,boolean,boolean,boolean,com.google.gson.LongSerializationPolicy,java.lang.String,int,int,java.util.List<com.google.gson.TypeAdapterFactory>,java.util.List<com.google.gson.TypeAdapterFactory>,java.util.List<com.google.gson.TypeAdapterFactory>)	<TT>newFactory(java.lang.Class<TT>,java.lang.Class<TT>,com.google.gson.TypeAdapter<? super TT>)	com.google.gson.internal.bind.TypeAdapters	SOURCE
com.google.gson.Gson	Gson(com.google.gson.internal.Excluder,com.google.gson.FieldNamingStrategy,java.util.Map<java.lang.reflect.Type,com.google.gson.InstanceCreator<?>>,boolean,boolean,boolean,boolean,boolean,boolean,boolean,com.google.gson.LongSerializationPolicy,java.lang.String,int,int,java.util.List<com.google.gson.TypeAdapterFactory>,java.util.List<com.google.gson.TypeAdapterFactory>,java.util.List<com.google.gson.TypeAdapterFactory>)	doubleAdapter(boolean)	com.google.gson.Gson	SOURCE
com.google.gson.Gson	Gson(com.google.gson.internal.Excluder,com.google.gson.FieldNamingStrategy,java.util.Map<java.lang.reflect.Type,com.google.gson.InstanceCreator<?>>,boolean,boolean,boolean,boolean,boolean,boolean,boolean,com.google.gson.LongSerializationPolicy,java.lang.String,int,int,java.util.List<com.google.gson.TypeAdapterFactory>,java.util.List<com.google.gson.TypeAdapterFactory>,java.util.List<com.google.gson.TypeAdapterFactory>)	add(E)	java.util.List	SOURCE
com.google.gson.Gson	Gson(com.google.gson.internal.Excluder,com.google.gson.FieldNamingStrategy,java.util.Map<java.lang.reflect.Type,com.google.gson.InstanceCreator<?>>,boolean,boolean,boolean,boolean,boolean,boolean,boolean,com.google.gson.LongSerializationPolicy,java.lang.String,int,int,java.util.List<com.google.gson.TypeAdapterFactory>,java.util.List<com.google.gson.TypeAdapterFactory>,java.util.List<com.google.gson.TypeAdapterFactory>)	<TT>newFactory(java.lang.Class<TT>,java.lang.Class<TT>,com.google.gson.TypeAdapter<? super TT>)	com.google.gson.internal.bind.TypeAdapters	SOURCE
com.google.gson.Gson	Gson(com.google.gson.internal.Excluder,com.google.gson.FieldNamingStrategy,java.util.Map<java.lang.reflect.Type,com.google.gson.InstanceCreator<?>>,boolean,boolean,boolean,boolean,boolean,boolean,boolean,com.google.gson.LongSerializationPolicy,java.lang.String,int,int,java.util.List<com.google.gson.TypeAdapterFactory>,java.util.List<com.google.gson.TypeAdapterFactory>,java.util.List<com.google.gson.TypeAdapterFactory>)	floatAdapter(boolean)	com.google.gson.Gson	SOURCE
com.google.gson.Gson	Gson(com.google.gson.internal.Excluder,com.google.gson.FieldNamingStrategy,java.util.Map<java.lang.reflect.Type,com.google.gson.InstanceCreator<?>>,boolean,boolean,boolean,boolean,boolean,boolean,boolean,com.google.gson.LongSerializationPolicy,java.lang.String,int,int,java.util.List<com.google.gson.TypeAdapterFactory>,java.util.List<com.google.gson.TypeAdapterFactory>,java.util.List<com.google.gson.TypeAdapterFactory>)	add(E)	java.util.List	SOURCE
com.google.gson.Gson	Gson(com.google.gson.internal.Excluder,com.google.gson.FieldNamingStrategy,java.util.Map<java.lang.reflect.Type,com.google.gson.InstanceCreator<?>>,boolean,boolean,boolean,boolean,boolean,boolean,boolean,com.google.gson.LongSerializationPolicy,java.lang.String,int,int,java.util.List<com.google.gson.TypeAdapterFactory>,java.util.List<com.google.gson.TypeAdapterFactory>,java.util.List<com.google.gson.TypeAdapterFactory>)	add(E)	java.util.List	SOURCE
com.google.gson.Gson	Gson(com.google.gson.internal.Excluder,com.google.gson.FieldNamingStrategy,java.util.Map<java.lang.reflect.Type,com.google.gson.InstanceCreator<?>>,boolean,boolean,boolean,boolean,boolean,boolean,boolean,com.google.gson.LongSerializationPolicy,java.lang.String,int,int,java.util.List<com.google.gson.TypeAdapterFactory>,java.util.List<com.google.gson.TypeAdapterFactory>,java.util.List<com.google.gson.TypeAdapterFactory>)	add(E)	java.util.List	SOURCE
com.google.gson.Gson	Gson(com.google.gson.internal.Excluder,com.google.gson.FieldNamingStrategy,java.util.Map<java.lang.reflect.Type,com.google.gson.InstanceCreator<?>>,boolean,boolean,boolean,boolean,boolean,boolean,boolean,com.google.gson.LongSerializationPolicy,java.lang.String,int,int,java.util.List<com.google.gson.TypeAdapterFactory>,java.util.List<com.google.gson.TypeAdapterFactory>,java.util.List<com.google.gson.TypeAdapterFactory>)	add(E)	java.util.List	SOURCE
com.google.gson.Gson	Gson(com.google.gson.internal.Excluder,com.google.gson.FieldNamingStrategy,java.util.Map<java.lang.reflect.Type,com.google.gson.InstanceCreator<?>>,boolean,boolean,boolean,boolean,boolean,boolean,boolean,com.google.gson.LongSerializationPolicy,java.lang.String,int,int,java.util.List<com.google.gson.TypeAdapterFactory>,java.util.List<com.google.gson.TypeAdapterFactory>,java.util.List<com.google.gson.TypeAdapterFactory>)	<TT>newFactory(java.lang.Class<TT>,com.google.gson.TypeAdapter<TT>)	com.google.gson.internal.bind.TypeAdapters	SOURCE
com.google.gson.Gson	Gson(com.google.gson.internal.Excluder,com.google.gson.FieldNamingStrategy,java.util.Map<java.lang.reflect.Type,com.google.gson.InstanceCreator<?>>,boolean,boolean,boolean,boolean,boolean,boolean,boolean,com.google.gson.LongSerializationPolicy,java.lang.String,int,int,java.util.List<com.google.gson.TypeAdapterFactory>,java.util.List<com.google.gson.TypeAdapterFactory>,java.util.List<com.google.gson.TypeAdapterFactory>)	atomicLongAdapter(com.google.gson.TypeAdapter<java.lang.Number>)	com.google.gson.Gson	SOURCE
com.google.gson.Gson	Gson(com.google.gson.internal.Excluder,com.google.gson.FieldNamingStrategy,java.util.Map<java.lang.reflect.Type,com.google.gson.InstanceCreator<?>>,boolean,boolean,boolean,boolean,boolean,boolean,boolean,com.google.gson.LongSerializationPolicy,java.lang.String,int,int,java.util.List<com.google.gson.TypeAdapterFactory>,java.util.List<com.google.gson.TypeAdapterFactory>,java.util.List<com.google.gson.TypeAdapterFactory>)	add(E)	java.util.List	SOURCE
com.google.gson.Gson	Gson(com.google.gson.internal.Excluder,com.google.gson.FieldNamingStrategy,java.util.Map<java.lang.reflect.Type,com.google.gson.InstanceCreator<?>>,boolean,boolean,boolean,boolean,boolean,boolean,boolean,com.google.gson.LongSerializationPolicy,java.lang.String,int,int,java.util.List<com.google.gson.TypeAdapterFactory>,java.util.List<com.google.gson.TypeAdapterFactory>,java.util.List<com.google.gson.TypeAdapterFactory>)	<TT>newFactory(java.lang.Class<TT>,com.google.gson.TypeAdapter<TT>)	com.google.gson.internal.bind.TypeAdapters	SOURCE
com.google.gson.Gson	Gson(com.google.gson.internal.Excluder,com.google.gson.FieldNamingStrategy,java.util.Map<java.lang.reflect.Type,com.google.gson.InstanceCreator<?>>,boolean,boolean,boolean,boolean,boolean,boolean,boolean,com.google.gson.LongSerializationPolicy,java.lang.String,int,int,java.util.List<com.google.gson.TypeAdapterFactory>,java.util.List<com.google.gson.TypeAdapterFactory>,java.util.List<com.google.gson.TypeAdapterFactory>)	atomicLongArrayAdapter(com.google.gson.TypeAdapter<java.lang.Number>)	com.google.gson.Gson	SOURCE
com.google.gson.Gson	Gson(com.google.gson.internal.Excluder,com.google.gson.FieldNamingStrategy,java.util.Map<java.lang.reflect.Type,com.google.gson.InstanceCreator<?>>,boolean,boolean,boolean,boolean,boolean,boolean,boolean,com.google.gson.LongSerializationPolicy,java.lang.String,int,int,java.util.List<com.google.gson.TypeAdapterFactory>,java.util.List<com.google.gson.TypeAdapterFactory>,java.util.List<com.google.gson.TypeAdapterFactory>)	add(E)	java.util.List	SOURCE
com.google.gson.Gson	Gson(com.google.gson.internal.Excluder,com.google.gson.FieldNamingStrategy,java.util.Map<java.lang.reflect.Type,com.google.gson.InstanceCreator<?>>,boolean,boolean,boolean,boolean,boolean,boolean,boolean,com.google.gson.LongSerializationPolicy,java.lang.String,int,int,java.util.List<com.google.gson.TypeAdapterFactory>,java.util.List<com.google.gson.TypeAdapterFactory>,java.util.List<com.google.gson.TypeAdapterFactory>)	add(E)	java.util.List	SOURCE
com.google.gson.Gson	Gson(com.google.gson.internal.Excluder,com.google.gson.FieldNamingStrategy,java.util.Map<java.lang.reflect.Type,com.google.gson.InstanceCreator<?>>,boolean,boolean,boolean,boolean,boolean,boolean,boolean,com.google.gson.LongSerializationPolicy,java.lang.String,int,int,java.util.List<com.google.gson.TypeAdapterFactory>,java.util.List<com.google.gson.TypeAdapterFactory>,java.util.List<com.google.gson.TypeAdapterFactory>)	add(E)	java.util.List	SOURCE
com.google.gson.Gson	Gson(com.google.gson.internal.Excluder,com.google.gson.FieldNamingStrategy,java.util.Map<java.lang.reflect.Type,com.google.gson.InstanceCreator<?>>,boolean,boolean,boolean,boolean,boolean,boolean,boolean,com.google.gson.LongSerializationPolicy,java.lang.String,int,int,java.util.List<com.google.gson.TypeAdapterFactory>,java.util.List<com.google.gson.TypeAdapterFactory>,java.util.List<com.google.gson.TypeAdapterFactory>)	add(E)	java.util.List	SOURCE
com.google.gson.Gson	Gson(com.google.gson.internal.Excluder,com.google.gson.FieldNamingStrategy,java.util.Map<java.lang.reflect.Type,com.google.gson.InstanceCreator<?>>,boolean,boolean,boolean,boolean,boolean,boolean,boolean,com.google.gson.LongSerializationPolicy,java.lang.String,int,int,java.util.List<com.google.gson.TypeAdapterFactory>,java.util.List<com.google.gson.TypeAdapterFactory>,java.util.List<com.google.gson.TypeAdapterFactory>)	add(E)	java.util.List	SOURCE
com.google.gson.Gson	Gson(com.google.gson.internal.Excluder,com.google.gson.FieldNamingStrategy,java.util.Map<java.lang.reflect.Type,com.google.gson.InstanceCreator<?>>,boolean,boolean,boolean,boolean,boolean,boolean,boolean,com.google.gson.LongSerializationPolicy,java.lang.String,int,int,java.util.List<com.google.gson.TypeAdapterFactory>,java.util.List<com.google.gson.TypeAdapterFactory>,java.util.List<com.google.gson.TypeAdapterFactory>)	<TT>newFactory(java.lang.Class<TT>,com.google.gson.TypeAdapter<TT>)	com.google.gson.internal.bind.TypeAdapters	SOURCE
com.google.gson.Gson	Gson(com.google.gson.internal.Excluder,com.google.gson.FieldNamingStrategy,java.util.Map<java.lang.reflect.Type,com.google.gson.InstanceCreator<?>>,boolean,boolean,boolean,boolean,boolean,boolean,boolean,com.google.gson.LongSerializationPolicy,java.lang.String,int,int,java.util.List<com.google.gson.TypeAdapterFactory>,java.util.List<com.google.gson.TypeAdapterFactory>,java.util.List<com.google.gson.TypeAdapterFactory>)	add(E)	java.util.List	SOURCE
com.google.gson.Gson	Gson(com.google.gson.internal.Excluder,com.google.gson.FieldNamingStrategy,java.util.Map<java.lang.reflect.Type,com.google.gson.InstanceCreator<?>>,boolean,boolean,boolean,boolean,boolean,boolean,boolean,com.google.gson.LongSerializationPolicy,java.lang.String,int,int,java.util.List<com.google.gson.TypeAdapterFactory>,java.util.List<com.google.gson.TypeAdapterFactory>,java.util.List<com.google.gson.TypeAdapterFactory>)	<TT>newFactory(java.lang.Class<TT>,com.google.gson.TypeAdapter<TT>)	com.google.gson.internal.bind.TypeAdapters	SOURCE
com.google.gson.Gson	Gson(com.google.gson.internal.Excluder,com.google.gson.FieldNamingStrategy,java.util.Map<java.lang.reflect.Type,com.google.gson.InstanceCreator<?>>,boolean,boolean,boolean,boolean,boolean,boolean,boolean,com.google.gson.LongSerializationPolicy,java.lang.String,int,int,java.util.List<com.google.gson.TypeAdapterFactory>,java.util.List<com.google.gson.TypeAdapterFactory>,java.util.List<com.google.gson.TypeAdapterFactory>)	add(E)	java.util.List	SOURCE
com.google.gson.Gson	Gson(com.google.gson.internal.Excluder,com.google.gson.FieldNamingStrategy,java.util.Map<java.lang.reflect.Type,com.google.gson.InstanceCreator<?>>,boolean,boolean,boolean,boolean,boolean,boolean,boolean,com.google.gson.LongSerializationPolicy,java.lang.String,int,int,java.util.List<com.google.gson.TypeAdapterFactory>,java.util.List<com.google.gson.TypeAdapterFactory>,java.util.List<com.google.gson.TypeAdapterFactory>)	add(E)	java.util.List	SOURCE
com.google.gson.Gson	Gson(com.google.gson.internal.Excluder,com.google.gson.FieldNamingStrategy,java.util.Map<java.lang.reflect.Type,com.google.gson.InstanceCreator<?>>,boolean,boolean,boolean,boolean,boolean,boolean,boolean,com.google.gson.LongSerializationPolicy,java.lang.String,int,int,java.util.List<com.google.gson.TypeAdapterFactory>,java.util.List<com.google.gson.TypeAdapterFactory>,java.util.List<com.google.gson.TypeAdapterFactory>)	add(E)	java.util.List	SOURCE
com.google.gson.Gson	Gson(com.google.gson.internal.Excluder,com.google.gson.FieldNamingStrategy,java.util.Map<java.lang.reflect.Type,com.google.gson.InstanceCreator<?>>,boolean,boolean,boolean,boolean,boolean,boolean,boolean,com.google.gson.LongSerializationPolicy,java.lang.String,int,int,java.util.List<com.google.gson.TypeAdapterFactory>,java.util.List<com.google.gson.TypeAdapterFactory>,java.util.List<com.google.gson.TypeAdapterFactory>)	add(E)	java.util.List	SOURCE
com.google.gson.Gson	Gson(com.google.gson.internal.Excluder,com.google.gson.FieldNamingStrategy,java.util.Map<java.lang.reflect.Type,com.google.gson.InstanceCreator<?>>,boolean,boolean,boolean,boolean,boolean,boolean,boolean,com.google.gson.LongSerializationPolicy,java.lang.String,int,int,java.util.List<com.google.gson.TypeAdapterFactory>,java.util.List<com.google.gson.TypeAdapterFactory>,java.util.List<com.google.gson.TypeAdapterFactory>)	add(E)	java.util.List	SOURCE
com.google.gson.Gson	Gson(com.google.gson.internal.Excluder,com.google.gson.FieldNamingStrategy,java.util.Map<java.lang.reflect.Type,com.google.gson.InstanceCreator<?>>,boolean,boolean,boolean,boolean,boolean,boolean,boolean,com.google.gson.LongSerializationPolicy,java.lang.String,int,int,java.util.List<com.google.gson.TypeAdapterFactory>,java.util.List<com.google.gson.TypeAdapterFactory>,java.util.List<com.google.gson.TypeAdapterFactory>)	add(E)	java.util.List	SOURCE
com.google.gson.Gson	Gson(com.google.gson.internal.Excluder,com.google.gson.FieldNamingStrategy,java.util.Map<java.lang.reflect.Type,com.google.gson.InstanceCreator<?>>,boolean,boolean,boolean,boolean,boolean,boolean,boolean,com.google.gson.LongSerializationPolicy,java.lang.String,int,int,java.util.List<com.google.gson.TypeAdapterFactory>,java.util.List<com.google.gson.TypeAdapterFactory>,java.util.List<com.google.gson.TypeAdapterFactory>)	add(E)	java.util.List	SOURCE
com.google.gson.Gson	Gson(com.google.gson.internal.Excluder,com.google.gson.FieldNamingStrategy,java.util.Map<java.lang.reflect.Type,com.google.gson.InstanceCreator<?>>,boolean,boolean,boolean,boolean,boolean,boolean,boolean,com.google.gson.LongSerializationPolicy,java.lang.String,int,int,java.util.List<com.google.gson.TypeAdapterFactory>,java.util.List<com.google.gson.TypeAdapterFactory>,java.util.List<com.google.gson.TypeAdapterFactory>)	add(E)	java.util.List	SOURCE
com.google.gson.Gson	Gson(com.google.gson.internal.Excluder,com.google.gson.FieldNamingStrategy,java.util.Map<java.lang.reflect.Type,com.google.gson.InstanceCreator<?>>,boolean,boolean,boolean,boolean,boolean,boolean,boolean,com.google.gson.LongSerializationPolicy,java.lang.String,int,int,java.util.List<com.google.gson.TypeAdapterFactory>,java.util.List<com.google.gson.TypeAdapterFactory>,java.util.List<com.google.gson.TypeAdapterFactory>)	add(E)	java.util.List	SOURCE
com.google.gson.Gson	Gson(com.google.gson.internal.Excluder,com.google.gson.FieldNamingStrategy,java.util.Map<java.lang.reflect.Type,com.google.gson.InstanceCreator<?>>,boolean,boolean,boolean,boolean,boolean,boolean,boolean,com.google.gson.LongSerializationPolicy,java.lang.String,int,int,java.util.List<com.google.gson.TypeAdapterFactory>,java.util.List<com.google.gson.TypeAdapterFactory>,java.util.List<com.google.gson.TypeAdapterFactory>)	add(E)	java.util.List	SOURCE
com.google.gson.Gson	Gson(com.google.gson.internal.Excluder,com.google.gson.FieldNamingStrategy,java.util.Map<java.lang.reflect.Type,com.google.gson.InstanceCreator<?>>,boolean,boolean,boolean,boolean,boolean,boolean,boolean,com.google.gson.LongSerializationPolicy,java.lang.String,int,int,java.util.List<com.google.gson.TypeAdapterFactory>,java.util.List<com.google.gson.TypeAdapterFactory>,java.util.List<com.google.gson.TypeAdapterFactory>)	add(E)	java.util.List	SOURCE
com.google.gson.Gson	Gson(com.google.gson.internal.Excluder,com.google.gson.FieldNamingStrategy,java.util.Map<java.lang.reflect.Type,com.google.gson.InstanceCreator<?>>,boolean,boolean,boolean,boolean,boolean,boolean,boolean,com.google.gson.LongSerializationPolicy,java.lang.String,int,int,java.util.List<com.google.gson.TypeAdapterFactory>,java.util.List<com.google.gson.TypeAdapterFactory>,java.util.List<com.google.gson.TypeAdapterFactory>)	add(E)	java.util.List	SOURCE
com.google.gson.Gson	Gson(com.google.gson.internal.Excluder,com.google.gson.FieldNamingStrategy,java.util.Map<java.lang.reflect.Type,com.google.gson.InstanceCreator<?>>,boolean,boolean,boolean,boolean,boolean,boolean,boolean,com.google.gson.LongSerializationPolicy,java.lang.String,int,int,java.util.List<com.google.gson.TypeAdapterFactory>,java.util.List<com.google.gson.TypeAdapterFactory>,java.util.List<com.google.gson.TypeAdapterFactory>)	add(E)	java.util.List	SOURCE
com.google.gson.Gson	Gson(com.google.gson.internal.Excluder,com.google.gson.FieldNamingStrategy,java.util.Map<java.lang.reflect.Type,com.google.gson.InstanceCreator<?>>,boolean,boolean,boolean,boolean,boolean,boolean,boolean,com.google.gson.LongSerializationPolicy,java.lang.String,int,int,java.util.List<com.google.gson.TypeAdapterFactory>,java.util.List<com.google.gson.TypeAdapterFactory>,java.util.List<com.google.gson.TypeAdapterFactory>)	add(E)	java.util.List	SOURCE
com.google.gson.Gson	Gson(com.google.gson.internal.Excluder,com.google.gson.FieldNamingStrategy,java.util.Map<java.lang.reflect.Type,com.google.gson.InstanceCreator<?>>,boolean,boolean,boolean,boolean,boolean,boolean,boolean,com.google.gson.LongSerializationPolicy,java.lang.String,int,int,java.util.List<com.google.gson.TypeAdapterFactory>,java.util.List<com.google.gson.TypeAdapterFactory>,java.util.List<com.google.gson.TypeAdapterFactory>)	add(E)	java.util.List	SOURCE
com.google.gson.Gson	Gson(com.google.gson.internal.Excluder,com.google.gson.FieldNamingStrategy,java.util.Map<java.lang.reflect.Type,com.google.gson.InstanceCreator<?>>,boolean,boolean,boolean,boolean,boolean,boolean,boolean,com.google.gson.LongSerializationPolicy,java.lang.String,int,int,java.util.List<com.google.gson.TypeAdapterFactory>,java.util.List<com.google.gson.TypeAdapterFactory>,java.util.List<com.google.gson.TypeAdapterFactory>)	CollectionTypeAdapterFactory(com.google.gson.internal.ConstructorConstructor)	com.google.gson.internal.bind.CollectionTypeAdapterFactory	SOURCE
com.google.gson.Gson	Gson(com.google.gson.internal.Excluder,com.google.gson.FieldNamingStrategy,java.util.Map<java.lang.reflect.Type,com.google.gson.InstanceCreator<?>>,boolean,boolean,boolean,boolean,boolean,boolean,boolean,com.google.gson.LongSerializationPolicy,java.lang.String,int,int,java.util.List<com.google.gson.TypeAdapterFactory>,java.util.List<com.google.gson.TypeAdapterFactory>,java.util.List<com.google.gson.TypeAdapterFactory>)	add(E)	java.util.List	SOURCE
com.google.gson.Gson	Gson(com.google.gson.internal.Excluder,com.google.gson.FieldNamingStrategy,java.util.Map<java.lang.reflect.Type,com.google.gson.InstanceCreator<?>>,boolean,boolean,boolean,boolean,boolean,boolean,boolean,com.google.gson.LongSerializationPolicy,java.lang.String,int,int,java.util.List<com.google.gson.TypeAdapterFactory>,java.util.List<com.google.gson.TypeAdapterFactory>,java.util.List<com.google.gson.TypeAdapterFactory>)	MapTypeAdapterFactory(com.google.gson.internal.ConstructorConstructor,boolean)	com.google.gson.internal.bind.MapTypeAdapterFactory	SOURCE
com.google.gson.Gson	Gson(com.google.gson.internal.Excluder,com.google.gson.FieldNamingStrategy,java.util.Map<java.lang.reflect.Type,com.google.gson.InstanceCreator<?>>,boolean,boolean,boolean,boolean,boolean,boolean,boolean,com.google.gson.LongSerializationPolicy,java.lang.String,int,int,java.util.List<com.google.gson.TypeAdapterFactory>,java.util.List<com.google.gson.TypeAdapterFactory>,java.util.List<com.google.gson.TypeAdapterFactory>)	JsonAdapterAnnotationTypeAdapterFactory(com.google.gson.internal.ConstructorConstructor)	com.google.gson.internal.bind.JsonAdapterAnnotationTypeAdapterFactory	SOURCE
com.google.gson.Gson	Gson(com.google.gson.internal.Excluder,com.google.gson.FieldNamingStrategy,java.util.Map<java.lang.reflect.Type,com.google.gson.InstanceCreator<?>>,boolean,boolean,boolean,boolean,boolean,boolean,boolean,com.google.gson.LongSerializationPolicy,java.lang.String,int,int,java.util.List<com.google.gson.TypeAdapterFactory>,java.util.List<com.google.gson.TypeAdapterFactory>,java.util.List<com.google.gson.TypeAdapterFactory>)	add(E)	java.util.List	SOURCE
com.google.gson.Gson	Gson(com.google.gson.internal.Excluder,com.google.gson.FieldNamingStrategy,java.util.Map<java.lang.reflect.Type,com.google.gson.InstanceCreator<?>>,boolean,boolean,boolean,boolean,boolean,boolean,boolean,com.google.gson.LongSerializationPolicy,java.lang.String,int,int,java.util.List<com.google.gson.TypeAdapterFactory>,java.util.List<com.google.gson.TypeAdapterFactory>,java.util.List<com.google.gson.TypeAdapterFactory>)	add(E)	java.util.List	SOURCE
com.google.gson.Gson	Gson(com.google.gson.internal.Excluder,com.google.gson.FieldNamingStrategy,java.util.Map<java.lang.reflect.Type,com.google.gson.InstanceCreator<?>>,boolean,boolean,boolean,boolean,boolean,boolean,boolean,com.google.gson.LongSerializationPolicy,java.lang.String,int,int,java.util.List<com.google.gson.TypeAdapterFactory>,java.util.List<com.google.gson.TypeAdapterFactory>,java.util.List<com.google.gson.TypeAdapterFactory>)	add(E)	java.util.List	SOURCE
com.google.gson.Gson	Gson(com.google.gson.internal.Excluder,com.google.gson.FieldNamingStrategy,java.util.Map<java.lang.reflect.Type,com.google.gson.InstanceCreator<?>>,boolean,boolean,boolean,boolean,boolean,boolean,boolean,com.google.gson.LongSerializationPolicy,java.lang.String,int,int,java.util.List<com.google.gson.TypeAdapterFactory>,java.util.List<com.google.gson.TypeAdapterFactory>,java.util.List<com.google.gson.TypeAdapterFactory>)	ReflectiveTypeAdapterFactory(com.google.gson.internal.ConstructorConstructor,com.google.gson.FieldNamingStrategy,com.google.gson.internal.Excluder,com.google.gson.internal.bind.JsonAdapterAnnotationTypeAdapterFactory)	com.google.gson.internal.bind.ReflectiveTypeAdapterFactory	SOURCE
com.google.gson.Gson	Gson(com.google.gson.internal.Excluder,com.google.gson.FieldNamingStrategy,java.util.Map<java.lang.reflect.Type,com.google.gson.InstanceCreator<?>>,boolean,boolean,boolean,boolean,boolean,boolean,boolean,com.google.gson.LongSerializationPolicy,java.lang.String,int,int,java.util.List<com.google.gson.TypeAdapterFactory>,java.util.List<com.google.gson.TypeAdapterFactory>,java.util.List<com.google.gson.TypeAdapterFactory>)	<T>unmodifiableList(java.util.List<? extends T>)	java.util.Collections	SOURCE
com.google.gson.Gson	newBuilder()	GsonBuilder(com.google.gson.Gson)	com.google.gson.GsonBuilder	SOURCE
com.google.gson.Gson	doubleAdapter(boolean)	()	com.google.gson.Gson$1	SOURCE
com.google.gson.Gson$1	read(com.google.gson.stream.JsonReader)	peek()	com.google.gson.stream.JsonReader	SOURCE
com.google.gson.Gson$1	read(com.google.gson.stream.JsonReader)	nextNull()	com.google.gson.stream.JsonReader	SOURCE
com.google.gson.Gson$1	read(com.google.gson.stream.JsonReader)	nextDouble()	com.google.gson.stream.JsonReader	SOURCE
com.google.gson.Gson$1	write(com.google.gson.stream.JsonWriter,java.lang.Number)	nullValue()	com.google.gson.stream.JsonWriter	SOURCE
com.google.gson.Gson$1	write(com.google.gson.stream.JsonWriter,java.lang.Number)	doubleValue()	java.lang.Number	SOURCE
com.google.gson.Gson$1	write(com.google.gson.stream.JsonWriter,java.lang.Number)	checkValidFloatingPoint(double)	com.google.gson.Gson	SOURCE
com.google.gson.Gson$1	write(com.google.gson.stream.JsonWriter,java.lang.Number)	value(java.lang.Number)	com.google.gson.stream.JsonWriter	SOURCE
com.google.gson.Gson	floatAdapter(boolean)	()	com.google.gson.Gson$2	SOURCE
com.google.gson.Gson$2	read(com.google.gson.stream.JsonReader)	peek()	com.google.gson.stream.JsonReader	SOURCE
com.google.gson.Gson$2	read(com.google.gson.stream.JsonReader)	nextNull()	com.google.gson.stream.JsonReader	SOURCE
com.google.gson.Gson$2	read(com.google.gson.stream.JsonReader)	nextDouble()	com.google.gson.stream.JsonReader	SOURCE
com.google.gson.Gson$2	write(com.google.gson.stream.JsonWriter,java.lang.Number)	nullValue()	com.google.gson.stream.JsonWriter	SOURCE
com.google.gson.Gson$2	write(com.google.gson.stream.JsonWriter,java.lang.Number)	floatValue()	java.lang.Number	SOURCE
com.google.gson.Gson$2	write(com.google.gson.stream.JsonWriter,java.lang.Number)	checkValidFloatingPoint(double)	com.google.gson.Gson	SOURCE
com.google.gson.Gson$2	write(com.google.gson.stream.JsonWriter,java.lang.Number)	value(java.lang.Number)	com.google.gson.stream.JsonWriter	SOURCE
com.google.gson.Gson	checkValidFloatingPoint(double)	isNaN(double)	java.lang.Double	SOURCE
com.google.gson.Gson	checkValidFloatingPoint(double)	isInfinite(double)	java.lang.Double	SOURCE
com.google.gson.Gson	checkValidFloatingPoint(double)	IllegalArgumentException(java.lang.String)	java.lang.IllegalArgumentException	SOURCE
com.google.gson.Gson	longAdapter(com.google.gson.LongSerializationPolicy)	()	com.google.gson.Gson$3	SOURCE
com.google.gson.Gson$3	read(com.google.gson.stream.JsonReader)	peek()	com.google.gson.stream.JsonReader	SOURCE
com.google.gson.Gson$3	read(com.google.gson.stream.JsonReader)	nextNull()	com.google.gson.stream.JsonReader	SOURCE
com.google.gson.Gson$3	read(com.google.gson.stream.JsonReader)	nextLong()	com.google.gson.stream.JsonReader	SOURCE
com.google.gson.Gson$3	write(com.google.gson.stream.JsonWriter,java.lang.Number)	nullValue()	com.google.gson.stream.JsonWriter	SOURCE
com.google.gson.Gson$3	write(com.google.gson.stream.JsonWriter,java.lang.Number)	value(java.lang.String)	com.google.gson.stream.JsonWriter	SOURCE
com.google.gson.Gson$3	write(com.google.gson.stream.JsonWriter,java.lang.Number)	toString()	java.lang.Object	SOURCE
com.google.gson.Gson	atomicLongAdapter(com.google.gson.TypeAdapter<java.lang.Number>)	nullSafe()	com.google.gson.TypeAdapter	SOURCE
com.google.gson.Gson	atomicLongAdapter(com.google.gson.TypeAdapter<java.lang.Number>)	()	com.google.gson.Gson$4	SOURCE
com.google.gson.Gson$4	write(com.google.gson.stream.JsonWriter,java.util.concurrent.atomic.AtomicLong)	write(com.google.gson.stream.JsonWriter,T)	com.google.gson.TypeAdapter	SOURCE
com.google.gson.Gson$4	write(com.google.gson.stream.JsonWriter,java.util.concurrent.atomic.AtomicLong)	get()	java.util.concurrent.atomic.AtomicLong	SOURCE
com.google.gson.Gson$4	read(com.google.gson.stream.JsonReader)	read(com.google.gson.stream.JsonReader)	com.google.gson.TypeAdapter	SOURCE
com.google.gson.Gson$4	read(com.google.gson.stream.JsonReader)	AtomicLong(long)	java.util.concurrent.atomic.AtomicLong	SOURCE
com.google.gson.Gson$4	read(com.google.gson.stream.JsonReader)	longValue()	java.lang.Number	SOURCE
com.google.gson.Gson	atomicLongArrayAdapter(com.google.gson.TypeAdapter<java.lang.Number>)	nullSafe()	com.google.gson.TypeAdapter	SOURCE
com.google.gson.Gson	atomicLongArrayAdapter(com.google.gson.TypeAdapter<java.lang.Number>)	()	com.google.gson.Gson$5	SOURCE
com.google.gson.Gson$5	write(com.google.gson.stream.JsonWriter,java.util.concurrent.atomic.AtomicLongArray)	beginArray()	com.google.gson.stream.JsonWriter	SOURCE
com.google.gson.Gson$5	write(com.google.gson.stream.JsonWriter,java.util.concurrent.atomic.AtomicLongArray)	length()	java.util.concurrent.atomic.AtomicLongArray	SOURCE
com.google.gson.Gson$5	write(com.google.gson.stream.JsonWriter,java.util.concurrent.atomic.AtomicLongArray)	write(com.google.gson.stream.JsonWriter,T)	com.google.gson.TypeAdapter	SOURCE
com.google.gson.Gson$5	write(com.google.gson.stream.JsonWriter,java.util.concurrent.atomic.AtomicLongArray)	get(int)	java.util.concurrent.atomic.AtomicLongArray	SOURCE
com.google.gson.Gson$5	write(com.google.gson.stream.JsonWriter,java.util.concurrent.atomic.AtomicLongArray)	endArray()	com.google.gson.stream.JsonWriter	SOURCE
com.google.gson.Gson$5	read(com.google.gson.stream.JsonReader)	ArrayList()	java.util.ArrayList	SOURCE
com.google.gson.Gson$5	read(com.google.gson.stream.JsonReader)	beginArray()	com.google.gson.stream.JsonReader	SOURCE
com.google.gson.Gson$5	read(com.google.gson.stream.JsonReader)	hasNext()	com.google.gson.stream.JsonReader	SOURCE
com.google.gson.Gson$5	read(com.google.gson.stream.JsonReader)	longValue()	java.lang.Number	SOURCE
com.google.gson.Gson$5	read(com.google.gson.stream.JsonReader)	read(com.google.gson.stream.JsonReader)	com.google.gson.TypeAdapter	SOURCE
com.google.gson.Gson$5	read(com.google.gson.stream.JsonReader)	add(E)	java.util.List	SOURCE
com.google.gson.Gson$5	read(com.google.gson.stream.JsonReader)	endArray()	com.google.gson.stream.JsonReader	SOURCE
com.google.gson.Gson$5	read(com.google.gson.stream.JsonReader)	size()	java.util.List	SOURCE
com.google.gson.Gson$5	read(com.google.gson.stream.JsonReader)	AtomicLongArray(int)	java.util.concurrent.atomic.AtomicLongArray	SOURCE
com.google.gson.Gson$5	read(com.google.gson.stream.JsonReader)	set(int,long)	java.util.concurrent.atomic.AtomicLongArray	SOURCE
com.google.gson.Gson$5	read(com.google.gson.stream.JsonReader)	get(int)	java.util.List	SOURCE
com.google.gson.Gson	<T>getAdapter(com.google.gson.reflect.TypeToken<T>)	get(java.lang.Object)	java.util.Map	SOURCE
com.google.gson.Gson	<T>getAdapter(com.google.gson.reflect.TypeToken<T>)	get()	java.lang.ThreadLocal	SOURCE
com.google.gson.Gson	<T>getAdapter(com.google.gson.reflect.TypeToken<T>)	HashMap()	java.util.HashMap	SOURCE
com.google.gson.Gson	<T>getAdapter(com.google.gson.reflect.TypeToken<T>)	set(T)	java.lang.ThreadLocal	SOURCE
com.google.gson.Gson	<T>getAdapter(com.google.gson.reflect.TypeToken<T>)	get(java.lang.Object)	java.util.Map	SOURCE
com.google.gson.Gson	<T>getAdapter(com.google.gson.reflect.TypeToken<T>)	FutureTypeAdapter()	com.google.gson.Gson$FutureTypeAdapter	SOURCE
com.google.gson.Gson	<T>getAdapter(com.google.gson.reflect.TypeToken<T>)	put(K,V)	java.util.Map	SOURCE
com.google.gson.Gson	<T>getAdapter(com.google.gson.reflect.TypeToken<T>)	<T>create(com.google.gson.Gson,com.google.gson.reflect.TypeToken<T>)	com.google.gson.TypeAdapterFactory	SOURCE
com.google.gson.Gson	<T>getAdapter(com.google.gson.reflect.TypeToken<T>)	setDelegate(com.google.gson.TypeAdapter<T>)	com.google.gson.Gson$FutureTypeAdapter	SOURCE
com.google.gson.Gson	<T>getAdapter(com.google.gson.reflect.TypeToken<T>)	put(K,V)	java.util.Map	SOURCE
com.google.gson.Gson	<T>getAdapter(com.google.gson.reflect.TypeToken<T>)	IllegalArgumentException(java.lang.String)	java.lang.IllegalArgumentException	SOURCE
com.google.gson.Gson	<T>getAdapter(com.google.gson.reflect.TypeToken<T>)	remove(java.lang.Object)	java.util.Map	SOURCE
com.google.gson.Gson	<T>getAdapter(com.google.gson.reflect.TypeToken<T>)	remove()	java.lang.ThreadLocal	SOURCE
com.google.gson.Gson	<T>getDelegateAdapter(com.google.gson.TypeAdapterFactory,com.google.gson.reflect.TypeToken<T>)	contains(java.lang.Object)	java.util.List	SOURCE
com.google.gson.Gson	<T>getDelegateAdapter(com.google.gson.TypeAdapterFactory,com.google.gson.reflect.TypeToken<T>)	<T>create(com.google.gson.Gson,com.google.gson.reflect.TypeToken<T>)	com.google.gson.TypeAdapterFactory	SOURCE
com.google.gson.Gson	<T>getDelegateAdapter(com.google.gson.TypeAdapterFactory,com.google.gson.reflect.TypeToken<T>)	IllegalArgumentException(java.lang.String)	java.lang.IllegalArgumentException	SOURCE
com.google.gson.Gson	<T>getAdapter(java.lang.Class<T>)	<T>getAdapter(com.google.gson.reflect.TypeToken<T>)	com.google.gson.Gson	SOURCE
com.google.gson.Gson	<T>getAdapter(java.lang.Class<T>)	<T>get(java.lang.Class<T>)	com.google.gson.reflect.TypeToken	SOURCE
com.google.gson.Gson	toJsonTree(java.lang.Object)	toJsonTree(java.lang.Object,java.lang.reflect.Type)	com.google.gson.Gson	SOURCE
com.google.gson.Gson	toJsonTree(java.lang.Object)	getClass()	java.lang.Object	SOURCE
com.google.gson.Gson	toJsonTree(java.lang.Object,java.lang.reflect.Type)	JsonTreeWriter()	com.google.gson.internal.bind.JsonTreeWriter	SOURCE
com.google.gson.Gson	toJsonTree(java.lang.Object,java.lang.reflect.Type)	toJson(java.lang.Object,java.lang.reflect.Type,com.google.gson.stream.JsonWriter)	com.google.gson.Gson	SOURCE
com.google.gson.Gson	toJsonTree(java.lang.Object,java.lang.reflect.Type)	get()	com.google.gson.internal.bind.JsonTreeWriter	SOURCE
com.google.gson.Gson	toJson(java.lang.Object)	toJson(com.google.gson.JsonElement)	com.google.gson.Gson	SOURCE
com.google.gson.Gson	toJson(java.lang.Object)	toJson(java.lang.Object,java.lang.reflect.Type)	com.google.gson.Gson	SOURCE
com.google.gson.Gson	toJson(java.lang.Object)	getClass()	java.lang.Object	SOURCE
com.google.gson.Gson	toJson(java.lang.Object,java.lang.reflect.Type)	StringWriter()	java.io.StringWriter	SOURCE
com.google.gson.Gson	toJson(java.lang.Object,java.lang.reflect.Type)	toJson(java.lang.Object,java.lang.reflect.Type,java.lang.Appendable)	com.google.gson.Gson	SOURCE
com.google.gson.Gson	toJson(java.lang.Object,java.lang.reflect.Type)	toString()	java.io.StringWriter	SOURCE
com.google.gson.Gson	toJson(java.lang.Object,java.lang.Appendable)	toJson(java.lang.Object,java.lang.reflect.Type,java.lang.Appendable)	com.google.gson.Gson	SOURCE
com.google.gson.Gson	toJson(java.lang.Object,java.lang.Appendable)	getClass()	java.lang.Object	SOURCE
com.google.gson.Gson	toJson(java.lang.Object,java.lang.Appendable)	toJson(com.google.gson.JsonElement,java.lang.Appendable)	com.google.gson.Gson	SOURCE
com.google.gson.Gson	toJson(java.lang.Object,java.lang.reflect.Type,java.lang.Appendable)	newJsonWriter(java.io.Writer)	com.google.gson.Gson	SOURCE
com.google.gson.Gson	toJson(java.lang.Object,java.lang.reflect.Type,java.lang.Appendable)	writerForAppendable(java.lang.Appendable)	com.google.gson.internal.Streams	SOURCE
com.google.gson.Gson	toJson(java.lang.Object,java.lang.reflect.Type,java.lang.Appendable)	toJson(java.lang.Object,java.lang.reflect.Type,com.google.gson.stream.JsonWriter)	com.google.gson.Gson	SOURCE
com.google.gson.Gson	toJson(java.lang.Object,java.lang.reflect.Type,java.lang.Appendable)	JsonIOException(java.lang.Throwable)	com.google.gson.JsonIOException	SOURCE
com.google.gson.Gson	toJson(java.lang.Object,java.lang.reflect.Type,com.google.gson.stream.JsonWriter)	<T>getAdapter(com.google.gson.reflect.TypeToken<T>)	com.google.gson.Gson	SOURCE
com.google.gson.Gson	toJson(java.lang.Object,java.lang.reflect.Type,com.google.gson.stream.JsonWriter)	get(java.lang.reflect.Type)	com.google.gson.reflect.TypeToken	SOURCE
com.google.gson.Gson	toJson(java.lang.Object,java.lang.reflect.Type,com.google.gson.stream.JsonWriter)	isLenient()	com.google.gson.stream.JsonWriter	SOURCE
com.google.gson.Gson	toJson(java.lang.Object,java.lang.reflect.Type,com.google.gson.stream.JsonWriter)	setLenient(boolean)	com.google.gson.stream.JsonWriter	SOURCE
com.google.gson.Gson	toJson(java.lang.Object,java.lang.reflect.Type,com.google.gson.stream.JsonWriter)	isHtmlSafe()	com.google.gson.stream.JsonWriter	SOURCE
com.google.gson.Gson	toJson(java.lang.Object,java.lang.reflect.Type,com.google.gson.stream.JsonWriter)	setHtmlSafe(boolean)	com.google.gson.stream.JsonWriter	SOURCE
com.google.gson.Gson	toJson(java.lang.Object,java.lang.reflect.Type,com.google.gson.stream.JsonWriter)	getSerializeNulls()	com.google.gson.stream.JsonWriter	SOURCE
com.google.gson.Gson	toJson(java.lang.Object,java.lang.reflect.Type,com.google.gson.stream.JsonWriter)	setSerializeNulls(boolean)	com.google.gson.stream.JsonWriter	SOURCE
com.google.gson.Gson	toJson(java.lang.Object,java.lang.reflect.Type,com.google.gson.stream.JsonWriter)	write(com.google.gson.stream.JsonWriter,T)	com.google.gson.TypeAdapter	SOURCE
com.google.gson.Gson	toJson(java.lang.Object,java.lang.reflect.Type,com.google.gson.stream.JsonWriter)	JsonIOException(java.lang.Throwable)	com.google.gson.JsonIOException	SOURCE
com.google.gson.Gson	toJson(java.lang.Object,java.lang.reflect.Type,com.google.gson.stream.JsonWriter)	AssertionError(java.lang.Object)	java.lang.AssertionError	SOURCE
com.google.gson.Gson	toJson(java.lang.Object,java.lang.reflect.Type,com.google.gson.stream.JsonWriter)	getMessage()	java.lang.Throwable	SOURCE
com.google.gson.Gson	toJson(java.lang.Object,java.lang.reflect.Type,com.google.gson.stream.JsonWriter)	initCause(java.lang.Throwable)	java.lang.Throwable	SOURCE
com.google.gson.Gson	toJson(java.lang.Object,java.lang.reflect.Type,com.google.gson.stream.JsonWriter)	setLenient(boolean)	com.google.gson.stream.JsonWriter	SOURCE
com.google.gson.Gson	toJson(java.lang.Object,java.lang.reflect.Type,com.google.gson.stream.JsonWriter)	setHtmlSafe(boolean)	com.google.gson.stream.JsonWriter	SOURCE
com.google.gson.Gson	toJson(java.lang.Object,java.lang.reflect.Type,com.google.gson.stream.JsonWriter)	setSerializeNulls(boolean)	com.google.gson.stream.JsonWriter	SOURCE
com.google.gson.Gson	toJson(com.google.gson.JsonElement)	StringWriter()	java.io.StringWriter	SOURCE
com.google.gson.Gson	toJson(com.google.gson.JsonElement)	toJson(com.google.gson.JsonElement,java.lang.Appendable)	com.google.gson.Gson	SOURCE
com.google.gson.Gson	toJson(com.google.gson.JsonElement)	toString()	java.io.StringWriter	SOURCE
com.google.gson.Gson	toJson(com.google.gson.JsonElement,java.lang.Appendable)	newJsonWriter(java.io.Writer)	com.google.gson.Gson	SOURCE
com.google.gson.Gson	toJson(com.google.gson.JsonElement,java.lang.Appendable)	writerForAppendable(java.lang.Appendable)	com.google.gson.internal.Streams	SOURCE
com.google.gson.Gson	toJson(com.google.gson.JsonElement,java.lang.Appendable)	toJson(com.google.gson.JsonElement,com.google.gson.stream.JsonWriter)	com.google.gson.Gson	SOURCE
com.google.gson.Gson	toJson(com.google.gson.JsonElement,java.lang.Appendable)	JsonIOException(java.lang.Throwable)	com.google.gson.JsonIOException	SOURCE
com.google.gson.Gson	newJsonWriter(java.io.Writer)	write(java.lang.String)	java.io.Writer	SOURCE
com.google.gson.Gson	newJsonWriter(java.io.Writer)	JsonWriter(java.io.Writer)	com.google.gson.stream.JsonWriter	SOURCE
com.google.gson.Gson	newJsonWriter(java.io.Writer)	setIndent(java.lang.String)	com.google.gson.stream.JsonWriter	SOURCE
com.google.gson.Gson	newJsonWriter(java.io.Writer)	setSerializeNulls(boolean)	com.google.gson.stream.JsonWriter	SOURCE
com.google.gson.Gson	newJsonReader(java.io.Reader)	JsonReader(java.io.Reader)	com.google.gson.stream.JsonReader	SOURCE
com.google.gson.Gson	newJsonReader(java.io.Reader)	setLenient(boolean)	com.google.gson.stream.JsonReader	SOURCE
com.google.gson.Gson	toJson(com.google.gson.JsonElement,com.google.gson.stream.JsonWriter)	isLenient()	com.google.gson.stream.JsonWriter	SOURCE
com.google.gson.Gson	toJson(com.google.gson.JsonElement,com.google.gson.stream.JsonWriter)	setLenient(boolean)	com.google.gson.stream.JsonWriter	SOURCE
com.google.gson.Gson	toJson(com.google.gson.JsonElement,com.google.gson.stream.JsonWriter)	isHtmlSafe()	com.google.gson.stream.JsonWriter	SOURCE
com.google.gson.Gson	toJson(com.google.gson.JsonElement,com.google.gson.stream.JsonWriter)	setHtmlSafe(boolean)	com.google.gson.stream.JsonWriter	SOURCE
com.google.gson.Gson	toJson(com.google.gson.JsonElement,com.google.gson.stream.JsonWriter)	getSerializeNulls()	com.google.gson.stream.JsonWriter	SOURCE
com.google.gson.Gson	toJson(com.google.gson.JsonElement,com.google.gson.stream.JsonWriter)	setSerializeNulls(boolean)	com.google.gson.stream.JsonWriter	SOURCE
com.google.gson.Gson	toJson(com.google.gson.JsonElement,com.google.gson.stream.JsonWriter)	write(com.google.gson.JsonElement,com.google.gson.stream.JsonWriter)	com.google.gson.internal.Streams	SOURCE
com.google.gson.Gson	toJson(com.google.gson.JsonElement,com.google.gson.stream.JsonWriter)	JsonIOException(java.lang.Throwable)	com.google.gson.JsonIOException	SOURCE
com.google.gson.Gson	toJson(com.google.gson.JsonElement,com.google.gson.stream.JsonWriter)	AssertionError(java.lang.Object)	java.lang.AssertionError	SOURCE
com.google.gson.Gson	toJson(com.google.gson.JsonElement,com.google.gson.stream.JsonWriter)	getMessage()	java.lang.Throwable	SOURCE
com.google.gson.Gson	toJson(com.google.gson.JsonElement,com.google.gson.stream.JsonWriter)	initCause(java.lang.Throwable)	java.lang.Throwable	SOURCE
com.google.gson.Gson	toJson(com.google.gson.JsonElement,com.google.gson.stream.JsonWriter)	setLenient(boolean)	com.google.gson.stream.JsonWriter	SOURCE
com.google.gson.Gson	toJson(com.google.gson.JsonElement,com.google.gson.stream.JsonWriter)	setHtmlSafe(boolean)	com.google.gson.stream.JsonWriter	SOURCE
com.google.gson.Gson	toJson(com.google.gson.JsonElement,com.google.gson.stream.JsonWriter)	setSerializeNulls(boolean)	com.google.gson.stream.JsonWriter	SOURCE
com.google.gson.Gson	<T>fromJson(java.lang.String,java.lang.Class<T>)	<T>fromJson(java.lang.String,java.lang.reflect.Type)	com.google.gson.Gson	SOURCE
com.google.gson.Gson	<T>fromJson(java.lang.String,java.lang.Class<T>)	cast(java.lang.Object)	java.lang.Class	SOURCE
com.google.gson.Gson	<T>fromJson(java.lang.String,java.lang.Class<T>)	<T>wrap(java.lang.Class<T>)	com.google.gson.internal.Primitives	SOURCE
com.google.gson.Gson	<T>fromJson(java.lang.String,java.lang.reflect.Type)	StringReader(java.lang.String)	java.io.StringReader	SOURCE
com.google.gson.Gson	<T>fromJson(java.lang.String,java.lang.reflect.Type)	<T>fromJson(java.io.Reader,java.lang.reflect.Type)	com.google.gson.Gson	SOURCE
com.google.gson.Gson	<T>fromJson(java.io.Reader,java.lang.Class<T>)	newJsonReader(java.io.Reader)	com.google.gson.Gson	SOURCE
com.google.gson.Gson	<T>fromJson(java.io.Reader,java.lang.Class<T>)	<T>fromJson(com.google.gson.stream.JsonReader,java.lang.reflect.Type)	com.google.gson.Gson	SOURCE
com.google.gson.Gson	<T>fromJson(java.io.Reader,java.lang.Class<T>)	assertFullConsumption(java.lang.Object,com.google.gson.stream.JsonReader)	com.google.gson.Gson	SOURCE
com.google.gson.Gson	<T>fromJson(java.io.Reader,java.lang.Class<T>)	cast(java.lang.Object)	java.lang.Class	SOURCE
com.google.gson.Gson	<T>fromJson(java.io.Reader,java.lang.Class<T>)	<T>wrap(java.lang.Class<T>)	com.google.gson.internal.Primitives	SOURCE
com.google.gson.Gson	<T>fromJson(java.io.Reader,java.lang.reflect.Type)	newJsonReader(java.io.Reader)	com.google.gson.Gson	SOURCE
com.google.gson.Gson	<T>fromJson(java.io.Reader,java.lang.reflect.Type)	<T>fromJson(com.google.gson.stream.JsonReader,java.lang.reflect.Type)	com.google.gson.Gson	SOURCE
com.google.gson.Gson	<T>fromJson(java.io.Reader,java.lang.reflect.Type)	assertFullConsumption(java.lang.Object,com.google.gson.stream.JsonReader)	com.google.gson.Gson	SOURCE
com.google.gson.Gson	assertFullConsumption(java.lang.Object,com.google.gson.stream.JsonReader)	peek()	com.google.gson.stream.JsonReader	SOURCE
com.google.gson.Gson	assertFullConsumption(java.lang.Object,com.google.gson.stream.JsonReader)	JsonIOException(java.lang.String)	com.google.gson.JsonIOException	SOURCE
com.google.gson.Gson	assertFullConsumption(java.lang.Object,com.google.gson.stream.JsonReader)	JsonSyntaxException(java.lang.Throwable)	com.google.gson.JsonSyntaxException	SOURCE
com.google.gson.Gson	assertFullConsumption(java.lang.Object,com.google.gson.stream.JsonReader)	JsonIOException(java.lang.Throwable)	com.google.gson.JsonIOException	SOURCE
com.google.gson.Gson	<T>fromJson(com.google.gson.stream.JsonReader,java.lang.reflect.Type)	isLenient()	com.google.gson.stream.JsonReader	SOURCE
com.google.gson.Gson	<T>fromJson(com.google.gson.stream.JsonReader,java.lang.reflect.Type)	setLenient(boolean)	com.google.gson.stream.JsonReader	SOURCE
com.google.gson.Gson	<T>fromJson(com.google.gson.stream.JsonReader,java.lang.reflect.Type)	peek()	com.google.gson.stream.JsonReader	SOURCE
com.google.gson.Gson	<T>fromJson(com.google.gson.stream.JsonReader,java.lang.reflect.Type)	get(java.lang.reflect.Type)	com.google.gson.reflect.TypeToken	SOURCE
com.google.gson.Gson	<T>fromJson(com.google.gson.stream.JsonReader,java.lang.reflect.Type)	<T>getAdapter(com.google.gson.reflect.TypeToken<T>)	com.google.gson.Gson	SOURCE
com.google.gson.Gson	<T>fromJson(com.google.gson.stream.JsonReader,java.lang.reflect.Type)	read(com.google.gson.stream.JsonReader)	com.google.gson.TypeAdapter	SOURCE
com.google.gson.Gson	<T>fromJson(com.google.gson.stream.JsonReader,java.lang.reflect.Type)	JsonSyntaxException(java.lang.Throwable)	com.google.gson.JsonSyntaxException	SOURCE
com.google.gson.Gson	<T>fromJson(com.google.gson.stream.JsonReader,java.lang.reflect.Type)	JsonSyntaxException(java.lang.Throwable)	com.google.gson.JsonSyntaxException	SOURCE
com.google.gson.Gson	<T>fromJson(com.google.gson.stream.JsonReader,java.lang.reflect.Type)	JsonSyntaxException(java.lang.Throwable)	com.google.gson.JsonSyntaxException	SOURCE
com.google.gson.Gson	<T>fromJson(com.google.gson.stream.JsonReader,java.lang.reflect.Type)	AssertionError(java.lang.Object)	java.lang.AssertionError	SOURCE
com.google.gson.Gson	<T>fromJson(com.google.gson.stream.JsonReader,java.lang.reflect.Type)	getMessage()	java.lang.Throwable	SOURCE
com.google.gson.Gson	<T>fromJson(com.google.gson.stream.JsonReader,java.lang.reflect.Type)	initCause(java.lang.Throwable)	java.lang.Throwable	SOURCE
com.google.gson.Gson	<T>fromJson(com.google.gson.stream.JsonReader,java.lang.reflect.Type)	setLenient(boolean)	com.google.gson.stream.JsonReader	SOURCE
com.google.gson.Gson	<T>fromJson(com.google.gson.JsonElement,java.lang.Class<T>)	<T>fromJson(com.google.gson.JsonElement,java.lang.reflect.Type)	com.google.gson.Gson	SOURCE
com.google.gson.Gson	<T>fromJson(com.google.gson.JsonElement,java.lang.Class<T>)	cast(java.lang.Object)	java.lang.Class	SOURCE
com.google.gson.Gson	<T>fromJson(com.google.gson.JsonElement,java.lang.Class<T>)	<T>wrap(java.lang.Class<T>)	com.google.gson.internal.Primitives	SOURCE
com.google.gson.Gson	<T>fromJson(com.google.gson.JsonElement,java.lang.reflect.Type)	<T>fromJson(com.google.gson.stream.JsonReader,java.lang.reflect.Type)	com.google.gson.Gson	SOURCE
com.google.gson.Gson	<T>fromJson(com.google.gson.JsonElement,java.lang.reflect.Type)	JsonTreeReader(com.google.gson.JsonElement)	com.google.gson.internal.bind.JsonTreeReader	SOURCE
com.google.gson.Gson$FutureTypeAdapter	setDelegate(com.google.gson.TypeAdapter<T>)	AssertionError()	java.lang.AssertionError	SOURCE
com.google.gson.Gson$FutureTypeAdapter	read(com.google.gson.stream.JsonReader)	IllegalStateException()	java.lang.IllegalStateException	SOURCE
com.google.gson.Gson$FutureTypeAdapter	read(com.google.gson.stream.JsonReader)	read(com.google.gson.stream.JsonReader)	com.google.gson.TypeAdapter	SOURCE
com.google.gson.Gson$FutureTypeAdapter	write(com.google.gson.stream.JsonWriter,T)	IllegalStateException()	java.lang.IllegalStateException	SOURCE
com.google.gson.Gson$FutureTypeAdapter	write(com.google.gson.stream.JsonWriter,T)	write(com.google.gson.stream.JsonWriter,T)	com.google.gson.TypeAdapter	SOURCE
com.google.gson.Gson	toString()	toString()	java.lang.StringBuilder	SOURCE
com.google.gson.Gson	toString()	append(java.lang.String)	java.lang.StringBuilder	SOURCE
com.google.gson.Gson	toString()	append(java.lang.Object)	java.lang.StringBuilder	SOURCE
com.google.gson.Gson	toString()	append(java.lang.String)	java.lang.StringBuilder	SOURCE
com.google.gson.Gson	toString()	append(java.lang.Object)	java.lang.StringBuilder	SOURCE
com.google.gson.Gson	toString()	append(java.lang.String)	java.lang.StringBuilder	SOURCE
com.google.gson.Gson	toString()	append(boolean)	java.lang.StringBuilder	SOURCE
com.google.gson.Gson	toString()	StringBuilder(java.lang.String)	java.lang.StringBuilder	SOURCE
com.google.gson.internal.ConstructorConstructor	accessor	getInstance()	com.google.gson.internal.reflect.ReflectionAccessor	SOURCE
com.google.gson.internal.ConstructorConstructor	ConstructorConstructor(java.util.Map<java.lang.reflect.Type,com.google.gson.InstanceCreator<?>>)	Object()	java.lang.Object	SOURCE
com.google.gson.internal.ConstructorConstructor	<T>get(com.google.gson.reflect.TypeToken<T>)	getType()	com.google.gson.reflect.TypeToken	SOURCE
com.google.gson.internal.ConstructorConstructor	<T>get(com.google.gson.reflect.TypeToken<T>)	getRawType()	com.google.gson.reflect.TypeToken	SOURCE
com.google.gson.internal.ConstructorConstructor	<T>get(com.google.gson.reflect.TypeToken<T>)	get(java.lang.Object)	java.util.Map	SOURCE
com.google.gson.internal.ConstructorConstructor	<T>get(com.google.gson.reflect.TypeToken<T>)	()	com.google.gson.internal.ConstructorConstructor$1	SOURCE
com.google.gson.internal.ConstructorConstructor$1	construct()	createInstance(java.lang.reflect.Type)	com.google.gson.InstanceCreator	SOURCE
com.google.gson.internal.ConstructorConstructor	<T>get(com.google.gson.reflect.TypeToken<T>)	get(java.lang.Object)	java.util.Map	SOURCE
com.google.gson.internal.ConstructorConstructor	<T>get(com.google.gson.reflect.TypeToken<T>)	()	com.google.gson.internal.ConstructorConstructor$2	SOURCE
com.google.gson.internal.ConstructorConstructor$2	construct()	createInstance(java.lang.reflect.Type)	com.google.gson.InstanceCreator	SOURCE
com.google.gson.internal.ConstructorConstructor	<T>get(com.google.gson.reflect.TypeToken<T>)	<T>newDefaultConstructor(java.lang.Class<? super T>)	com.google.gson.internal.ConstructorConstructor	SOURCE
com.google.gson.internal.ConstructorConstructor	<T>get(com.google.gson.reflect.TypeToken<T>)	<T>newDefaultImplementationConstructor(java.lang.reflect.Type,java.lang.Class<? super T>)	com.google.gson.internal.ConstructorConstructor	SOURCE
com.google.gson.internal.ConstructorConstructor	<T>get(com.google.gson.reflect.TypeToken<T>)	<T>newUnsafeAllocator(java.lang.reflect.Type,java.lang.Class<? super T>)	com.google.gson.internal.ConstructorConstructor	SOURCE
com.google.gson.internal.ConstructorConstructor	<T>newDefaultConstructor(java.lang.Class<? super T>)	getDeclaredConstructor(java.lang.Class<?>...)	java.lang.Class	SOURCE
com.google.gson.internal.ConstructorConstructor	<T>newDefaultConstructor(java.lang.Class<? super T>)	isAccessible()	java.lang.reflect.AccessibleObject	SOURCE
com.google.gson.internal.ConstructorConstructor	<T>newDefaultConstructor(java.lang.Class<? super T>)	makeAccessible(java.lang.reflect.AccessibleObject)	com.google.gson.internal.reflect.ReflectionAccessor	SOURCE
com.google.gson.internal.ConstructorConstructor	<T>newDefaultConstructor(java.lang.Class<? super T>)	()	com.google.gson.internal.ConstructorConstructor$3	SOURCE
com.google.gson.internal.ConstructorConstructor$3	construct()	newInstance(java.lang.Object...)	java.lang.reflect.Constructor	SOURCE
com.google.gson.internal.ConstructorConstructor$3	construct()	RuntimeException(java.lang.String,java.lang.Throwable)	java.lang.RuntimeException	SOURCE
com.google.gson.internal.ConstructorConstructor$3	construct()	RuntimeException(java.lang.String,java.lang.Throwable)	java.lang.RuntimeException	SOURCE
com.google.gson.internal.ConstructorConstructor$3	construct()	getTargetException()	java.lang.reflect.InvocationTargetException	SOURCE
com.google.gson.internal.ConstructorConstructor$3	construct()	AssertionError(java.lang.Object)	java.lang.AssertionError	SOURCE
com.google.gson.internal.ConstructorConstructor	<T>newDefaultImplementationConstructor(java.lang.reflect.Type,java.lang.Class<? super T>)	isAssignableFrom(java.lang.Class<?>)	java.lang.Class	SOURCE
com.google.gson.internal.ConstructorConstructor	<T>newDefaultImplementationConstructor(java.lang.reflect.Type,java.lang.Class<? super T>)	isAssignableFrom(java.lang.Class<?>)	java.lang.Class	SOURCE
com.google.gson.internal.ConstructorConstructor	<T>newDefaultImplementationConstructor(java.lang.reflect.Type,java.lang.Class<? super T>)	()	com.google.gson.internal.ConstructorConstructor$4	SOURCE
com.google.gson.internal.ConstructorConstructor$4	construct()	TreeSet()	java.util.TreeSet	SOURCE
com.google.gson.internal.ConstructorConstructor	<T>newDefaultImplementationConstructor(java.lang.reflect.Type,java.lang.Class<? super T>)	isAssignableFrom(java.lang.Class<?>)	java.lang.Class	SOURCE
com.google.gson.internal.ConstructorConstructor	<T>newDefaultImplementationConstructor(java.lang.reflect.Type,java.lang.Class<? super T>)	()	com.google.gson.internal.ConstructorConstructor$5	SOURCE
com.google.gson.internal.ConstructorConstructor$5	construct()	getActualTypeArguments()	java.lang.reflect.ParameterizedType	SOURCE
com.google.gson.internal.ConstructorConstructor$5	construct()	<E>noneOf(java.lang.Class<E>)	java.util.EnumSet	SOURCE
com.google.gson.internal.ConstructorConstructor$5	construct()	JsonIOException(java.lang.String)	com.google.gson.JsonIOException	SOURCE
com.google.gson.internal.ConstructorConstructor$5	construct()	toString()	java.lang.Object	SOURCE
com.google.gson.internal.ConstructorConstructor$5	construct()	JsonIOException(java.lang.String)	com.google.gson.JsonIOException	SOURCE
com.google.gson.internal.ConstructorConstructor$5	construct()	toString()	java.lang.Object	SOURCE
com.google.gson.internal.ConstructorConstructor	<T>newDefaultImplementationConstructor(java.lang.reflect.Type,java.lang.Class<? super T>)	isAssignableFrom(java.lang.Class<?>)	java.lang.Class	SOURCE
com.google.gson.internal.ConstructorConstructor	<T>newDefaultImplementationConstructor(java.lang.reflect.Type,java.lang.Class<? super T>)	()	com.google.gson.internal.ConstructorConstructor$6	SOURCE
com.google.gson.internal.ConstructorConstructor$6	construct()	LinkedHashSet()	java.util.LinkedHashSet	SOURCE
com.google.gson.internal.ConstructorConstructor	<T>newDefaultImplementationConstructor(java.lang.reflect.Type,java.lang.Class<? super T>)	isAssignableFrom(java.lang.Class<?>)	java.lang.Class	SOURCE
com.google.gson.internal.ConstructorConstructor	<T>newDefaultImplementationConstructor(java.lang.reflect.Type,java.lang.Class<? super T>)	()	com.google.gson.internal.ConstructorConstructor$7	SOURCE
com.google.gson.internal.ConstructorConstructor$7	construct()	ArrayDeque()	java.util.ArrayDeque	SOURCE
com.google.gson.internal.ConstructorConstructor	<T>newDefaultImplementationConstructor(java.lang.reflect.Type,java.lang.Class<? super T>)	()	com.google.gson.internal.ConstructorConstructor$8	SOURCE
com.google.gson.internal.ConstructorConstructor$8	construct()	ArrayList()	java.util.ArrayList	SOURCE
com.google.gson.internal.ConstructorConstructor	<T>newDefaultImplementationConstructor(java.lang.reflect.Type,java.lang.Class<? super T>)	isAssignableFrom(java.lang.Class<?>)	java.lang.Class	SOURCE
com.google.gson.internal.ConstructorConstructor	<T>newDefaultImplementationConstructor(java.lang.reflect.Type,java.lang.Class<? super T>)	isAssignableFrom(java.lang.Class<?>)	java.lang.Class	SOURCE
com.google.gson.internal.ConstructorConstructor	<T>newDefaultImplementationConstructor(java.lang.reflect.Type,java.lang.Class<? super T>)	()	com.google.gson.internal.ConstructorConstructor$9	SOURCE
com.google.gson.internal.ConstructorConstructor$9	construct()	ConcurrentSkipListMap()	java.util.concurrent.ConcurrentSkipListMap	SOURCE
com.google.gson.internal.ConstructorConstructor	<T>newDefaultImplementationConstructor(java.lang.reflect.Type,java.lang.Class<? super T>)	isAssignableFrom(java.lang.Class<?>)	java.lang.Class	SOURCE
com.google.gson.internal.ConstructorConstructor	<T>newDefaultImplementationConstructor(java.lang.reflect.Type,java.lang.Class<? super T>)	()	com.google.gson.internal.ConstructorConstructor$10	SOURCE
com.google.gson.internal.ConstructorConstructor$10	construct()	ConcurrentHashMap()	java.util.concurrent.ConcurrentHashMap	SOURCE
com.google.gson.internal.ConstructorConstructor	<T>newDefaultImplementationConstructor(java.lang.reflect.Type,java.lang.Class<? super T>)	isAssignableFrom(java.lang.Class<?>)	java.lang.Class	SOURCE
com.google.gson.internal.ConstructorConstructor	<T>newDefaultImplementationConstructor(java.lang.reflect.Type,java.lang.Class<? super T>)	()	com.google.gson.internal.ConstructorConstructor$11	SOURCE
com.google.gson.internal.ConstructorConstructor$11	construct()	TreeMap()	java.util.TreeMap	SOURCE
com.google.gson.internal.ConstructorConstructor	<T>newDefaultImplementationConstructor(java.lang.reflect.Type,java.lang.Class<? super T>)	isAssignableFrom(java.lang.Class<?>)	java.lang.Class	SOURCE
com.google.gson.internal.ConstructorConstructor	<T>newDefaultImplementationConstructor(java.lang.reflect.Type,java.lang.Class<? super T>)	getRawType()	com.google.gson.reflect.TypeToken	SOURCE
com.google.gson.internal.ConstructorConstructor	<T>newDefaultImplementationConstructor(java.lang.reflect.Type,java.lang.Class<? super T>)	get(java.lang.reflect.Type)	com.google.gson.reflect.TypeToken	SOURCE
com.google.gson.internal.ConstructorConstructor	<T>newDefaultImplementationConstructor(java.lang.reflect.Type,java.lang.Class<? super T>)	getActualTypeArguments()	java.lang.reflect.ParameterizedType	SOURCE
com.google.gson.internal.ConstructorConstructor	<T>newDefaultImplementationConstructor(java.lang.reflect.Type,java.lang.Class<? super T>)	()	com.google.gson.internal.ConstructorConstructor$12	SOURCE
com.google.gson.internal.ConstructorConstructor$12	construct()	LinkedHashMap()	java.util.LinkedHashMap	SOURCE
com.google.gson.internal.ConstructorConstructor	<T>newDefaultImplementationConstructor(java.lang.reflect.Type,java.lang.Class<? super T>)	()	com.google.gson.internal.ConstructorConstructor$13	SOURCE
com.google.gson.internal.ConstructorConstructor$13	construct()	LinkedTreeMap()	com.google.gson.internal.LinkedTreeMap	SOURCE
com.google.gson.internal.ConstructorConstructor	<T>newUnsafeAllocator(java.lang.reflect.Type,java.lang.Class<? super T>)	()	com.google.gson.internal.ConstructorConstructor$14	SOURCE
com.google.gson.internal.ConstructorConstructor$14	unsafeAllocator	create()	com.google.gson.internal.UnsafeAllocator	SOURCE
com.google.gson.internal.ConstructorConstructor$14	construct()	<T>newInstance(java.lang.Class<T>)	com.google.gson.internal.UnsafeAllocator	SOURCE
com.google.gson.internal.ConstructorConstructor$14	construct()	RuntimeException(java.lang.String,java.lang.Throwable)	java.lang.RuntimeException	SOURCE
com.google.gson.internal.ConstructorConstructor	toString()	toString()	java.lang.Object	SOURCE
com.google.gson.internal.bind.JsonAdapterAnnotationTypeAdapterFactory	JsonAdapterAnnotationTypeAdapterFactory(com.google.gson.internal.ConstructorConstructor)	Object()	java.lang.Object	SOURCE
com.google.gson.internal.bind.JsonAdapterAnnotationTypeAdapterFactory	<T>create(com.google.gson.Gson,com.google.gson.reflect.TypeToken<T>)	getRawType()	com.google.gson.reflect.TypeToken	SOURCE
com.google.gson.internal.bind.JsonAdapterAnnotationTypeAdapterFactory	<T>create(com.google.gson.Gson,com.google.gson.reflect.TypeToken<T>)	<A>getAnnotation(java.lang.Class<A>)	java.lang.Class	SOURCE
com.google.gson.internal.bind.JsonAdapterAnnotationTypeAdapterFactory	<T>create(com.google.gson.Gson,com.google.gson.reflect.TypeToken<T>)	getTypeAdapter(com.google.gson.internal.ConstructorConstructor,com.google.gson.Gson,com.google.gson.reflect.TypeToken<?>,com.google.gson.annotations.JsonAdapter)	com.google.gson.internal.bind.JsonAdapterAnnotationTypeAdapterFactory	SOURCE
com.google.gson.internal.bind.JsonAdapterAnnotationTypeAdapterFactory	getTypeAdapter(com.google.gson.internal.ConstructorConstructor,com.google.gson.Gson,com.google.gson.reflect.TypeToken<?>,com.google.gson.annotations.JsonAdapter)	construct()	com.google.gson.internal.ObjectConstructor	SOURCE
com.google.gson.internal.bind.JsonAdapterAnnotationTypeAdapterFactory	getTypeAdapter(com.google.gson.internal.ConstructorConstructor,com.google.gson.Gson,com.google.gson.reflect.TypeToken<?>,com.google.gson.annotations.JsonAdapter)	<T>get(com.google.gson.reflect.TypeToken<T>)	com.google.gson.internal.ConstructorConstructor	SOURCE
com.google.gson.internal.bind.JsonAdapterAnnotationTypeAdapterFactory	getTypeAdapter(com.google.gson.internal.ConstructorConstructor,com.google.gson.Gson,com.google.gson.reflect.TypeToken<?>,com.google.gson.annotations.JsonAdapter)	<T>get(java.lang.Class<T>)	com.google.gson.reflect.TypeToken	SOURCE
com.google.gson.internal.bind.JsonAdapterAnnotationTypeAdapterFactory	getTypeAdapter(com.google.gson.internal.ConstructorConstructor,com.google.gson.Gson,com.google.gson.reflect.TypeToken<?>,com.google.gson.annotations.JsonAdapter)	value()	com.google.gson.annotations.JsonAdapter	SOURCE
com.google.gson.internal.bind.JsonAdapterAnnotationTypeAdapterFactory	getTypeAdapter(com.google.gson.internal.ConstructorConstructor,com.google.gson.Gson,com.google.gson.reflect.TypeToken<?>,com.google.gson.annotations.JsonAdapter)	<T>create(com.google.gson.Gson,com.google.gson.reflect.TypeToken<T>)	com.google.gson.TypeAdapterFactory	SOURCE
com.google.gson.internal.bind.JsonAdapterAnnotationTypeAdapterFactory	getTypeAdapter(com.google.gson.internal.ConstructorConstructor,com.google.gson.Gson,com.google.gson.reflect.TypeToken<?>,com.google.gson.annotations.JsonAdapter)	TreeTypeAdapter(com.google.gson.JsonSerializer<T>,com.google.gson.JsonDeserializer<T>,com.google.gson.Gson,com.google.gson.reflect.TypeToken<T>,com.google.gson.TypeAdapterFactory)	com.google.gson.internal.bind.TreeTypeAdapter	SOURCE
com.google.gson.internal.bind.JsonAdapterAnnotationTypeAdapterFactory	getTypeAdapter(com.google.gson.internal.ConstructorConstructor,com.google.gson.Gson,com.google.gson.reflect.TypeToken<?>,com.google.gson.annotations.JsonAdapter)	IllegalArgumentException(java.lang.String)	java.lang.IllegalArgumentException	SOURCE
com.google.gson.internal.bind.JsonAdapterAnnotationTypeAdapterFactory	getTypeAdapter(com.google.gson.internal.ConstructorConstructor,com.google.gson.Gson,com.google.gson.reflect.TypeToken<?>,com.google.gson.annotations.JsonAdapter)	getName()	java.lang.Class	SOURCE
com.google.gson.internal.bind.JsonAdapterAnnotationTypeAdapterFactory	getTypeAdapter(com.google.gson.internal.ConstructorConstructor,com.google.gson.Gson,com.google.gson.reflect.TypeToken<?>,com.google.gson.annotations.JsonAdapter)	getClass()	java.lang.Object	SOURCE
com.google.gson.internal.bind.JsonAdapterAnnotationTypeAdapterFactory	getTypeAdapter(com.google.gson.internal.ConstructorConstructor,com.google.gson.Gson,com.google.gson.reflect.TypeToken<?>,com.google.gson.annotations.JsonAdapter)	toString()	com.google.gson.reflect.TypeToken	SOURCE
com.google.gson.internal.bind.JsonAdapterAnnotationTypeAdapterFactory	getTypeAdapter(com.google.gson.internal.ConstructorConstructor,com.google.gson.Gson,com.google.gson.reflect.TypeToken<?>,com.google.gson.annotations.JsonAdapter)	nullSafe()	com.google.gson.annotations.JsonAdapter	SOURCE
com.google.gson.internal.bind.JsonAdapterAnnotationTypeAdapterFactory	getTypeAdapter(com.google.gson.internal.ConstructorConstructor,com.google.gson.Gson,com.google.gson.reflect.TypeToken<?>,com.google.gson.annotations.JsonAdapter)	nullSafe()	com.google.gson.TypeAdapter	SOURCE
com.google.gson.GsonBuilder	instanceCreators	HashMap()	java.util.HashMap	SOURCE
com.google.gson.GsonBuilder	factories	ArrayList()	java.util.ArrayList	SOURCE
com.google.gson.GsonBuilder	hierarchyFactories	ArrayList()	java.util.ArrayList	SOURCE
com.google.gson.GsonBuilder	GsonBuilder()	Object()	java.lang.Object	SOURCE
com.google.gson.GsonBuilder	GsonBuilder(com.google.gson.Gson)	Object()	java.lang.Object	SOURCE
com.google.gson.GsonBuilder	GsonBuilder(com.google.gson.Gson)	putAll(java.util.Map<? extends K,? extends V>)	java.util.Map	SOURCE
com.google.gson.GsonBuilder	GsonBuilder(com.google.gson.Gson)	addAll(java.util.Collection<? extends E>)	java.util.List	SOURCE
com.google.gson.GsonBuilder	GsonBuilder(com.google.gson.Gson)	addAll(java.util.Collection<? extends E>)	java.util.List	SOURCE
com.google.gson.GsonBuilder	setVersion(double)	withVersion(double)	com.google.gson.internal.Excluder	SOURCE
com.google.gson.GsonBuilder	excludeFieldsWithModifiers(int...)	withModifiers(int...)	com.google.gson.internal.Excluder	SOURCE
com.google.gson.GsonBuilder	excludeFieldsWithoutExposeAnnotation()	excludeFieldsWithoutExposeAnnotation()	com.google.gson.internal.Excluder	SOURCE
com.google.gson.GsonBuilder	disableInnerClassSerialization()	disableInnerClassSerialization()	com.google.gson.internal.Excluder	SOURCE
com.google.gson.GsonBuilder	setExclusionStrategies(com.google.gson.ExclusionStrategy...)	withExclusionStrategy(com.google.gson.ExclusionStrategy,boolean,boolean)	com.google.gson.internal.Excluder	SOURCE
com.google.gson.GsonBuilder	addSerializationExclusionStrategy(com.google.gson.ExclusionStrategy)	withExclusionStrategy(com.google.gson.ExclusionStrategy,boolean,boolean)	com.google.gson.internal.Excluder	SOURCE
com.google.gson.GsonBuilder	addDeserializationExclusionStrategy(com.google.gson.ExclusionStrategy)	withExclusionStrategy(com.google.gson.ExclusionStrategy,boolean,boolean)	com.google.gson.internal.Excluder	SOURCE
com.google.gson.GsonBuilder	registerTypeAdapter(java.lang.reflect.Type,java.lang.Object)	checkArgument(boolean)	com.google.gson.internal.$Gson$Preconditions	SOURCE
com.google.gson.GsonBuilder	registerTypeAdapter(java.lang.reflect.Type,java.lang.Object)	put(K,V)	java.util.Map	SOURCE
com.google.gson.GsonBuilder	registerTypeAdapter(java.lang.reflect.Type,java.lang.Object)	get(java.lang.reflect.Type)	com.google.gson.reflect.TypeToken	SOURCE
com.google.gson.GsonBuilder	registerTypeAdapter(java.lang.reflect.Type,java.lang.Object)	add(E)	java.util.List	SOURCE
com.google.gson.GsonBuilder	registerTypeAdapter(java.lang.reflect.Type,java.lang.Object)	newFactoryWithMatchRawType(com.google.gson.reflect.TypeToken<?>,java.lang.Object)	com.google.gson.internal.bind.TreeTypeAdapter	SOURCE
com.google.gson.GsonBuilder	registerTypeAdapter(java.lang.reflect.Type,java.lang.Object)	add(E)	java.util.List	SOURCE
com.google.gson.GsonBuilder	registerTypeAdapter(java.lang.reflect.Type,java.lang.Object)	<TT>newFactory(com.google.gson.reflect.TypeToken<TT>,com.google.gson.TypeAdapter<TT>)	com.google.gson.internal.bind.TypeAdapters	SOURCE
com.google.gson.GsonBuilder	registerTypeAdapter(java.lang.reflect.Type,java.lang.Object)	get(java.lang.reflect.Type)	com.google.gson.reflect.TypeToken	SOURCE
com.google.gson.GsonBuilder	registerTypeAdapterFactory(com.google.gson.TypeAdapterFactory)	add(E)	java.util.List	SOURCE
com.google.gson.GsonBuilder	registerTypeHierarchyAdapter(java.lang.Class<?>,java.lang.Object)	checkArgument(boolean)	com.google.gson.internal.$Gson$Preconditions	SOURCE
com.google.gson.GsonBuilder	registerTypeHierarchyAdapter(java.lang.Class<?>,java.lang.Object)	add(E)	java.util.List	SOURCE
com.google.gson.GsonBuilder	registerTypeHierarchyAdapter(java.lang.Class<?>,java.lang.Object)	newTypeHierarchyFactory(java.lang.Class<?>,java.lang.Object)	com.google.gson.internal.bind.TreeTypeAdapter	SOURCE
com.google.gson.GsonBuilder	registerTypeHierarchyAdapter(java.lang.Class<?>,java.lang.Object)	add(E)	java.util.List	SOURCE
com.google.gson.GsonBuilder	registerTypeHierarchyAdapter(java.lang.Class<?>,java.lang.Object)	<T1>newTypeHierarchyFactory(java.lang.Class<T1>,com.google.gson.TypeAdapter<T1>)	com.google.gson.internal.bind.TypeAdapters	SOURCE
com.google.gson.GsonBuilder	create()	ArrayList(int)	java.util.ArrayList	SOURCE
com.google.gson.GsonBuilder	create()	size()	java.util.List	SOURCE
com.google.gson.GsonBuilder	create()	size()	java.util.List	SOURCE
com.google.gson.GsonBuilder	create()	addAll(java.util.Collection<? extends E>)	java.util.List	SOURCE
com.google.gson.GsonBuilder	create()	reverse(java.util.List<?>)	java.util.Collections	SOURCE
com.google.gson.GsonBuilder	create()	ArrayList(java.util.Collection<? extends E>)	java.util.ArrayList	SOURCE
com.google.gson.GsonBuilder	create()	reverse(java.util.List<?>)	java.util.Collections	SOURCE
com.google.gson.GsonBuilder	create()	addAll(java.util.Collection<? extends E>)	java.util.List	SOURCE
com.google.gson.GsonBuilder	create()	addTypeAdaptersForDate(java.lang.String,int,int,java.util.List<com.google.gson.TypeAdapterFactory>)	com.google.gson.GsonBuilder	SOURCE
com.google.gson.GsonBuilder	create()	Gson(com.google.gson.internal.Excluder,com.google.gson.FieldNamingStrategy,java.util.Map<java.lang.reflect.Type,com.google.gson.InstanceCreator<?>>,boolean,boolean,boolean,boolean,boolean,boolean,boolean,com.google.gson.LongSerializationPolicy,java.lang.String,int,int,java.util.List<com.google.gson.TypeAdapterFactory>,java.util.List<com.google.gson.TypeAdapterFactory>,java.util.List<com.google.gson.TypeAdapterFactory>)	com.google.gson.Gson	SOURCE
com.google.gson.GsonBuilder	addTypeAdaptersForDate(java.lang.String,int,int,java.util.List<com.google.gson.TypeAdapterFactory>)	equals(java.lang.Object)	java.lang.String	SOURCE
com.google.gson.GsonBuilder	addTypeAdaptersForDate(java.lang.String,int,int,java.util.List<com.google.gson.TypeAdapterFactory>)	trim()	java.lang.String	SOURCE
com.google.gson.GsonBuilder	addTypeAdaptersForDate(java.lang.String,int,int,java.util.List<com.google.gson.TypeAdapterFactory>)	DefaultDateTypeAdapter(java.lang.Class<? extends java.util.Date>,java.lang.String)	com.google.gson.DefaultDateTypeAdapter	SOURCE
com.google.gson.GsonBuilder	addTypeAdaptersForDate(java.lang.String,int,int,java.util.List<com.google.gson.TypeAdapterFactory>)	DefaultDateTypeAdapter(java.lang.Class<? extends java.util.Date>,java.lang.String)	com.google.gson.DefaultDateTypeAdapter	SOURCE
com.google.gson.GsonBuilder	addTypeAdaptersForDate(java.lang.String,int,int,java.util.List<com.google.gson.TypeAdapterFactory>)	DefaultDateTypeAdapter(java.lang.Class<? extends java.util.Date>,java.lang.String)	com.google.gson.DefaultDateTypeAdapter	SOURCE
com.google.gson.GsonBuilder	addTypeAdaptersForDate(java.lang.String,int,int,java.util.List<com.google.gson.TypeAdapterFactory>)	DefaultDateTypeAdapter(java.lang.Class<? extends java.util.Date>,int,int)	com.google.gson.DefaultDateTypeAdapter	SOURCE
com.google.gson.GsonBuilder	addTypeAdaptersForDate(java.lang.String,int,int,java.util.List<com.google.gson.TypeAdapterFactory>)	DefaultDateTypeAdapter(java.lang.Class<? extends java.util.Date>,int,int)	com.google.gson.DefaultDateTypeAdapter	SOURCE
com.google.gson.GsonBuilder	addTypeAdaptersForDate(java.lang.String,int,int,java.util.List<com.google.gson.TypeAdapterFactory>)	DefaultDateTypeAdapter(java.lang.Class<? extends java.util.Date>,int,int)	com.google.gson.DefaultDateTypeAdapter	SOURCE
com.google.gson.GsonBuilder	addTypeAdaptersForDate(java.lang.String,int,int,java.util.List<com.google.gson.TypeAdapterFactory>)	add(E)	java.util.List	SOURCE
com.google.gson.GsonBuilder	addTypeAdaptersForDate(java.lang.String,int,int,java.util.List<com.google.gson.TypeAdapterFactory>)	<TT>newFactory(java.lang.Class<TT>,com.google.gson.TypeAdapter<TT>)	com.google.gson.internal.bind.TypeAdapters	SOURCE
com.google.gson.GsonBuilder	addTypeAdaptersForDate(java.lang.String,int,int,java.util.List<com.google.gson.TypeAdapterFactory>)	add(E)	java.util.List	SOURCE
com.google.gson.GsonBuilder	addTypeAdaptersForDate(java.lang.String,int,int,java.util.List<com.google.gson.TypeAdapterFactory>)	<TT>newFactory(java.lang.Class<TT>,com.google.gson.TypeAdapter<TT>)	com.google.gson.internal.bind.TypeAdapters	SOURCE
com.google.gson.GsonBuilder	addTypeAdaptersForDate(java.lang.String,int,int,java.util.List<com.google.gson.TypeAdapterFactory>)	add(E)	java.util.List	SOURCE
com.google.gson.GsonBuilder	addTypeAdaptersForDate(java.lang.String,int,int,java.util.List<com.google.gson.TypeAdapterFactory>)	<TT>newFactory(java.lang.Class<TT>,com.google.gson.TypeAdapter<TT>)	com.google.gson.internal.bind.TypeAdapters	SOURCE
com.google.gson.JsonIOException	JsonIOException(java.lang.String)	JsonParseException(java.lang.String)	com.google.gson.JsonParseException	SOURCE
com.google.gson.JsonIOException	JsonIOException(java.lang.String,java.lang.Throwable)	JsonParseException(java.lang.String,java.lang.Throwable)	com.google.gson.JsonParseException	SOURCE
com.google.gson.JsonIOException	JsonIOException(java.lang.Throwable)	JsonParseException(java.lang.Throwable)	com.google.gson.JsonParseException	SOURCE
com.google.gson.JsonSyntaxException	JsonSyntaxException(java.lang.String)	JsonParseException(java.lang.String)	com.google.gson.JsonParseException	SOURCE
com.google.gson.JsonSyntaxException	JsonSyntaxException(java.lang.String,java.lang.Throwable)	JsonParseException(java.lang.String,java.lang.Throwable)	com.google.gson.JsonParseException	SOURCE
com.google.gson.JsonSyntaxException	JsonSyntaxException(java.lang.Throwable)	JsonParseException(java.lang.Throwable)	com.google.gson.JsonParseException	SOURCE
com.google.gson.FieldNamingPolicy	IDENTITY	()	com.google.gson.FieldNamingPolicy$1	SOURCE
com.google.gson.FieldNamingPolicy$1	translateName(java.lang.reflect.Field)	getName()	java.lang.reflect.Field	SOURCE
com.google.gson.FieldNamingPolicy	UPPER_CAMEL_CASE	()	com.google.gson.FieldNamingPolicy$2	SOURCE
com.google.gson.FieldNamingPolicy$2	translateName(java.lang.reflect.Field)	upperCaseFirstLetter(java.lang.String)	com.google.gson.FieldNamingPolicy	SOURCE
com.google.gson.FieldNamingPolicy$2	translateName(java.lang.reflect.Field)	getName()	java.lang.reflect.Field	SOURCE
com.google.gson.FieldNamingPolicy	UPPER_CAMEL_CASE_WITH_SPACES	()	com.google.gson.FieldNamingPolicy$3	SOURCE
com.google.gson.FieldNamingPolicy$3	translateName(java.lang.reflect.Field)	upperCaseFirstLetter(java.lang.String)	com.google.gson.FieldNamingPolicy	SOURCE
com.google.gson.FieldNamingPolicy$3	translateName(java.lang.reflect.Field)	separateCamelCase(java.lang.String,java.lang.String)	com.google.gson.FieldNamingPolicy	SOURCE
com.google.gson.FieldNamingPolicy$3	translateName(java.lang.reflect.Field)	getName()	java.lang.reflect.Field	SOURCE
com.google.gson.FieldNamingPolicy	LOWER_CASE_WITH_UNDERSCORES	()	com.google.gson.FieldNamingPolicy$4	SOURCE
com.google.gson.FieldNamingPolicy$4	translateName(java.lang.reflect.Field)	toLowerCase(java.util.Locale)	java.lang.String	SOURCE
com.google.gson.FieldNamingPolicy$4	translateName(java.lang.reflect.Field)	separateCamelCase(java.lang.String,java.lang.String)	com.google.gson.FieldNamingPolicy	SOURCE
com.google.gson.FieldNamingPolicy$4	translateName(java.lang.reflect.Field)	getName()	java.lang.reflect.Field	SOURCE
com.google.gson.FieldNamingPolicy	LOWER_CASE_WITH_DASHES	()	com.google.gson.FieldNamingPolicy$5	SOURCE
com.google.gson.FieldNamingPolicy$5	translateName(java.lang.reflect.Field)	toLowerCase(java.util.Locale)	java.lang.String	SOURCE
com.google.gson.FieldNamingPolicy$5	translateName(java.lang.reflect.Field)	separateCamelCase(java.lang.String,java.lang.String)	com.google.gson.FieldNamingPolicy	SOURCE
com.google.gson.FieldNamingPolicy$5	translateName(java.lang.reflect.Field)	getName()	java.lang.reflect.Field	SOURCE
com.google.gson.FieldNamingPolicy	LOWER_CASE_WITH_DOTS	()	com.google.gson.FieldNamingPolicy$6	SOURCE
com.google.gson.FieldNamingPolicy$6	translateName(java.lang.reflect.Field)	toLowerCase(java.util.Locale)	java.lang.String	SOURCE
com.google.gson.FieldNamingPolicy$6	translateName(java.lang.reflect.Field)	separateCamelCase(java.lang.String,java.lang.String)	com.google.gson.FieldNamingPolicy	SOURCE
com.google.gson.FieldNamingPolicy$6	translateName(java.lang.reflect.Field)	getName()	java.lang.reflect.Field	SOURCE
com.google.gson.FieldNamingPolicy	separateCamelCase(java.lang.String,java.lang.String)	StringBuilder()	java.lang.StringBuilder	SOURCE
com.google.gson.FieldNamingPolicy	separateCamelCase(java.lang.String,java.lang.String)	length()	java.lang.String	SOURCE
com.google.gson.FieldNamingPolicy	separateCamelCase(java.lang.String,java.lang.String)	charAt(int)	java.lang.String	SOURCE
com.google.gson.FieldNamingPolicy	separateCamelCase(java.lang.String,java.lang.String)	isUpperCase(char)	java.lang.Character	SOURCE
com.google.gson.FieldNamingPolicy	separateCamelCase(java.lang.String,java.lang.String)	length()	java.lang.AbstractStringBuilder	SOURCE
com.google.gson.FieldNamingPolicy	separateCamelCase(java.lang.String,java.lang.String)	append(java.lang.String)	java.lang.StringBuilder	SOURCE
com.google.gson.FieldNamingPolicy	separateCamelCase(java.lang.String,java.lang.String)	append(char)	java.lang.StringBuilder	SOURCE
com.google.gson.FieldNamingPolicy	separateCamelCase(java.lang.String,java.lang.String)	toString()	java.lang.StringBuilder	SOURCE
com.google.gson.FieldNamingPolicy	upperCaseFirstLetter(java.lang.String)	length()	java.lang.String	SOURCE
com.google.gson.FieldNamingPolicy	upperCaseFirstLetter(java.lang.String)	isLetter(char)	java.lang.Character	SOURCE
com.google.gson.FieldNamingPolicy	upperCaseFirstLetter(java.lang.String)	charAt(int)	java.lang.String	SOURCE
com.google.gson.FieldNamingPolicy	upperCaseFirstLetter(java.lang.String)	charAt(int)	java.lang.String	SOURCE
com.google.gson.FieldNamingPolicy	upperCaseFirstLetter(java.lang.String)	isUpperCase(char)	java.lang.Character	SOURCE
com.google.gson.FieldNamingPolicy	upperCaseFirstLetter(java.lang.String)	toUpperCase(char)	java.lang.Character	SOURCE
com.google.gson.FieldNamingPolicy	upperCaseFirstLetter(java.lang.String)	substring(int)	java.lang.String	SOURCE
com.google.gson.FieldNamingPolicy	upperCaseFirstLetter(java.lang.String)	substring(int,int)	java.lang.String	SOURCE
com.google.gson.FieldNamingPolicy	upperCaseFirstLetter(java.lang.String)	substring(int)	java.lang.String	SOURCE
com.google.gson.FieldAttributes	FieldAttributes(java.lang.reflect.Field)	Object()	java.lang.Object	SOURCE
com.google.gson.FieldAttributes	FieldAttributes(java.lang.reflect.Field)	<T>checkNotNull(T)	com.google.gson.internal.$Gson$Preconditions	SOURCE
com.google.gson.FieldAttributes	getDeclaringClass()	getDeclaringClass()	java.lang.reflect.Field	SOURCE
com.google.gson.FieldAttributes	getName()	getName()	java.lang.reflect.Field	SOURCE
com.google.gson.FieldAttributes	getDeclaredType()	getGenericType()	java.lang.reflect.Field	SOURCE
com.google.gson.FieldAttributes	getDeclaredClass()	getType()	java.lang.reflect.Field	SOURCE
com.google.gson.FieldAttributes	<T>getAnnotation(java.lang.Class<T>)	<T>getAnnotation(java.lang.Class<T>)	java.lang.reflect.Field	SOURCE
com.google.gson.FieldAttributes	getAnnotations()	<T>asList(T...)	java.util.Arrays	SOURCE
com.google.gson.FieldAttributes	getAnnotations()	getAnnotations()	java.lang.reflect.AccessibleObject	SOURCE
com.google.gson.FieldAttributes	hasModifier(int)	getModifiers()	java.lang.reflect.Field	SOURCE
com.google.gson.FieldAttributes	get(java.lang.Object)	get(java.lang.Object)	java.lang.reflect.Field	SOURCE
com.google.gson.FieldAttributes	isSynthetic()	isSynthetic()	java.lang.reflect.Field	SOURCE
=======
com.google.gson.internal.Streams	Streams()	Object()	java.lang.Object	SOURCE
com.google.gson.internal.Streams	Streams()	UnsupportedOperationException()	java.lang.UnsupportedOperationException	SOURCE
com.google.gson.internal.Streams	parse(com.google.gson.stream.JsonReader)	peek()	com.google.gson.stream.JsonReader	SOURCE
com.google.gson.internal.Streams	parse(com.google.gson.stream.JsonReader)	read(com.google.gson.stream.JsonReader)	com.google.gson.TypeAdapter	SOURCE
com.google.gson.internal.Streams	parse(com.google.gson.stream.JsonReader)	JsonSyntaxException(java.lang.Throwable)	com.google.gson.JsonSyntaxException	SOURCE
com.google.gson.internal.Streams	parse(com.google.gson.stream.JsonReader)	JsonSyntaxException(java.lang.Throwable)	com.google.gson.JsonSyntaxException	SOURCE
com.google.gson.internal.Streams	parse(com.google.gson.stream.JsonReader)	JsonIOException(java.lang.Throwable)	com.google.gson.JsonIOException	SOURCE
com.google.gson.internal.Streams	parse(com.google.gson.stream.JsonReader)	JsonSyntaxException(java.lang.Throwable)	com.google.gson.JsonSyntaxException	SOURCE
com.google.gson.internal.Streams	write(com.google.gson.JsonElement,com.google.gson.stream.JsonWriter)	write(com.google.gson.stream.JsonWriter,T)	com.google.gson.TypeAdapter	SOURCE
com.google.gson.internal.Streams	writerForAppendable(java.lang.Appendable)	AppendableWriter(java.lang.Appendable)	com.google.gson.internal.Streams$AppendableWriter	SOURCE
com.google.gson.internal.Streams$AppendableWriter	currentWrite	CurrentWrite()	com.google.gson.internal.Streams$AppendableWriter$CurrentWrite	SOURCE
com.google.gson.internal.Streams$AppendableWriter	AppendableWriter(java.lang.Appendable)	Writer()	java.io.Writer	SOURCE
com.google.gson.internal.Streams$AppendableWriter	write(char[],int,int)	append(java.lang.CharSequence,int,int)	java.lang.Appendable	SOURCE
com.google.gson.internal.Streams$AppendableWriter	write(int)	append(char)	java.lang.Appendable	SOURCE
com.google.gson.internal.Streams$AppendableWriter$CurrentWrite	subSequence(int,int)	String(char[],int,int)	java.lang.String	SOURCE
com.google.gson.internal.LazilyParsedNumber	LazilyParsedNumber(java.lang.String)	Number()	java.lang.Number	SOURCE
com.google.gson.internal.LazilyParsedNumber	intValue()	parseInt(java.lang.String)	java.lang.Integer	SOURCE
com.google.gson.internal.LazilyParsedNumber	intValue()	parseLong(java.lang.String)	java.lang.Long	SOURCE
com.google.gson.internal.LazilyParsedNumber	intValue()	intValue()	java.math.BigDecimal	SOURCE
com.google.gson.internal.LazilyParsedNumber	intValue()	BigDecimal(java.lang.String)	java.math.BigDecimal	SOURCE
com.google.gson.internal.LazilyParsedNumber	longValue()	parseLong(java.lang.String)	java.lang.Long	SOURCE
com.google.gson.internal.LazilyParsedNumber	longValue()	longValue()	java.math.BigDecimal	SOURCE
com.google.gson.internal.LazilyParsedNumber	longValue()	BigDecimal(java.lang.String)	java.math.BigDecimal	SOURCE
com.google.gson.internal.LazilyParsedNumber	floatValue()	parseFloat(java.lang.String)	java.lang.Float	SOURCE
com.google.gson.internal.LazilyParsedNumber	doubleValue()	parseDouble(java.lang.String)	java.lang.Double	SOURCE
com.google.gson.internal.LazilyParsedNumber	writeReplace()	BigDecimal(java.lang.String)	java.math.BigDecimal	SOURCE
com.google.gson.internal.LazilyParsedNumber	hashCode()	hashCode()	java.lang.String	SOURCE
com.google.gson.internal.LazilyParsedNumber	equals(java.lang.Object)	equals(java.lang.Object)	java.lang.String	SOURCE
com.google.gson.internal.Primitives	Primitives()	Object()	java.lang.Object	SOURCE
com.google.gson.internal.Primitives	isPrimitive(java.lang.reflect.Type)	isPrimitive()	java.lang.Class	SOURCE
>>>>>>> base
com.google.gson.internal.JavaVersion	majorJavaVersion	determineMajorJavaVersion()	com.google.gson.internal.JavaVersion	SOURCE
com.google.gson.internal.JavaVersion	determineMajorJavaVersion()	getProperty(java.lang.String)	java.lang.System	SOURCE
com.google.gson.internal.JavaVersion	determineMajorJavaVersion()	getMajorJavaVersion(java.lang.String)	com.google.gson.internal.JavaVersion	SOURCE
com.google.gson.internal.JavaVersion	getMajorJavaVersion(java.lang.String)	parseDotted(java.lang.String)	com.google.gson.internal.JavaVersion	SOURCE
com.google.gson.internal.JavaVersion	getMajorJavaVersion(java.lang.String)	extractBeginningInt(java.lang.String)	com.google.gson.internal.JavaVersion	SOURCE
com.google.gson.internal.JavaVersion	parseDotted(java.lang.String)	split(java.lang.String)	java.lang.String	SOURCE
com.google.gson.internal.JavaVersion	parseDotted(java.lang.String)	parseInt(java.lang.String)	java.lang.Integer	SOURCE
com.google.gson.internal.JavaVersion	parseDotted(java.lang.String)	parseInt(java.lang.String)	java.lang.Integer	SOURCE
com.google.gson.internal.JavaVersion	extractBeginningInt(java.lang.String)	StringBuilder()	java.lang.StringBuilder	SOURCE
com.google.gson.internal.JavaVersion	extractBeginningInt(java.lang.String)	length()	java.lang.String	SOURCE
com.google.gson.internal.JavaVersion	extractBeginningInt(java.lang.String)	charAt(int)	java.lang.String	SOURCE
com.google.gson.internal.JavaVersion	extractBeginningInt(java.lang.String)	isDigit(char)	java.lang.Character	SOURCE
com.google.gson.internal.JavaVersion	extractBeginningInt(java.lang.String)	append(char)	java.lang.StringBuilder	SOURCE
com.google.gson.internal.JavaVersion	extractBeginningInt(java.lang.String)	parseInt(java.lang.String)	java.lang.Integer	SOURCE
com.google.gson.internal.JavaVersion	extractBeginningInt(java.lang.String)	toString()	java.lang.StringBuilder	SOURCE
com.google.gson.internal.JavaVersion	JavaVersion()	Object()	java.lang.Object	SOURCE
<<<<<<< HEAD
=======
com.google.gson.internal.$Gson$Preconditions	$Gson$Preconditions()	Object()	java.lang.Object	SOURCE
com.google.gson.internal.$Gson$Preconditions	$Gson$Preconditions()	UnsupportedOperationException()	java.lang.UnsupportedOperationException	SOURCE
com.google.gson.internal.$Gson$Preconditions	<T>checkNotNull(T)	NullPointerException()	java.lang.NullPointerException	SOURCE
com.google.gson.internal.$Gson$Preconditions	checkArgument(boolean)	IllegalArgumentException()	java.lang.IllegalArgumentException	SOURCE
com.google.gson.internal.reflect.UnsafeReflectionAccessor	theUnsafe	getUnsafeInstance()	com.google.gson.internal.reflect.UnsafeReflectionAccessor	SOURCE
com.google.gson.internal.reflect.UnsafeReflectionAccessor	overrideField	getOverrideField()	com.google.gson.internal.reflect.UnsafeReflectionAccessor	SOURCE
com.google.gson.internal.reflect.UnsafeReflectionAccessor	makeAccessible(java.lang.reflect.AccessibleObject)	makeAccessibleWithUnsafe(java.lang.reflect.AccessibleObject)	com.google.gson.internal.reflect.UnsafeReflectionAccessor	SOURCE
com.google.gson.internal.reflect.UnsafeReflectionAccessor	makeAccessible(java.lang.reflect.AccessibleObject)	setAccessible(boolean)	java.lang.reflect.AccessibleObject	SOURCE
com.google.gson.internal.reflect.UnsafeReflectionAccessor	makeAccessible(java.lang.reflect.AccessibleObject)	JsonIOException(java.lang.String,java.lang.Throwable)	com.google.gson.JsonIOException	SOURCE
com.google.gson.internal.reflect.UnsafeReflectionAccessor	makeAccessibleWithUnsafe(java.lang.reflect.AccessibleObject)	getMethod(java.lang.String,java.lang.Class<?>...)	java.lang.Class	SOURCE
com.google.gson.internal.reflect.UnsafeReflectionAccessor	makeAccessibleWithUnsafe(java.lang.reflect.AccessibleObject)	invoke(java.lang.Object,java.lang.Object...)	java.lang.reflect.Method	SOURCE
com.google.gson.internal.reflect.UnsafeReflectionAccessor	makeAccessibleWithUnsafe(java.lang.reflect.AccessibleObject)	getMethod(java.lang.String,java.lang.Class<?>...)	java.lang.Class	SOURCE
com.google.gson.internal.reflect.UnsafeReflectionAccessor	makeAccessibleWithUnsafe(java.lang.reflect.AccessibleObject)	invoke(java.lang.Object,java.lang.Object...)	java.lang.reflect.Method	SOURCE
com.google.gson.internal.reflect.UnsafeReflectionAccessor	getUnsafeInstance()	forName(java.lang.String)	java.lang.Class	SOURCE
com.google.gson.internal.reflect.UnsafeReflectionAccessor	getUnsafeInstance()	getDeclaredField(java.lang.String)	java.lang.Class	SOURCE
com.google.gson.internal.reflect.UnsafeReflectionAccessor	getUnsafeInstance()	setAccessible(boolean)	java.lang.reflect.Field	SOURCE
com.google.gson.internal.reflect.UnsafeReflectionAccessor	getUnsafeInstance()	get(java.lang.Object)	java.lang.reflect.Field	SOURCE
com.google.gson.internal.reflect.UnsafeReflectionAccessor	getOverrideField()	getDeclaredField(java.lang.String)	java.lang.Class	SOURCE
com.google.gson.internal.reflect.PreJava9ReflectionAccessor	makeAccessible(java.lang.reflect.AccessibleObject)	setAccessible(boolean)	java.lang.reflect.AccessibleObject	SOURCE
com.google.gson.internal.UnsafeAllocator	create()	forName(java.lang.String)	java.lang.Class	SOURCE
com.google.gson.internal.UnsafeAllocator	create()	getDeclaredField(java.lang.String)	java.lang.Class	SOURCE
com.google.gson.internal.UnsafeAllocator	create()	setAccessible(boolean)	java.lang.reflect.Field	SOURCE
com.google.gson.internal.UnsafeAllocator	create()	get(java.lang.Object)	java.lang.reflect.Field	SOURCE
com.google.gson.internal.UnsafeAllocator	create()	getMethod(java.lang.String,java.lang.Class<?>...)	java.lang.Class	SOURCE
com.google.gson.internal.UnsafeAllocator	create()	()	com.google.gson.internal.UnsafeAllocator$1	SOURCE
com.google.gson.internal.UnsafeAllocator$1	<T>newInstance(java.lang.Class<T>)	assertInstantiable(java.lang.Class<?>)	com.google.gson.internal.UnsafeAllocator	SOURCE
com.google.gson.internal.UnsafeAllocator$1	<T>newInstance(java.lang.Class<T>)	invoke(java.lang.Object,java.lang.Object...)	java.lang.reflect.Method	SOURCE
com.google.gson.internal.UnsafeAllocator	create()	getDeclaredMethod(java.lang.String,java.lang.Class<?>...)	java.lang.Class	SOURCE
com.google.gson.internal.UnsafeAllocator	create()	setAccessible(boolean)	java.lang.reflect.Method	SOURCE
com.google.gson.internal.UnsafeAllocator	create()	invoke(java.lang.Object,java.lang.Object...)	java.lang.reflect.Method	SOURCE
com.google.gson.internal.UnsafeAllocator	create()	getDeclaredMethod(java.lang.String,java.lang.Class<?>...)	java.lang.Class	SOURCE
com.google.gson.internal.UnsafeAllocator	create()	setAccessible(boolean)	java.lang.reflect.Method	SOURCE
com.google.gson.internal.UnsafeAllocator	create()	()	com.google.gson.internal.UnsafeAllocator$2	SOURCE
com.google.gson.internal.UnsafeAllocator$2	<T>newInstance(java.lang.Class<T>)	assertInstantiable(java.lang.Class<?>)	com.google.gson.internal.UnsafeAllocator	SOURCE
com.google.gson.internal.UnsafeAllocator$2	<T>newInstance(java.lang.Class<T>)	invoke(java.lang.Object,java.lang.Object...)	java.lang.reflect.Method	SOURCE
com.google.gson.internal.UnsafeAllocator	create()	getDeclaredMethod(java.lang.String,java.lang.Class<?>...)	java.lang.Class	SOURCE
com.google.gson.internal.UnsafeAllocator	create()	setAccessible(boolean)	java.lang.reflect.Method	SOURCE
com.google.gson.internal.UnsafeAllocator	create()	()	com.google.gson.internal.UnsafeAllocator$3	SOURCE
com.google.gson.internal.UnsafeAllocator$3	<T>newInstance(java.lang.Class<T>)	assertInstantiable(java.lang.Class<?>)	com.google.gson.internal.UnsafeAllocator	SOURCE
com.google.gson.internal.UnsafeAllocator$3	<T>newInstance(java.lang.Class<T>)	invoke(java.lang.Object,java.lang.Object...)	java.lang.reflect.Method	SOURCE
com.google.gson.internal.UnsafeAllocator	create()	()	com.google.gson.internal.UnsafeAllocator$4	SOURCE
com.google.gson.internal.UnsafeAllocator$4	<T>newInstance(java.lang.Class<T>)	UnsupportedOperationException(java.lang.String)	java.lang.UnsupportedOperationException	SOURCE
com.google.gson.internal.UnsafeAllocator	assertInstantiable(java.lang.Class<?>)	getModifiers()	java.lang.Class	SOURCE
com.google.gson.internal.UnsafeAllocator	assertInstantiable(java.lang.Class<?>)	isInterface(int)	java.lang.reflect.Modifier	SOURCE
com.google.gson.internal.UnsafeAllocator	assertInstantiable(java.lang.Class<?>)	UnsupportedOperationException(java.lang.String)	java.lang.UnsupportedOperationException	SOURCE
com.google.gson.internal.UnsafeAllocator	assertInstantiable(java.lang.Class<?>)	getName()	java.lang.Class	SOURCE
com.google.gson.internal.UnsafeAllocator	assertInstantiable(java.lang.Class<?>)	isAbstract(int)	java.lang.reflect.Modifier	SOURCE
com.google.gson.internal.UnsafeAllocator	assertInstantiable(java.lang.Class<?>)	UnsupportedOperationException(java.lang.String)	java.lang.UnsupportedOperationException	SOURCE
com.google.gson.internal.UnsafeAllocator	assertInstantiable(java.lang.Class<?>)	getName()	java.lang.Class	SOURCE
>>>>>>> base
com.google.gson.internal.$Gson$Types	$Gson$Types()	Object()	java.lang.Object	SOURCE
com.google.gson.internal.$Gson$Types	$Gson$Types()	UnsupportedOperationException()	java.lang.UnsupportedOperationException	SOURCE
com.google.gson.internal.$Gson$Types	newParameterizedTypeWithOwner(java.lang.reflect.Type,java.lang.reflect.Type,java.lang.reflect.Type...)	ParameterizedTypeImpl(java.lang.reflect.Type,java.lang.reflect.Type,java.lang.reflect.Type...)	com.google.gson.internal.$Gson$Types$ParameterizedTypeImpl	SOURCE
com.google.gson.internal.$Gson$Types	arrayOf(java.lang.reflect.Type)	GenericArrayTypeImpl(java.lang.reflect.Type)	com.google.gson.internal.$Gson$Types$GenericArrayTypeImpl	SOURCE
com.google.gson.internal.$Gson$Types	subtypeOf(java.lang.reflect.Type)	getUpperBounds()	java.lang.reflect.WildcardType	SOURCE
com.google.gson.internal.$Gson$Types	subtypeOf(java.lang.reflect.Type)	WildcardTypeImpl(java.lang.reflect.Type[],java.lang.reflect.Type[])	com.google.gson.internal.$Gson$Types$WildcardTypeImpl	SOURCE
com.google.gson.internal.$Gson$Types	supertypeOf(java.lang.reflect.Type)	getLowerBounds()	java.lang.reflect.WildcardType	SOURCE
com.google.gson.internal.$Gson$Types	supertypeOf(java.lang.reflect.Type)	WildcardTypeImpl(java.lang.reflect.Type[],java.lang.reflect.Type[])	com.google.gson.internal.$Gson$Types$WildcardTypeImpl	SOURCE
com.google.gson.internal.$Gson$Types	canonicalize(java.lang.reflect.Type)	isArray()	java.lang.Class	SOURCE
com.google.gson.internal.$Gson$Types	canonicalize(java.lang.reflect.Type)	GenericArrayTypeImpl(java.lang.reflect.Type)	com.google.gson.internal.$Gson$Types$GenericArrayTypeImpl	SOURCE
com.google.gson.internal.$Gson$Types	canonicalize(java.lang.reflect.Type)	canonicalize(java.lang.reflect.Type)	com.google.gson.internal.$Gson$Types	SOURCE
com.google.gson.internal.$Gson$Types	canonicalize(java.lang.reflect.Type)	getComponentType()	java.lang.Class	SOURCE
com.google.gson.internal.$Gson$Types	canonicalize(java.lang.reflect.Type)	ParameterizedTypeImpl(java.lang.reflect.Type,java.lang.reflect.Type,java.lang.reflect.Type...)	com.google.gson.internal.$Gson$Types$ParameterizedTypeImpl	SOURCE
com.google.gson.internal.$Gson$Types	canonicalize(java.lang.reflect.Type)	getOwnerType()	java.lang.reflect.ParameterizedType	SOURCE
com.google.gson.internal.$Gson$Types	canonicalize(java.lang.reflect.Type)	getRawType()	java.lang.reflect.ParameterizedType	SOURCE
com.google.gson.internal.$Gson$Types	canonicalize(java.lang.reflect.Type)	getActualTypeArguments()	java.lang.reflect.ParameterizedType	SOURCE
com.google.gson.internal.$Gson$Types	canonicalize(java.lang.reflect.Type)	GenericArrayTypeImpl(java.lang.reflect.Type)	com.google.gson.internal.$Gson$Types$GenericArrayTypeImpl	SOURCE
com.google.gson.internal.$Gson$Types	canonicalize(java.lang.reflect.Type)	getGenericComponentType()	java.lang.reflect.GenericArrayType	SOURCE
com.google.gson.internal.$Gson$Types	canonicalize(java.lang.reflect.Type)	WildcardTypeImpl(java.lang.reflect.Type[],java.lang.reflect.Type[])	com.google.gson.internal.$Gson$Types$WildcardTypeImpl	SOURCE
com.google.gson.internal.$Gson$Types	canonicalize(java.lang.reflect.Type)	getUpperBounds()	java.lang.reflect.WildcardType	SOURCE
com.google.gson.internal.$Gson$Types	canonicalize(java.lang.reflect.Type)	getLowerBounds()	java.lang.reflect.WildcardType	SOURCE
com.google.gson.internal.$Gson$Types	getRawType(java.lang.reflect.Type)	getRawType()	java.lang.reflect.ParameterizedType	SOURCE
com.google.gson.internal.$Gson$Types	getRawType(java.lang.reflect.Type)	checkArgument(boolean)	com.google.gson.internal.$Gson$Preconditions	SOURCE
com.google.gson.internal.$Gson$Types	getRawType(java.lang.reflect.Type)	getGenericComponentType()	java.lang.reflect.GenericArrayType	SOURCE
com.google.gson.internal.$Gson$Types	getRawType(java.lang.reflect.Type)	getClass()	java.lang.Object	SOURCE
com.google.gson.internal.$Gson$Types	getRawType(java.lang.reflect.Type)	newInstance(java.lang.Class<?>,int)	java.lang.reflect.Array	SOURCE
com.google.gson.internal.$Gson$Types	getRawType(java.lang.reflect.Type)	getRawType(java.lang.reflect.Type)	com.google.gson.internal.$Gson$Types	SOURCE
com.google.gson.internal.$Gson$Types	getRawType(java.lang.reflect.Type)	getRawType(java.lang.reflect.Type)	com.google.gson.internal.$Gson$Types	SOURCE
com.google.gson.internal.$Gson$Types	getRawType(java.lang.reflect.Type)	getUpperBounds()	java.lang.reflect.WildcardType	SOURCE
com.google.gson.internal.$Gson$Types	getRawType(java.lang.reflect.Type)	getName()	java.lang.Class	SOURCE
com.google.gson.internal.$Gson$Types	getRawType(java.lang.reflect.Type)	getClass()	java.lang.Object	SOURCE
com.google.gson.internal.$Gson$Types	getRawType(java.lang.reflect.Type)	IllegalArgumentException(java.lang.String)	java.lang.IllegalArgumentException	SOURCE
com.google.gson.internal.$Gson$Types	equal(java.lang.Object,java.lang.Object)	equals(java.lang.Object)	java.lang.Object	SOURCE
com.google.gson.internal.$Gson$Types	equals(java.lang.reflect.Type,java.lang.reflect.Type)	equals(java.lang.Object)	java.lang.Object	SOURCE
com.google.gson.internal.$Gson$Types	equals(java.lang.reflect.Type,java.lang.reflect.Type)	equal(java.lang.Object,java.lang.Object)	com.google.gson.internal.$Gson$Types	SOURCE
com.google.gson.internal.$Gson$Types	equals(java.lang.reflect.Type,java.lang.reflect.Type)	getOwnerType()	java.lang.reflect.ParameterizedType	SOURCE
com.google.gson.internal.$Gson$Types	equals(java.lang.reflect.Type,java.lang.reflect.Type)	getOwnerType()	java.lang.reflect.ParameterizedType	SOURCE
com.google.gson.internal.$Gson$Types	equals(java.lang.reflect.Type,java.lang.reflect.Type)	equals(java.lang.Object)	java.lang.Object	SOURCE
com.google.gson.internal.$Gson$Types	equals(java.lang.reflect.Type,java.lang.reflect.Type)	getRawType()	java.lang.reflect.ParameterizedType	SOURCE
com.google.gson.internal.$Gson$Types	equals(java.lang.reflect.Type,java.lang.reflect.Type)	getRawType()	java.lang.reflect.ParameterizedType	SOURCE
com.google.gson.internal.$Gson$Types	equals(java.lang.reflect.Type,java.lang.reflect.Type)	equals(java.lang.Object[],java.lang.Object[])	java.util.Arrays	SOURCE
com.google.gson.internal.$Gson$Types	equals(java.lang.reflect.Type,java.lang.reflect.Type)	getActualTypeArguments()	java.lang.reflect.ParameterizedType	SOURCE
com.google.gson.internal.$Gson$Types	equals(java.lang.reflect.Type,java.lang.reflect.Type)	getActualTypeArguments()	java.lang.reflect.ParameterizedType	SOURCE
com.google.gson.internal.$Gson$Types	equals(java.lang.reflect.Type,java.lang.reflect.Type)	equals(java.lang.reflect.Type,java.lang.reflect.Type)	com.google.gson.internal.$Gson$Types	SOURCE
com.google.gson.internal.$Gson$Types	equals(java.lang.reflect.Type,java.lang.reflect.Type)	getGenericComponentType()	java.lang.reflect.GenericArrayType	SOURCE
com.google.gson.internal.$Gson$Types	equals(java.lang.reflect.Type,java.lang.reflect.Type)	getGenericComponentType()	java.lang.reflect.GenericArrayType	SOURCE
com.google.gson.internal.$Gson$Types	equals(java.lang.reflect.Type,java.lang.reflect.Type)	equals(java.lang.Object[],java.lang.Object[])	java.util.Arrays	SOURCE
com.google.gson.internal.$Gson$Types	equals(java.lang.reflect.Type,java.lang.reflect.Type)	getUpperBounds()	java.lang.reflect.WildcardType	SOURCE
com.google.gson.internal.$Gson$Types	equals(java.lang.reflect.Type,java.lang.reflect.Type)	getUpperBounds()	java.lang.reflect.WildcardType	SOURCE
com.google.gson.internal.$Gson$Types	equals(java.lang.reflect.Type,java.lang.reflect.Type)	equals(java.lang.Object[],java.lang.Object[])	java.util.Arrays	SOURCE
com.google.gson.internal.$Gson$Types	equals(java.lang.reflect.Type,java.lang.reflect.Type)	getLowerBounds()	java.lang.reflect.WildcardType	SOURCE
com.google.gson.internal.$Gson$Types	equals(java.lang.reflect.Type,java.lang.reflect.Type)	getLowerBounds()	java.lang.reflect.WildcardType	SOURCE
com.google.gson.internal.$Gson$Types	equals(java.lang.reflect.Type,java.lang.reflect.Type)	getGenericDeclaration()	java.lang.reflect.TypeVariable	SOURCE
com.google.gson.internal.$Gson$Types	equals(java.lang.reflect.Type,java.lang.reflect.Type)	getGenericDeclaration()	java.lang.reflect.TypeVariable	SOURCE
com.google.gson.internal.$Gson$Types	equals(java.lang.reflect.Type,java.lang.reflect.Type)	equals(java.lang.Object)	java.lang.String	SOURCE
com.google.gson.internal.$Gson$Types	equals(java.lang.reflect.Type,java.lang.reflect.Type)	getName()	java.lang.reflect.TypeVariable	SOURCE
com.google.gson.internal.$Gson$Types	equals(java.lang.reflect.Type,java.lang.reflect.Type)	getName()	java.lang.reflect.TypeVariable	SOURCE
com.google.gson.internal.$Gson$Types	hashCodeOrZero(java.lang.Object)	hashCode()	java.lang.Object	SOURCE
com.google.gson.internal.$Gson$Types	typeToString(java.lang.reflect.Type)	getName()	java.lang.Class	SOURCE
com.google.gson.internal.$Gson$Types	typeToString(java.lang.reflect.Type)	toString()	java.lang.Object	SOURCE
com.google.gson.internal.$Gson$Types	getGenericSupertype(java.lang.reflect.Type,java.lang.Class<?>,java.lang.Class<?>)	isInterface()	java.lang.Class	SOURCE
com.google.gson.internal.$Gson$Types	getGenericSupertype(java.lang.reflect.Type,java.lang.Class<?>,java.lang.Class<?>)	getInterfaces()	java.lang.Class	SOURCE
com.google.gson.internal.$Gson$Types	getGenericSupertype(java.lang.reflect.Type,java.lang.Class<?>,java.lang.Class<?>)	getGenericInterfaces()	java.lang.Class	SOURCE
com.google.gson.internal.$Gson$Types	getGenericSupertype(java.lang.reflect.Type,java.lang.Class<?>,java.lang.Class<?>)	isAssignableFrom(java.lang.Class<?>)	java.lang.Class	SOURCE
com.google.gson.internal.$Gson$Types	getGenericSupertype(java.lang.reflect.Type,java.lang.Class<?>,java.lang.Class<?>)	getGenericSupertype(java.lang.reflect.Type,java.lang.Class<?>,java.lang.Class<?>)	com.google.gson.internal.$Gson$Types	SOURCE
com.google.gson.internal.$Gson$Types	getGenericSupertype(java.lang.reflect.Type,java.lang.Class<?>,java.lang.Class<?>)	getGenericInterfaces()	java.lang.Class	SOURCE
com.google.gson.internal.$Gson$Types	getGenericSupertype(java.lang.reflect.Type,java.lang.Class<?>,java.lang.Class<?>)	isInterface()	java.lang.Class	SOURCE
com.google.gson.internal.$Gson$Types	getGenericSupertype(java.lang.reflect.Type,java.lang.Class<?>,java.lang.Class<?>)	getSuperclass()	java.lang.Class	SOURCE
com.google.gson.internal.$Gson$Types	getGenericSupertype(java.lang.reflect.Type,java.lang.Class<?>,java.lang.Class<?>)	getGenericSuperclass()	java.lang.Class	SOURCE
com.google.gson.internal.$Gson$Types	getGenericSupertype(java.lang.reflect.Type,java.lang.Class<?>,java.lang.Class<?>)	isAssignableFrom(java.lang.Class<?>)	java.lang.Class	SOURCE
com.google.gson.internal.$Gson$Types	getGenericSupertype(java.lang.reflect.Type,java.lang.Class<?>,java.lang.Class<?>)	getGenericSupertype(java.lang.reflect.Type,java.lang.Class<?>,java.lang.Class<?>)	com.google.gson.internal.$Gson$Types	SOURCE
com.google.gson.internal.$Gson$Types	getGenericSupertype(java.lang.reflect.Type,java.lang.Class<?>,java.lang.Class<?>)	getGenericSuperclass()	java.lang.Class	SOURCE
com.google.gson.internal.$Gson$Types	getSupertype(java.lang.reflect.Type,java.lang.Class<?>,java.lang.Class<?>)	getUpperBounds()	java.lang.reflect.WildcardType	SOURCE
com.google.gson.internal.$Gson$Types	getSupertype(java.lang.reflect.Type,java.lang.Class<?>,java.lang.Class<?>)	checkArgument(boolean)	com.google.gson.internal.$Gson$Preconditions	SOURCE
com.google.gson.internal.$Gson$Types	getSupertype(java.lang.reflect.Type,java.lang.Class<?>,java.lang.Class<?>)	isAssignableFrom(java.lang.Class<?>)	java.lang.Class	SOURCE
com.google.gson.internal.$Gson$Types	getSupertype(java.lang.reflect.Type,java.lang.Class<?>,java.lang.Class<?>)	resolve(java.lang.reflect.Type,java.lang.Class<?>,java.lang.reflect.Type)	com.google.gson.internal.$Gson$Types	SOURCE
com.google.gson.internal.$Gson$Types	getSupertype(java.lang.reflect.Type,java.lang.Class<?>,java.lang.Class<?>)	getGenericSupertype(java.lang.reflect.Type,java.lang.Class<?>,java.lang.Class<?>)	com.google.gson.internal.$Gson$Types	SOURCE
com.google.gson.internal.$Gson$Types	getArrayComponentType(java.lang.reflect.Type)	getGenericComponentType()	java.lang.reflect.GenericArrayType	SOURCE
com.google.gson.internal.$Gson$Types	getArrayComponentType(java.lang.reflect.Type)	getComponentType()	java.lang.Class	SOURCE
com.google.gson.internal.$Gson$Types	getCollectionElementType(java.lang.reflect.Type,java.lang.Class<?>)	getSupertype(java.lang.reflect.Type,java.lang.Class<?>,java.lang.Class<?>)	com.google.gson.internal.$Gson$Types	SOURCE
com.google.gson.internal.$Gson$Types	getCollectionElementType(java.lang.reflect.Type,java.lang.Class<?>)	getUpperBounds()	java.lang.reflect.WildcardType	SOURCE
com.google.gson.internal.$Gson$Types	getCollectionElementType(java.lang.reflect.Type,java.lang.Class<?>)	getActualTypeArguments()	java.lang.reflect.ParameterizedType	SOURCE
com.google.gson.internal.$Gson$Types	getMapKeyAndValueTypes(java.lang.reflect.Type,java.lang.Class<?>)	getSupertype(java.lang.reflect.Type,java.lang.Class<?>,java.lang.Class<?>)	com.google.gson.internal.$Gson$Types	SOURCE
com.google.gson.internal.$Gson$Types	getMapKeyAndValueTypes(java.lang.reflect.Type,java.lang.Class<?>)	getActualTypeArguments()	java.lang.reflect.ParameterizedType	SOURCE
com.google.gson.internal.$Gson$Types	resolve(java.lang.reflect.Type,java.lang.Class<?>,java.lang.reflect.Type)	resolve(java.lang.reflect.Type,java.lang.Class<?>,java.lang.reflect.Type,java.util.Collection<java.lang.reflect.TypeVariable>)	com.google.gson.internal.$Gson$Types	SOURCE
com.google.gson.internal.$Gson$Types	resolve(java.lang.reflect.Type,java.lang.Class<?>,java.lang.reflect.Type)	HashSet()	java.util.HashSet	SOURCE
com.google.gson.internal.$Gson$Types	resolve(java.lang.reflect.Type,java.lang.Class<?>,java.lang.reflect.Type,java.util.Collection<java.lang.reflect.TypeVariable>)	contains(java.lang.Object)	java.util.Collection	SOURCE
com.google.gson.internal.$Gson$Types	resolve(java.lang.reflect.Type,java.lang.Class<?>,java.lang.reflect.Type,java.util.Collection<java.lang.reflect.TypeVariable>)	add(E)	java.util.Collection	SOURCE
com.google.gson.internal.$Gson$Types	resolve(java.lang.reflect.Type,java.lang.Class<?>,java.lang.reflect.Type,java.util.Collection<java.lang.reflect.TypeVariable>)	resolveTypeVariable(java.lang.reflect.Type,java.lang.Class<?>,java.lang.reflect.TypeVariable<?>)	com.google.gson.internal.$Gson$Types	SOURCE
com.google.gson.internal.$Gson$Types	resolve(java.lang.reflect.Type,java.lang.Class<?>,java.lang.reflect.Type,java.util.Collection<java.lang.reflect.TypeVariable>)	isArray()	java.lang.Class	SOURCE
com.google.gson.internal.$Gson$Types	resolve(java.lang.reflect.Type,java.lang.Class<?>,java.lang.reflect.Type,java.util.Collection<java.lang.reflect.TypeVariable>)	getComponentType()	java.lang.Class	SOURCE
com.google.gson.internal.$Gson$Types	resolve(java.lang.reflect.Type,java.lang.Class<?>,java.lang.reflect.Type,java.util.Collection<java.lang.reflect.TypeVariable>)	resolve(java.lang.reflect.Type,java.lang.Class<?>,java.lang.reflect.Type,java.util.Collection<java.lang.reflect.TypeVariable>)	com.google.gson.internal.$Gson$Types	SOURCE
com.google.gson.internal.$Gson$Types	resolve(java.lang.reflect.Type,java.lang.Class<?>,java.lang.reflect.Type,java.util.Collection<java.lang.reflect.TypeVariable>)	arrayOf(java.lang.reflect.Type)	com.google.gson.internal.$Gson$Types	SOURCE
com.google.gson.internal.$Gson$Types	resolve(java.lang.reflect.Type,java.lang.Class<?>,java.lang.reflect.Type,java.util.Collection<java.lang.reflect.TypeVariable>)	getGenericComponentType()	java.lang.reflect.GenericArrayType	SOURCE
com.google.gson.internal.$Gson$Types	resolve(java.lang.reflect.Type,java.lang.Class<?>,java.lang.reflect.Type,java.util.Collection<java.lang.reflect.TypeVariable>)	resolve(java.lang.reflect.Type,java.lang.Class<?>,java.lang.reflect.Type,java.util.Collection<java.lang.reflect.TypeVariable>)	com.google.gson.internal.$Gson$Types	SOURCE
com.google.gson.internal.$Gson$Types	resolve(java.lang.reflect.Type,java.lang.Class<?>,java.lang.reflect.Type,java.util.Collection<java.lang.reflect.TypeVariable>)	arrayOf(java.lang.reflect.Type)	com.google.gson.internal.$Gson$Types	SOURCE
com.google.gson.internal.$Gson$Types	resolve(java.lang.reflect.Type,java.lang.Class<?>,java.lang.reflect.Type,java.util.Collection<java.lang.reflect.TypeVariable>)	getOwnerType()	java.lang.reflect.ParameterizedType	SOURCE
com.google.gson.internal.$Gson$Types	resolve(java.lang.reflect.Type,java.lang.Class<?>,java.lang.reflect.Type,java.util.Collection<java.lang.reflect.TypeVariable>)	resolve(java.lang.reflect.Type,java.lang.Class<?>,java.lang.reflect.Type,java.util.Collection<java.lang.reflect.TypeVariable>)	com.google.gson.internal.$Gson$Types	SOURCE
com.google.gson.internal.$Gson$Types	resolve(java.lang.reflect.Type,java.lang.Class<?>,java.lang.reflect.Type,java.util.Collection<java.lang.reflect.TypeVariable>)	getActualTypeArguments()	java.lang.reflect.ParameterizedType	SOURCE
com.google.gson.internal.$Gson$Types	resolve(java.lang.reflect.Type,java.lang.Class<?>,java.lang.reflect.Type,java.util.Collection<java.lang.reflect.TypeVariable>)	resolve(java.lang.reflect.Type,java.lang.Class<?>,java.lang.reflect.Type,java.util.Collection<java.lang.reflect.TypeVariable>)	com.google.gson.internal.$Gson$Types	SOURCE
com.google.gson.internal.$Gson$Types	resolve(java.lang.reflect.Type,java.lang.Class<?>,java.lang.reflect.Type,java.util.Collection<java.lang.reflect.TypeVariable>)	clone()	Array	SOURCE
com.google.gson.internal.$Gson$Types	resolve(java.lang.reflect.Type,java.lang.Class<?>,java.lang.reflect.Type,java.util.Collection<java.lang.reflect.TypeVariable>)	newParameterizedTypeWithOwner(java.lang.reflect.Type,java.lang.reflect.Type,java.lang.reflect.Type...)	com.google.gson.internal.$Gson$Types	SOURCE
com.google.gson.internal.$Gson$Types	resolve(java.lang.reflect.Type,java.lang.Class<?>,java.lang.reflect.Type,java.util.Collection<java.lang.reflect.TypeVariable>)	getRawType()	java.lang.reflect.ParameterizedType	SOURCE
com.google.gson.internal.$Gson$Types	resolve(java.lang.reflect.Type,java.lang.Class<?>,java.lang.reflect.Type,java.util.Collection<java.lang.reflect.TypeVariable>)	getLowerBounds()	java.lang.reflect.WildcardType	SOURCE
com.google.gson.internal.$Gson$Types	resolve(java.lang.reflect.Type,java.lang.Class<?>,java.lang.reflect.Type,java.util.Collection<java.lang.reflect.TypeVariable>)	getUpperBounds()	java.lang.reflect.WildcardType	SOURCE
com.google.gson.internal.$Gson$Types	resolve(java.lang.reflect.Type,java.lang.Class<?>,java.lang.reflect.Type,java.util.Collection<java.lang.reflect.TypeVariable>)	resolve(java.lang.reflect.Type,java.lang.Class<?>,java.lang.reflect.Type,java.util.Collection<java.lang.reflect.TypeVariable>)	com.google.gson.internal.$Gson$Types	SOURCE
com.google.gson.internal.$Gson$Types	resolve(java.lang.reflect.Type,java.lang.Class<?>,java.lang.reflect.Type,java.util.Collection<java.lang.reflect.TypeVariable>)	supertypeOf(java.lang.reflect.Type)	com.google.gson.internal.$Gson$Types	SOURCE
com.google.gson.internal.$Gson$Types	resolve(java.lang.reflect.Type,java.lang.Class<?>,java.lang.reflect.Type,java.util.Collection<java.lang.reflect.TypeVariable>)	resolve(java.lang.reflect.Type,java.lang.Class<?>,java.lang.reflect.Type,java.util.Collection<java.lang.reflect.TypeVariable>)	com.google.gson.internal.$Gson$Types	SOURCE
com.google.gson.internal.$Gson$Types	resolve(java.lang.reflect.Type,java.lang.Class<?>,java.lang.reflect.Type,java.util.Collection<java.lang.reflect.TypeVariable>)	subtypeOf(java.lang.reflect.Type)	com.google.gson.internal.$Gson$Types	SOURCE
com.google.gson.internal.$Gson$Types	resolveTypeVariable(java.lang.reflect.Type,java.lang.Class<?>,java.lang.reflect.TypeVariable<?>)	declaringClassOf(java.lang.reflect.TypeVariable<?>)	com.google.gson.internal.$Gson$Types	SOURCE
com.google.gson.internal.$Gson$Types	resolveTypeVariable(java.lang.reflect.Type,java.lang.Class<?>,java.lang.reflect.TypeVariable<?>)	getGenericSupertype(java.lang.reflect.Type,java.lang.Class<?>,java.lang.Class<?>)	com.google.gson.internal.$Gson$Types	SOURCE
com.google.gson.internal.$Gson$Types	resolveTypeVariable(java.lang.reflect.Type,java.lang.Class<?>,java.lang.reflect.TypeVariable<?>)	indexOf(java.lang.Object[],java.lang.Object)	com.google.gson.internal.$Gson$Types	SOURCE
com.google.gson.internal.$Gson$Types	resolveTypeVariable(java.lang.reflect.Type,java.lang.Class<?>,java.lang.reflect.TypeVariable<?>)	getTypeParameters()	java.lang.Class	SOURCE
com.google.gson.internal.$Gson$Types	resolveTypeVariable(java.lang.reflect.Type,java.lang.Class<?>,java.lang.reflect.TypeVariable<?>)	getActualTypeArguments()	java.lang.reflect.ParameterizedType	SOURCE
com.google.gson.internal.$Gson$Types	indexOf(java.lang.Object[],java.lang.Object)	equals(java.lang.Object)	java.lang.Object	SOURCE
com.google.gson.internal.$Gson$Types	indexOf(java.lang.Object[],java.lang.Object)	NoSuchElementException()	java.util.NoSuchElementException	SOURCE
com.google.gson.internal.$Gson$Types	declaringClassOf(java.lang.reflect.TypeVariable<?>)	getGenericDeclaration()	java.lang.reflect.TypeVariable	SOURCE
com.google.gson.internal.$Gson$Types	checkNotPrimitive(java.lang.reflect.Type)	checkArgument(boolean)	com.google.gson.internal.$Gson$Preconditions	SOURCE
com.google.gson.internal.$Gson$Types	checkNotPrimitive(java.lang.reflect.Type)	isPrimitive()	java.lang.Class	SOURCE
com.google.gson.internal.$Gson$Types$ParameterizedTypeImpl	ParameterizedTypeImpl(java.lang.reflect.Type,java.lang.reflect.Type,java.lang.reflect.Type...)	Object()	java.lang.Object	SOURCE
com.google.gson.internal.$Gson$Types$ParameterizedTypeImpl	ParameterizedTypeImpl(java.lang.reflect.Type,java.lang.reflect.Type,java.lang.reflect.Type...)	isStatic(int)	java.lang.reflect.Modifier	SOURCE
com.google.gson.internal.$Gson$Types$ParameterizedTypeImpl	ParameterizedTypeImpl(java.lang.reflect.Type,java.lang.reflect.Type,java.lang.reflect.Type...)	getModifiers()	java.lang.Class	SOURCE
com.google.gson.internal.$Gson$Types$ParameterizedTypeImpl	ParameterizedTypeImpl(java.lang.reflect.Type,java.lang.reflect.Type,java.lang.reflect.Type...)	getEnclosingClass()	java.lang.Class	SOURCE
com.google.gson.internal.$Gson$Types$ParameterizedTypeImpl	ParameterizedTypeImpl(java.lang.reflect.Type,java.lang.reflect.Type,java.lang.reflect.Type...)	checkArgument(boolean)	com.google.gson.internal.$Gson$Preconditions	SOURCE
com.google.gson.internal.$Gson$Types$ParameterizedTypeImpl	ParameterizedTypeImpl(java.lang.reflect.Type,java.lang.reflect.Type,java.lang.reflect.Type...)	canonicalize(java.lang.reflect.Type)	com.google.gson.internal.$Gson$Types	SOURCE
com.google.gson.internal.$Gson$Types$ParameterizedTypeImpl	ParameterizedTypeImpl(java.lang.reflect.Type,java.lang.reflect.Type,java.lang.reflect.Type...)	canonicalize(java.lang.reflect.Type)	com.google.gson.internal.$Gson$Types	SOURCE
com.google.gson.internal.$Gson$Types$ParameterizedTypeImpl	ParameterizedTypeImpl(java.lang.reflect.Type,java.lang.reflect.Type,java.lang.reflect.Type...)	clone()	Array	SOURCE
com.google.gson.internal.$Gson$Types$ParameterizedTypeImpl	ParameterizedTypeImpl(java.lang.reflect.Type,java.lang.reflect.Type,java.lang.reflect.Type...)	<T>checkNotNull(T)	com.google.gson.internal.$Gson$Preconditions	SOURCE
com.google.gson.internal.$Gson$Types$ParameterizedTypeImpl	ParameterizedTypeImpl(java.lang.reflect.Type,java.lang.reflect.Type,java.lang.reflect.Type...)	checkNotPrimitive(java.lang.reflect.Type)	com.google.gson.internal.$Gson$Types	SOURCE
com.google.gson.internal.$Gson$Types$ParameterizedTypeImpl	ParameterizedTypeImpl(java.lang.reflect.Type,java.lang.reflect.Type,java.lang.reflect.Type...)	canonicalize(java.lang.reflect.Type)	com.google.gson.internal.$Gson$Types	SOURCE
com.google.gson.internal.$Gson$Types$ParameterizedTypeImpl	getActualTypeArguments()	clone()	Array	SOURCE
com.google.gson.internal.$Gson$Types$ParameterizedTypeImpl	equals(java.lang.Object)	equals(java.lang.reflect.Type,java.lang.reflect.Type)	com.google.gson.internal.$Gson$Types	SOURCE
com.google.gson.internal.$Gson$Types$ParameterizedTypeImpl	hashCode()	hashCode(java.lang.Object[])	java.util.Arrays	SOURCE
com.google.gson.internal.$Gson$Types$ParameterizedTypeImpl	hashCode()	hashCode()	java.lang.Object	SOURCE
com.google.gson.internal.$Gson$Types$ParameterizedTypeImpl	hashCode()	hashCodeOrZero(java.lang.Object)	com.google.gson.internal.$Gson$Types	SOURCE
com.google.gson.internal.$Gson$Types$ParameterizedTypeImpl	toString()	typeToString(java.lang.reflect.Type)	com.google.gson.internal.$Gson$Types	SOURCE
com.google.gson.internal.$Gson$Types$ParameterizedTypeImpl	toString()	StringBuilder(int)	java.lang.StringBuilder	SOURCE
com.google.gson.internal.$Gson$Types$ParameterizedTypeImpl	toString()	append(java.lang.String)	java.lang.StringBuilder	SOURCE
com.google.gson.internal.$Gson$Types$ParameterizedTypeImpl	toString()	append(java.lang.String)	java.lang.StringBuilder	SOURCE
com.google.gson.internal.$Gson$Types$ParameterizedTypeImpl	toString()	append(java.lang.String)	java.lang.StringBuilder	SOURCE
com.google.gson.internal.$Gson$Types$ParameterizedTypeImpl	toString()	typeToString(java.lang.reflect.Type)	com.google.gson.internal.$Gson$Types	SOURCE
com.google.gson.internal.$Gson$Types$ParameterizedTypeImpl	toString()	typeToString(java.lang.reflect.Type)	com.google.gson.internal.$Gson$Types	SOURCE
com.google.gson.internal.$Gson$Types$ParameterizedTypeImpl	toString()	append(java.lang.String)	java.lang.StringBuilder	SOURCE
com.google.gson.internal.$Gson$Types$ParameterizedTypeImpl	toString()	append(java.lang.String)	java.lang.StringBuilder	SOURCE
com.google.gson.internal.$Gson$Types$ParameterizedTypeImpl	toString()	typeToString(java.lang.reflect.Type)	com.google.gson.internal.$Gson$Types	SOURCE
com.google.gson.internal.$Gson$Types$ParameterizedTypeImpl	toString()	toString()	java.lang.StringBuilder	SOURCE
com.google.gson.internal.$Gson$Types$ParameterizedTypeImpl	toString()	append(java.lang.String)	java.lang.StringBuilder	SOURCE
com.google.gson.internal.$Gson$Types$GenericArrayTypeImpl	GenericArrayTypeImpl(java.lang.reflect.Type)	Object()	java.lang.Object	SOURCE
com.google.gson.internal.$Gson$Types$GenericArrayTypeImpl	GenericArrayTypeImpl(java.lang.reflect.Type)	canonicalize(java.lang.reflect.Type)	com.google.gson.internal.$Gson$Types	SOURCE
com.google.gson.internal.$Gson$Types$GenericArrayTypeImpl	equals(java.lang.Object)	equals(java.lang.reflect.Type,java.lang.reflect.Type)	com.google.gson.internal.$Gson$Types	SOURCE
com.google.gson.internal.$Gson$Types$GenericArrayTypeImpl	hashCode()	hashCode()	java.lang.Object	SOURCE
com.google.gson.internal.$Gson$Types$GenericArrayTypeImpl	toString()	typeToString(java.lang.reflect.Type)	com.google.gson.internal.$Gson$Types	SOURCE
com.google.gson.internal.$Gson$Types$WildcardTypeImpl	WildcardTypeImpl(java.lang.reflect.Type[],java.lang.reflect.Type[])	Object()	java.lang.Object	SOURCE
com.google.gson.internal.$Gson$Types$WildcardTypeImpl	WildcardTypeImpl(java.lang.reflect.Type[],java.lang.reflect.Type[])	checkArgument(boolean)	com.google.gson.internal.$Gson$Preconditions	SOURCE
com.google.gson.internal.$Gson$Types$WildcardTypeImpl	WildcardTypeImpl(java.lang.reflect.Type[],java.lang.reflect.Type[])	checkArgument(boolean)	com.google.gson.internal.$Gson$Preconditions	SOURCE
com.google.gson.internal.$Gson$Types$WildcardTypeImpl	WildcardTypeImpl(java.lang.reflect.Type[],java.lang.reflect.Type[])	<T>checkNotNull(T)	com.google.gson.internal.$Gson$Preconditions	SOURCE
com.google.gson.internal.$Gson$Types$WildcardTypeImpl	WildcardTypeImpl(java.lang.reflect.Type[],java.lang.reflect.Type[])	checkNotPrimitive(java.lang.reflect.Type)	com.google.gson.internal.$Gson$Types	SOURCE
com.google.gson.internal.$Gson$Types$WildcardTypeImpl	WildcardTypeImpl(java.lang.reflect.Type[],java.lang.reflect.Type[])	checkArgument(boolean)	com.google.gson.internal.$Gson$Preconditions	SOURCE
com.google.gson.internal.$Gson$Types$WildcardTypeImpl	WildcardTypeImpl(java.lang.reflect.Type[],java.lang.reflect.Type[])	canonicalize(java.lang.reflect.Type)	com.google.gson.internal.$Gson$Types	SOURCE
com.google.gson.internal.$Gson$Types$WildcardTypeImpl	WildcardTypeImpl(java.lang.reflect.Type[],java.lang.reflect.Type[])	<T>checkNotNull(T)	com.google.gson.internal.$Gson$Preconditions	SOURCE
com.google.gson.internal.$Gson$Types$WildcardTypeImpl	WildcardTypeImpl(java.lang.reflect.Type[],java.lang.reflect.Type[])	checkNotPrimitive(java.lang.reflect.Type)	com.google.gson.internal.$Gson$Types	SOURCE
com.google.gson.internal.$Gson$Types$WildcardTypeImpl	WildcardTypeImpl(java.lang.reflect.Type[],java.lang.reflect.Type[])	canonicalize(java.lang.reflect.Type)	com.google.gson.internal.$Gson$Types	SOURCE
com.google.gson.internal.$Gson$Types$WildcardTypeImpl	equals(java.lang.Object)	equals(java.lang.reflect.Type,java.lang.reflect.Type)	com.google.gson.internal.$Gson$Types	SOURCE
com.google.gson.internal.$Gson$Types$WildcardTypeImpl	hashCode()	hashCode()	java.lang.Object	SOURCE
com.google.gson.internal.$Gson$Types$WildcardTypeImpl	hashCode()	hashCode()	java.lang.Object	SOURCE
com.google.gson.internal.$Gson$Types$WildcardTypeImpl	toString()	typeToString(java.lang.reflect.Type)	com.google.gson.internal.$Gson$Types	SOURCE
com.google.gson.internal.$Gson$Types$WildcardTypeImpl	toString()	typeToString(java.lang.reflect.Type)	com.google.gson.internal.$Gson$Types	SOURCE
<<<<<<< HEAD
com.google.gson.internal.Streams	Streams()	Object()	java.lang.Object	SOURCE
com.google.gson.internal.Streams	Streams()	UnsupportedOperationException()	java.lang.UnsupportedOperationException	SOURCE
com.google.gson.internal.Streams	parse(com.google.gson.stream.JsonReader)	peek()	com.google.gson.stream.JsonReader	SOURCE
com.google.gson.internal.Streams	parse(com.google.gson.stream.JsonReader)	read(com.google.gson.stream.JsonReader)	com.google.gson.TypeAdapter	SOURCE
com.google.gson.internal.Streams	parse(com.google.gson.stream.JsonReader)	JsonSyntaxException(java.lang.Throwable)	com.google.gson.JsonSyntaxException	SOURCE
com.google.gson.internal.Streams	parse(com.google.gson.stream.JsonReader)	JsonSyntaxException(java.lang.Throwable)	com.google.gson.JsonSyntaxException	SOURCE
com.google.gson.internal.Streams	parse(com.google.gson.stream.JsonReader)	JsonIOException(java.lang.Throwable)	com.google.gson.JsonIOException	SOURCE
com.google.gson.internal.Streams	parse(com.google.gson.stream.JsonReader)	JsonSyntaxException(java.lang.Throwable)	com.google.gson.JsonSyntaxException	SOURCE
com.google.gson.internal.Streams	write(com.google.gson.JsonElement,com.google.gson.stream.JsonWriter)	write(com.google.gson.stream.JsonWriter,T)	com.google.gson.TypeAdapter	SOURCE
com.google.gson.internal.Streams	writerForAppendable(java.lang.Appendable)	AppendableWriter(java.lang.Appendable)	com.google.gson.internal.Streams$AppendableWriter	SOURCE
com.google.gson.internal.Streams$AppendableWriter	currentWrite	CurrentWrite()	com.google.gson.internal.Streams$AppendableWriter$CurrentWrite	SOURCE
com.google.gson.internal.Streams$AppendableWriter	AppendableWriter(java.lang.Appendable)	Writer()	java.io.Writer	SOURCE
com.google.gson.internal.Streams$AppendableWriter	write(char[],int,int)	append(java.lang.CharSequence,int,int)	java.lang.Appendable	SOURCE
com.google.gson.internal.Streams$AppendableWriter	write(int)	append(char)	java.lang.Appendable	SOURCE
com.google.gson.internal.Streams$AppendableWriter$CurrentWrite	subSequence(int,int)	String(char[],int,int)	java.lang.String	SOURCE
=======
com.google.gson.internal.bind.JsonTreeWriter	UNWRITABLE_WRITER	()	com.google.gson.internal.bind.JsonTreeWriter$1	SOURCE
com.google.gson.internal.bind.JsonTreeWriter$1	write(char[],int,int)	AssertionError()	java.lang.AssertionError	SOURCE
com.google.gson.internal.bind.JsonTreeWriter$1	flush()	AssertionError()	java.lang.AssertionError	SOURCE
com.google.gson.internal.bind.JsonTreeWriter$1	close()	AssertionError()	java.lang.AssertionError	SOURCE
com.google.gson.internal.bind.JsonTreeWriter	SENTINEL_CLOSED	JsonPrimitive(java.lang.String)	com.google.gson.JsonPrimitive	SOURCE
com.google.gson.internal.bind.JsonTreeWriter	stack	ArrayList()	java.util.ArrayList	SOURCE
com.google.gson.internal.bind.JsonTreeWriter	JsonTreeWriter()	JsonWriter(java.io.Writer)	com.google.gson.stream.JsonWriter	SOURCE
com.google.gson.internal.bind.JsonTreeWriter	get()	isEmpty()	java.util.List	SOURCE
com.google.gson.internal.bind.JsonTreeWriter	get()	IllegalStateException(java.lang.String)	java.lang.IllegalStateException	SOURCE
com.google.gson.internal.bind.JsonTreeWriter	peek()	get(int)	java.util.List	SOURCE
com.google.gson.internal.bind.JsonTreeWriter	peek()	size()	java.util.List	SOURCE
com.google.gson.internal.bind.JsonTreeWriter	put(com.google.gson.JsonElement)	isJsonNull()	com.google.gson.JsonElement	SOURCE
com.google.gson.internal.bind.JsonTreeWriter	put(com.google.gson.JsonElement)	getSerializeNulls()	com.google.gson.stream.JsonWriter	SOURCE
com.google.gson.internal.bind.JsonTreeWriter	put(com.google.gson.JsonElement)	peek()	com.google.gson.internal.bind.JsonTreeWriter	SOURCE
com.google.gson.internal.bind.JsonTreeWriter	put(com.google.gson.JsonElement)	add(java.lang.String,com.google.gson.JsonElement)	com.google.gson.JsonObject	SOURCE
com.google.gson.internal.bind.JsonTreeWriter	put(com.google.gson.JsonElement)	isEmpty()	java.util.List	SOURCE
com.google.gson.internal.bind.JsonTreeWriter	put(com.google.gson.JsonElement)	peek()	com.google.gson.internal.bind.JsonTreeWriter	SOURCE
com.google.gson.internal.bind.JsonTreeWriter	put(com.google.gson.JsonElement)	add(com.google.gson.JsonElement)	com.google.gson.JsonArray	SOURCE
com.google.gson.internal.bind.JsonTreeWriter	put(com.google.gson.JsonElement)	IllegalStateException()	java.lang.IllegalStateException	SOURCE
com.google.gson.internal.bind.JsonTreeWriter	beginArray()	JsonArray()	com.google.gson.JsonArray	SOURCE
com.google.gson.internal.bind.JsonTreeWriter	beginArray()	put(com.google.gson.JsonElement)	com.google.gson.internal.bind.JsonTreeWriter	SOURCE
com.google.gson.internal.bind.JsonTreeWriter	beginArray()	add(E)	java.util.List	SOURCE
com.google.gson.internal.bind.JsonTreeWriter	endArray()	isEmpty()	java.util.List	SOURCE
com.google.gson.internal.bind.JsonTreeWriter	endArray()	IllegalStateException()	java.lang.IllegalStateException	SOURCE
com.google.gson.internal.bind.JsonTreeWriter	endArray()	peek()	com.google.gson.internal.bind.JsonTreeWriter	SOURCE
com.google.gson.internal.bind.JsonTreeWriter	endArray()	remove(int)	java.util.List	SOURCE
com.google.gson.internal.bind.JsonTreeWriter	endArray()	size()	java.util.List	SOURCE
com.google.gson.internal.bind.JsonTreeWriter	endArray()	IllegalStateException()	java.lang.IllegalStateException	SOURCE
com.google.gson.internal.bind.JsonTreeWriter	beginObject()	JsonObject()	com.google.gson.JsonObject	SOURCE
com.google.gson.internal.bind.JsonTreeWriter	beginObject()	put(com.google.gson.JsonElement)	com.google.gson.internal.bind.JsonTreeWriter	SOURCE
com.google.gson.internal.bind.JsonTreeWriter	beginObject()	add(E)	java.util.List	SOURCE
com.google.gson.internal.bind.JsonTreeWriter	endObject()	isEmpty()	java.util.List	SOURCE
com.google.gson.internal.bind.JsonTreeWriter	endObject()	IllegalStateException()	java.lang.IllegalStateException	SOURCE
com.google.gson.internal.bind.JsonTreeWriter	endObject()	peek()	com.google.gson.internal.bind.JsonTreeWriter	SOURCE
com.google.gson.internal.bind.JsonTreeWriter	endObject()	remove(int)	java.util.List	SOURCE
com.google.gson.internal.bind.JsonTreeWriter	endObject()	size()	java.util.List	SOURCE
com.google.gson.internal.bind.JsonTreeWriter	endObject()	IllegalStateException()	java.lang.IllegalStateException	SOURCE
com.google.gson.internal.bind.JsonTreeWriter	name(java.lang.String)	NullPointerException(java.lang.String)	java.lang.NullPointerException	SOURCE
com.google.gson.internal.bind.JsonTreeWriter	name(java.lang.String)	isEmpty()	java.util.List	SOURCE
com.google.gson.internal.bind.JsonTreeWriter	name(java.lang.String)	IllegalStateException()	java.lang.IllegalStateException	SOURCE
com.google.gson.internal.bind.JsonTreeWriter	name(java.lang.String)	peek()	com.google.gson.internal.bind.JsonTreeWriter	SOURCE
com.google.gson.internal.bind.JsonTreeWriter	name(java.lang.String)	IllegalStateException()	java.lang.IllegalStateException	SOURCE
com.google.gson.internal.bind.JsonTreeWriter	value(java.lang.String)	nullValue()	com.google.gson.internal.bind.JsonTreeWriter	SOURCE
com.google.gson.internal.bind.JsonTreeWriter	value(java.lang.String)	put(com.google.gson.JsonElement)	com.google.gson.internal.bind.JsonTreeWriter	SOURCE
com.google.gson.internal.bind.JsonTreeWriter	value(java.lang.String)	JsonPrimitive(java.lang.String)	com.google.gson.JsonPrimitive	SOURCE
com.google.gson.internal.bind.JsonTreeWriter	nullValue()	put(com.google.gson.JsonElement)	com.google.gson.internal.bind.JsonTreeWriter	SOURCE
com.google.gson.internal.bind.JsonTreeWriter	value(boolean)	put(com.google.gson.JsonElement)	com.google.gson.internal.bind.JsonTreeWriter	SOURCE
com.google.gson.internal.bind.JsonTreeWriter	value(boolean)	JsonPrimitive(java.lang.Boolean)	com.google.gson.JsonPrimitive	SOURCE
com.google.gson.internal.bind.JsonTreeWriter	value(java.lang.Boolean)	nullValue()	com.google.gson.internal.bind.JsonTreeWriter	SOURCE
com.google.gson.internal.bind.JsonTreeWriter	value(java.lang.Boolean)	put(com.google.gson.JsonElement)	com.google.gson.internal.bind.JsonTreeWriter	SOURCE
com.google.gson.internal.bind.JsonTreeWriter	value(java.lang.Boolean)	JsonPrimitive(java.lang.Boolean)	com.google.gson.JsonPrimitive	SOURCE
com.google.gson.internal.bind.JsonTreeWriter	value(double)	isLenient()	com.google.gson.stream.JsonWriter	SOURCE
com.google.gson.internal.bind.JsonTreeWriter	value(double)	isNaN(double)	java.lang.Double	SOURCE
com.google.gson.internal.bind.JsonTreeWriter	value(double)	isInfinite(double)	java.lang.Double	SOURCE
com.google.gson.internal.bind.JsonTreeWriter	value(double)	IllegalArgumentException(java.lang.String)	java.lang.IllegalArgumentException	SOURCE
com.google.gson.internal.bind.JsonTreeWriter	value(double)	put(com.google.gson.JsonElement)	com.google.gson.internal.bind.JsonTreeWriter	SOURCE
com.google.gson.internal.bind.JsonTreeWriter	value(double)	JsonPrimitive(java.lang.Number)	com.google.gson.JsonPrimitive	SOURCE
com.google.gson.internal.bind.JsonTreeWriter	value(long)	put(com.google.gson.JsonElement)	com.google.gson.internal.bind.JsonTreeWriter	SOURCE
com.google.gson.internal.bind.JsonTreeWriter	value(long)	JsonPrimitive(java.lang.Number)	com.google.gson.JsonPrimitive	SOURCE
com.google.gson.internal.bind.JsonTreeWriter	value(java.lang.Number)	nullValue()	com.google.gson.internal.bind.JsonTreeWriter	SOURCE
com.google.gson.internal.bind.JsonTreeWriter	value(java.lang.Number)	isLenient()	com.google.gson.stream.JsonWriter	SOURCE
com.google.gson.internal.bind.JsonTreeWriter	value(java.lang.Number)	doubleValue()	java.lang.Number	SOURCE
com.google.gson.internal.bind.JsonTreeWriter	value(java.lang.Number)	isNaN(double)	java.lang.Double	SOURCE
com.google.gson.internal.bind.JsonTreeWriter	value(java.lang.Number)	isInfinite(double)	java.lang.Double	SOURCE
com.google.gson.internal.bind.JsonTreeWriter	value(java.lang.Number)	IllegalArgumentException(java.lang.String)	java.lang.IllegalArgumentException	SOURCE
com.google.gson.internal.bind.JsonTreeWriter	value(java.lang.Number)	put(com.google.gson.JsonElement)	com.google.gson.internal.bind.JsonTreeWriter	SOURCE
com.google.gson.internal.bind.JsonTreeWriter	value(java.lang.Number)	JsonPrimitive(java.lang.Number)	com.google.gson.JsonPrimitive	SOURCE
com.google.gson.internal.bind.JsonTreeWriter	close()	isEmpty()	java.util.List	SOURCE
com.google.gson.internal.bind.JsonTreeWriter	close()	IOException(java.lang.String)	java.io.IOException	SOURCE
com.google.gson.internal.bind.JsonTreeWriter	close()	add(E)	java.util.List	SOURCE
>>>>>>> base
com.google.gson.internal.bind.DateTypeAdapter	FACTORY	()	com.google.gson.internal.bind.DateTypeAdapter$1	SOURCE
com.google.gson.internal.bind.DateTypeAdapter$1	<T>create(com.google.gson.Gson,com.google.gson.reflect.TypeToken<T>)	getRawType()	com.google.gson.reflect.TypeToken	SOURCE
com.google.gson.internal.bind.DateTypeAdapter$1	<T>create(com.google.gson.Gson,com.google.gson.reflect.TypeToken<T>)	DateTypeAdapter()	com.google.gson.internal.bind.DateTypeAdapter	SOURCE
com.google.gson.internal.bind.DateTypeAdapter	dateFormats	ArrayList()	java.util.ArrayList	SOURCE
com.google.gson.internal.bind.DateTypeAdapter	DateTypeAdapter()	TypeAdapter()	com.google.gson.TypeAdapter	SOURCE
com.google.gson.internal.bind.DateTypeAdapter	DateTypeAdapter()	add(E)	java.util.List	SOURCE
com.google.gson.internal.bind.DateTypeAdapter	DateTypeAdapter()	getDateTimeInstance(int,int,java.util.Locale)	java.text.DateFormat	SOURCE
com.google.gson.internal.bind.DateTypeAdapter	DateTypeAdapter()	equals(java.lang.Object)	java.util.Locale	SOURCE
com.google.gson.internal.bind.DateTypeAdapter	DateTypeAdapter()	getDefault()	java.util.Locale	SOURCE
com.google.gson.internal.bind.DateTypeAdapter	DateTypeAdapter()	add(E)	java.util.List	SOURCE
com.google.gson.internal.bind.DateTypeAdapter	DateTypeAdapter()	getDateTimeInstance(int,int)	java.text.DateFormat	SOURCE
com.google.gson.internal.bind.DateTypeAdapter	DateTypeAdapter()	isJava9OrLater()	com.google.gson.internal.JavaVersion	SOURCE
com.google.gson.internal.bind.DateTypeAdapter	DateTypeAdapter()	add(E)	java.util.List	SOURCE
com.google.gson.internal.bind.DateTypeAdapter	DateTypeAdapter()	getUSDateTimeFormat(int,int)	com.google.gson.internal.PreJava9DateFormatProvider	SOURCE
com.google.gson.internal.bind.DateTypeAdapter	read(com.google.gson.stream.JsonReader)	peek()	com.google.gson.stream.JsonReader	SOURCE
com.google.gson.internal.bind.DateTypeAdapter	read(com.google.gson.stream.JsonReader)	nextNull()	com.google.gson.stream.JsonReader	SOURCE
com.google.gson.internal.bind.DateTypeAdapter	read(com.google.gson.stream.JsonReader)	deserializeToDate(java.lang.String)	com.google.gson.internal.bind.DateTypeAdapter	SOURCE
com.google.gson.internal.bind.DateTypeAdapter	read(com.google.gson.stream.JsonReader)	nextString()	com.google.gson.stream.JsonReader	SOURCE
com.google.gson.internal.bind.DateTypeAdapter	deserializeToDate(java.lang.String)	parse(java.lang.String)	java.text.DateFormat	SOURCE
com.google.gson.internal.bind.DateTypeAdapter	deserializeToDate(java.lang.String)	parse(java.lang.String,java.text.ParsePosition)	com.google.gson.internal.bind.util.ISO8601Utils	SOURCE
com.google.gson.internal.bind.DateTypeAdapter	deserializeToDate(java.lang.String)	ParsePosition(int)	java.text.ParsePosition	SOURCE
com.google.gson.internal.bind.DateTypeAdapter	deserializeToDate(java.lang.String)	JsonSyntaxException(java.lang.String,java.lang.Throwable)	com.google.gson.JsonSyntaxException	SOURCE
com.google.gson.internal.bind.DateTypeAdapter	write(com.google.gson.stream.JsonWriter,java.util.Date)	nullValue()	com.google.gson.stream.JsonWriter	SOURCE
com.google.gson.internal.bind.DateTypeAdapter	write(com.google.gson.stream.JsonWriter,java.util.Date)	format(java.util.Date)	java.text.DateFormat	SOURCE
com.google.gson.internal.bind.DateTypeAdapter	write(com.google.gson.stream.JsonWriter,java.util.Date)	get(int)	java.util.List	SOURCE
com.google.gson.internal.bind.DateTypeAdapter	write(com.google.gson.stream.JsonWriter,java.util.Date)	value(java.lang.String)	com.google.gson.stream.JsonWriter	SOURCE
<<<<<<< HEAD
com.google.gson.internal.bind.TypeAdapterRuntimeTypeWrapper	TypeAdapterRuntimeTypeWrapper(com.google.gson.Gson,com.google.gson.TypeAdapter<T>,java.lang.reflect.Type)	TypeAdapter()	com.google.gson.TypeAdapter	SOURCE
com.google.gson.internal.bind.TypeAdapterRuntimeTypeWrapper	read(com.google.gson.stream.JsonReader)	read(com.google.gson.stream.JsonReader)	com.google.gson.TypeAdapter	SOURCE
com.google.gson.internal.bind.TypeAdapterRuntimeTypeWrapper	write(com.google.gson.stream.JsonWriter,T)	getRuntimeTypeIfMoreSpecific(java.lang.reflect.Type,java.lang.Object)	com.google.gson.internal.bind.TypeAdapterRuntimeTypeWrapper	SOURCE
com.google.gson.internal.bind.TypeAdapterRuntimeTypeWrapper	write(com.google.gson.stream.JsonWriter,T)	<T>getAdapter(com.google.gson.reflect.TypeToken<T>)	com.google.gson.Gson	SOURCE
com.google.gson.internal.bind.TypeAdapterRuntimeTypeWrapper	write(com.google.gson.stream.JsonWriter,T)	get(java.lang.reflect.Type)	com.google.gson.reflect.TypeToken	SOURCE
com.google.gson.internal.bind.TypeAdapterRuntimeTypeWrapper	write(com.google.gson.stream.JsonWriter,T)	write(com.google.gson.stream.JsonWriter,T)	com.google.gson.TypeAdapter	SOURCE
com.google.gson.internal.bind.TypeAdapterRuntimeTypeWrapper	getRuntimeTypeIfMoreSpecific(java.lang.reflect.Type,java.lang.Object)	getClass()	java.lang.Object	SOURCE
=======
com.google.gson.internal.bind.TimeTypeAdapter	FACTORY	()	com.google.gson.internal.bind.TimeTypeAdapter$1	SOURCE
com.google.gson.internal.bind.TimeTypeAdapter$1	<T>create(com.google.gson.Gson,com.google.gson.reflect.TypeToken<T>)	getRawType()	com.google.gson.reflect.TypeToken	SOURCE
com.google.gson.internal.bind.TimeTypeAdapter$1	<T>create(com.google.gson.Gson,com.google.gson.reflect.TypeToken<T>)	TimeTypeAdapter()	com.google.gson.internal.bind.TimeTypeAdapter	SOURCE
com.google.gson.internal.bind.TimeTypeAdapter	format	SimpleDateFormat(java.lang.String)	java.text.SimpleDateFormat	SOURCE
com.google.gson.internal.bind.TimeTypeAdapter	read(com.google.gson.stream.JsonReader)	peek()	com.google.gson.stream.JsonReader	SOURCE
com.google.gson.internal.bind.TimeTypeAdapter	read(com.google.gson.stream.JsonReader)	nextNull()	com.google.gson.stream.JsonReader	SOURCE
com.google.gson.internal.bind.TimeTypeAdapter	read(com.google.gson.stream.JsonReader)	parse(java.lang.String)	java.text.DateFormat	SOURCE
com.google.gson.internal.bind.TimeTypeAdapter	read(com.google.gson.stream.JsonReader)	nextString()	com.google.gson.stream.JsonReader	SOURCE
com.google.gson.internal.bind.TimeTypeAdapter	read(com.google.gson.stream.JsonReader)	Time(long)	java.sql.Time	SOURCE
com.google.gson.internal.bind.TimeTypeAdapter	read(com.google.gson.stream.JsonReader)	getTime()	java.util.Date	SOURCE
com.google.gson.internal.bind.TimeTypeAdapter	read(com.google.gson.stream.JsonReader)	JsonSyntaxException(java.lang.Throwable)	com.google.gson.JsonSyntaxException	SOURCE
com.google.gson.internal.bind.TimeTypeAdapter	write(com.google.gson.stream.JsonWriter,java.sql.Time)	value(java.lang.String)	com.google.gson.stream.JsonWriter	SOURCE
com.google.gson.internal.bind.TimeTypeAdapter	write(com.google.gson.stream.JsonWriter,java.sql.Time)	format(java.util.Date)	java.text.DateFormat	SOURCE
>>>>>>> base
com.google.gson.internal.bind.util.ISO8601Utils	TIMEZONE_UTC	getTimeZone(java.lang.String)	java.util.TimeZone	SOURCE
com.google.gson.internal.bind.util.ISO8601Utils	format(java.util.Date)	format(java.util.Date,boolean,java.util.TimeZone)	com.google.gson.internal.bind.util.ISO8601Utils	SOURCE
com.google.gson.internal.bind.util.ISO8601Utils	format(java.util.Date,boolean)	format(java.util.Date,boolean,java.util.TimeZone)	com.google.gson.internal.bind.util.ISO8601Utils	SOURCE
com.google.gson.internal.bind.util.ISO8601Utils	format(java.util.Date,boolean,java.util.TimeZone)	GregorianCalendar(java.util.TimeZone,java.util.Locale)	java.util.GregorianCalendar	SOURCE
com.google.gson.internal.bind.util.ISO8601Utils	format(java.util.Date,boolean,java.util.TimeZone)	setTime(java.util.Date)	java.util.Calendar	SOURCE
com.google.gson.internal.bind.util.ISO8601Utils	format(java.util.Date,boolean,java.util.TimeZone)	length()	java.lang.String	SOURCE
com.google.gson.internal.bind.util.ISO8601Utils	format(java.util.Date,boolean,java.util.TimeZone)	length()	java.lang.String	SOURCE
com.google.gson.internal.bind.util.ISO8601Utils	format(java.util.Date,boolean,java.util.TimeZone)	getRawOffset()	java.util.TimeZone	SOURCE
com.google.gson.internal.bind.util.ISO8601Utils	format(java.util.Date,boolean,java.util.TimeZone)	length()	java.lang.String	SOURCE
com.google.gson.internal.bind.util.ISO8601Utils	format(java.util.Date,boolean,java.util.TimeZone)	length()	java.lang.String	SOURCE
com.google.gson.internal.bind.util.ISO8601Utils	format(java.util.Date,boolean,java.util.TimeZone)	StringBuilder(int)	java.lang.StringBuilder	SOURCE
com.google.gson.internal.bind.util.ISO8601Utils	format(java.util.Date,boolean,java.util.TimeZone)	padInt(java.lang.StringBuilder,int,int)	com.google.gson.internal.bind.util.ISO8601Utils	SOURCE
com.google.gson.internal.bind.util.ISO8601Utils	format(java.util.Date,boolean,java.util.TimeZone)	get(int)	java.util.Calendar	SOURCE
com.google.gson.internal.bind.util.ISO8601Utils	format(java.util.Date,boolean,java.util.TimeZone)	length()	java.lang.String	SOURCE
com.google.gson.internal.bind.util.ISO8601Utils	format(java.util.Date,boolean,java.util.TimeZone)	append(char)	java.lang.StringBuilder	SOURCE
com.google.gson.internal.bind.util.ISO8601Utils	format(java.util.Date,boolean,java.util.TimeZone)	padInt(java.lang.StringBuilder,int,int)	com.google.gson.internal.bind.util.ISO8601Utils	SOURCE
com.google.gson.internal.bind.util.ISO8601Utils	format(java.util.Date,boolean,java.util.TimeZone)	get(int)	java.util.Calendar	SOURCE
com.google.gson.internal.bind.util.ISO8601Utils	format(java.util.Date,boolean,java.util.TimeZone)	length()	java.lang.String	SOURCE
com.google.gson.internal.bind.util.ISO8601Utils	format(java.util.Date,boolean,java.util.TimeZone)	append(char)	java.lang.StringBuilder	SOURCE
com.google.gson.internal.bind.util.ISO8601Utils	format(java.util.Date,boolean,java.util.TimeZone)	padInt(java.lang.StringBuilder,int,int)	com.google.gson.internal.bind.util.ISO8601Utils	SOURCE
com.google.gson.internal.bind.util.ISO8601Utils	format(java.util.Date,boolean,java.util.TimeZone)	get(int)	java.util.Calendar	SOURCE
com.google.gson.internal.bind.util.ISO8601Utils	format(java.util.Date,boolean,java.util.TimeZone)	length()	java.lang.String	SOURCE
com.google.gson.internal.bind.util.ISO8601Utils	format(java.util.Date,boolean,java.util.TimeZone)	append(char)	java.lang.StringBuilder	SOURCE
com.google.gson.internal.bind.util.ISO8601Utils	format(java.util.Date,boolean,java.util.TimeZone)	padInt(java.lang.StringBuilder,int,int)	com.google.gson.internal.bind.util.ISO8601Utils	SOURCE
com.google.gson.internal.bind.util.ISO8601Utils	format(java.util.Date,boolean,java.util.TimeZone)	get(int)	java.util.Calendar	SOURCE
com.google.gson.internal.bind.util.ISO8601Utils	format(java.util.Date,boolean,java.util.TimeZone)	length()	java.lang.String	SOURCE
com.google.gson.internal.bind.util.ISO8601Utils	format(java.util.Date,boolean,java.util.TimeZone)	append(char)	java.lang.StringBuilder	SOURCE
com.google.gson.internal.bind.util.ISO8601Utils	format(java.util.Date,boolean,java.util.TimeZone)	padInt(java.lang.StringBuilder,int,int)	com.google.gson.internal.bind.util.ISO8601Utils	SOURCE
com.google.gson.internal.bind.util.ISO8601Utils	format(java.util.Date,boolean,java.util.TimeZone)	get(int)	java.util.Calendar	SOURCE
com.google.gson.internal.bind.util.ISO8601Utils	format(java.util.Date,boolean,java.util.TimeZone)	length()	java.lang.String	SOURCE
com.google.gson.internal.bind.util.ISO8601Utils	format(java.util.Date,boolean,java.util.TimeZone)	append(char)	java.lang.StringBuilder	SOURCE
com.google.gson.internal.bind.util.ISO8601Utils	format(java.util.Date,boolean,java.util.TimeZone)	padInt(java.lang.StringBuilder,int,int)	com.google.gson.internal.bind.util.ISO8601Utils	SOURCE
com.google.gson.internal.bind.util.ISO8601Utils	format(java.util.Date,boolean,java.util.TimeZone)	get(int)	java.util.Calendar	SOURCE
com.google.gson.internal.bind.util.ISO8601Utils	format(java.util.Date,boolean,java.util.TimeZone)	length()	java.lang.String	SOURCE
com.google.gson.internal.bind.util.ISO8601Utils	format(java.util.Date,boolean,java.util.TimeZone)	append(char)	java.lang.StringBuilder	SOURCE
com.google.gson.internal.bind.util.ISO8601Utils	format(java.util.Date,boolean,java.util.TimeZone)	padInt(java.lang.StringBuilder,int,int)	com.google.gson.internal.bind.util.ISO8601Utils	SOURCE
com.google.gson.internal.bind.util.ISO8601Utils	format(java.util.Date,boolean,java.util.TimeZone)	get(int)	java.util.Calendar	SOURCE
com.google.gson.internal.bind.util.ISO8601Utils	format(java.util.Date,boolean,java.util.TimeZone)	length()	java.lang.String	SOURCE
com.google.gson.internal.bind.util.ISO8601Utils	format(java.util.Date,boolean,java.util.TimeZone)	getOffset(long)	java.util.TimeZone	SOURCE
com.google.gson.internal.bind.util.ISO8601Utils	format(java.util.Date,boolean,java.util.TimeZone)	getTimeInMillis()	java.util.Calendar	SOURCE
com.google.gson.internal.bind.util.ISO8601Utils	format(java.util.Date,boolean,java.util.TimeZone)	abs(int)	java.lang.Math	SOURCE
com.google.gson.internal.bind.util.ISO8601Utils	format(java.util.Date,boolean,java.util.TimeZone)	abs(int)	java.lang.Math	SOURCE
com.google.gson.internal.bind.util.ISO8601Utils	format(java.util.Date,boolean,java.util.TimeZone)	append(char)	java.lang.StringBuilder	SOURCE
com.google.gson.internal.bind.util.ISO8601Utils	format(java.util.Date,boolean,java.util.TimeZone)	padInt(java.lang.StringBuilder,int,int)	com.google.gson.internal.bind.util.ISO8601Utils	SOURCE
com.google.gson.internal.bind.util.ISO8601Utils	format(java.util.Date,boolean,java.util.TimeZone)	length()	java.lang.String	SOURCE
com.google.gson.internal.bind.util.ISO8601Utils	format(java.util.Date,boolean,java.util.TimeZone)	append(char)	java.lang.StringBuilder	SOURCE
com.google.gson.internal.bind.util.ISO8601Utils	format(java.util.Date,boolean,java.util.TimeZone)	padInt(java.lang.StringBuilder,int,int)	com.google.gson.internal.bind.util.ISO8601Utils	SOURCE
com.google.gson.internal.bind.util.ISO8601Utils	format(java.util.Date,boolean,java.util.TimeZone)	length()	java.lang.String	SOURCE
com.google.gson.internal.bind.util.ISO8601Utils	format(java.util.Date,boolean,java.util.TimeZone)	append(char)	java.lang.StringBuilder	SOURCE
com.google.gson.internal.bind.util.ISO8601Utils	format(java.util.Date,boolean,java.util.TimeZone)	toString()	java.lang.StringBuilder	SOURCE
com.google.gson.internal.bind.util.ISO8601Utils	parse(java.lang.String,java.text.ParsePosition)	getIndex()	java.text.ParsePosition	SOURCE
com.google.gson.internal.bind.util.ISO8601Utils	parse(java.lang.String,java.text.ParsePosition)	parseInt(java.lang.String,int,int)	com.google.gson.internal.bind.util.ISO8601Utils	SOURCE
com.google.gson.internal.bind.util.ISO8601Utils	parse(java.lang.String,java.text.ParsePosition)	checkOffset(java.lang.String,int,char)	com.google.gson.internal.bind.util.ISO8601Utils	SOURCE
com.google.gson.internal.bind.util.ISO8601Utils	parse(java.lang.String,java.text.ParsePosition)	parseInt(java.lang.String,int,int)	com.google.gson.internal.bind.util.ISO8601Utils	SOURCE
com.google.gson.internal.bind.util.ISO8601Utils	parse(java.lang.String,java.text.ParsePosition)	checkOffset(java.lang.String,int,char)	com.google.gson.internal.bind.util.ISO8601Utils	SOURCE
com.google.gson.internal.bind.util.ISO8601Utils	parse(java.lang.String,java.text.ParsePosition)	parseInt(java.lang.String,int,int)	com.google.gson.internal.bind.util.ISO8601Utils	SOURCE
com.google.gson.internal.bind.util.ISO8601Utils	parse(java.lang.String,java.text.ParsePosition)	checkOffset(java.lang.String,int,char)	com.google.gson.internal.bind.util.ISO8601Utils	SOURCE
com.google.gson.internal.bind.util.ISO8601Utils	parse(java.lang.String,java.text.ParsePosition)	length()	java.lang.String	SOURCE
com.google.gson.internal.bind.util.ISO8601Utils	parse(java.lang.String,java.text.ParsePosition)	GregorianCalendar(int,int,int)	java.util.GregorianCalendar	SOURCE
com.google.gson.internal.bind.util.ISO8601Utils	parse(java.lang.String,java.text.ParsePosition)	setIndex(int)	java.text.ParsePosition	SOURCE
com.google.gson.internal.bind.util.ISO8601Utils	parse(java.lang.String,java.text.ParsePosition)	getTime()	java.util.Calendar	SOURCE
com.google.gson.internal.bind.util.ISO8601Utils	parse(java.lang.String,java.text.ParsePosition)	parseInt(java.lang.String,int,int)	com.google.gson.internal.bind.util.ISO8601Utils	SOURCE
com.google.gson.internal.bind.util.ISO8601Utils	parse(java.lang.String,java.text.ParsePosition)	checkOffset(java.lang.String,int,char)	com.google.gson.internal.bind.util.ISO8601Utils	SOURCE
com.google.gson.internal.bind.util.ISO8601Utils	parse(java.lang.String,java.text.ParsePosition)	parseInt(java.lang.String,int,int)	com.google.gson.internal.bind.util.ISO8601Utils	SOURCE
com.google.gson.internal.bind.util.ISO8601Utils	parse(java.lang.String,java.text.ParsePosition)	checkOffset(java.lang.String,int,char)	com.google.gson.internal.bind.util.ISO8601Utils	SOURCE
com.google.gson.internal.bind.util.ISO8601Utils	parse(java.lang.String,java.text.ParsePosition)	length()	java.lang.String	SOURCE
com.google.gson.internal.bind.util.ISO8601Utils	parse(java.lang.String,java.text.ParsePosition)	charAt(int)	java.lang.String	SOURCE
com.google.gson.internal.bind.util.ISO8601Utils	parse(java.lang.String,java.text.ParsePosition)	parseInt(java.lang.String,int,int)	com.google.gson.internal.bind.util.ISO8601Utils	SOURCE
com.google.gson.internal.bind.util.ISO8601Utils	parse(java.lang.String,java.text.ParsePosition)	checkOffset(java.lang.String,int,char)	com.google.gson.internal.bind.util.ISO8601Utils	SOURCE
com.google.gson.internal.bind.util.ISO8601Utils	parse(java.lang.String,java.text.ParsePosition)	indexOfNonDigit(java.lang.String,int)	com.google.gson.internal.bind.util.ISO8601Utils	SOURCE
com.google.gson.internal.bind.util.ISO8601Utils	parse(java.lang.String,java.text.ParsePosition)	min(int,int)	java.lang.Math	SOURCE
com.google.gson.internal.bind.util.ISO8601Utils	parse(java.lang.String,java.text.ParsePosition)	parseInt(java.lang.String,int,int)	com.google.gson.internal.bind.util.ISO8601Utils	SOURCE
com.google.gson.internal.bind.util.ISO8601Utils	parse(java.lang.String,java.text.ParsePosition)	length()	java.lang.String	SOURCE
com.google.gson.internal.bind.util.ISO8601Utils	parse(java.lang.String,java.text.ParsePosition)	IllegalArgumentException(java.lang.String)	java.lang.IllegalArgumentException	SOURCE
com.google.gson.internal.bind.util.ISO8601Utils	parse(java.lang.String,java.text.ParsePosition)	charAt(int)	java.lang.String	SOURCE
com.google.gson.internal.bind.util.ISO8601Utils	parse(java.lang.String,java.text.ParsePosition)	substring(int)	java.lang.String	SOURCE
com.google.gson.internal.bind.util.ISO8601Utils	parse(java.lang.String,java.text.ParsePosition)	length()	java.lang.String	SOURCE
com.google.gson.internal.bind.util.ISO8601Utils	parse(java.lang.String,java.text.ParsePosition)	length()	java.lang.String	SOURCE
com.google.gson.internal.bind.util.ISO8601Utils	parse(java.lang.String,java.text.ParsePosition)	equals(java.lang.Object)	java.lang.String	SOURCE
com.google.gson.internal.bind.util.ISO8601Utils	parse(java.lang.String,java.text.ParsePosition)	equals(java.lang.Object)	java.lang.String	SOURCE
com.google.gson.internal.bind.util.ISO8601Utils	parse(java.lang.String,java.text.ParsePosition)	getTimeZone(java.lang.String)	java.util.TimeZone	SOURCE
com.google.gson.internal.bind.util.ISO8601Utils	parse(java.lang.String,java.text.ParsePosition)	getID()	java.util.TimeZone	SOURCE
com.google.gson.internal.bind.util.ISO8601Utils	parse(java.lang.String,java.text.ParsePosition)	equals(java.lang.Object)	java.lang.String	SOURCE
com.google.gson.internal.bind.util.ISO8601Utils	parse(java.lang.String,java.text.ParsePosition)	replace(java.lang.CharSequence,java.lang.CharSequence)	java.lang.String	SOURCE
com.google.gson.internal.bind.util.ISO8601Utils	parse(java.lang.String,java.text.ParsePosition)	equals(java.lang.Object)	java.lang.String	SOURCE
com.google.gson.internal.bind.util.ISO8601Utils	parse(java.lang.String,java.text.ParsePosition)	IndexOutOfBoundsException(java.lang.String)	java.lang.IndexOutOfBoundsException	SOURCE
com.google.gson.internal.bind.util.ISO8601Utils	parse(java.lang.String,java.text.ParsePosition)	getID()	java.util.TimeZone	SOURCE
com.google.gson.internal.bind.util.ISO8601Utils	parse(java.lang.String,java.text.ParsePosition)	IndexOutOfBoundsException(java.lang.String)	java.lang.IndexOutOfBoundsException	SOURCE
com.google.gson.internal.bind.util.ISO8601Utils	parse(java.lang.String,java.text.ParsePosition)	GregorianCalendar(java.util.TimeZone)	java.util.GregorianCalendar	SOURCE
com.google.gson.internal.bind.util.ISO8601Utils	parse(java.lang.String,java.text.ParsePosition)	setLenient(boolean)	java.util.Calendar	SOURCE
com.google.gson.internal.bind.util.ISO8601Utils	parse(java.lang.String,java.text.ParsePosition)	set(int,int)	java.util.Calendar	SOURCE
com.google.gson.internal.bind.util.ISO8601Utils	parse(java.lang.String,java.text.ParsePosition)	set(int,int)	java.util.Calendar	SOURCE
com.google.gson.internal.bind.util.ISO8601Utils	parse(java.lang.String,java.text.ParsePosition)	set(int,int)	java.util.Calendar	SOURCE
com.google.gson.internal.bind.util.ISO8601Utils	parse(java.lang.String,java.text.ParsePosition)	set(int,int)	java.util.Calendar	SOURCE
com.google.gson.internal.bind.util.ISO8601Utils	parse(java.lang.String,java.text.ParsePosition)	set(int,int)	java.util.Calendar	SOURCE
com.google.gson.internal.bind.util.ISO8601Utils	parse(java.lang.String,java.text.ParsePosition)	set(int,int)	java.util.Calendar	SOURCE
com.google.gson.internal.bind.util.ISO8601Utils	parse(java.lang.String,java.text.ParsePosition)	set(int,int)	java.util.Calendar	SOURCE
com.google.gson.internal.bind.util.ISO8601Utils	parse(java.lang.String,java.text.ParsePosition)	setIndex(int)	java.text.ParsePosition	SOURCE
com.google.gson.internal.bind.util.ISO8601Utils	parse(java.lang.String,java.text.ParsePosition)	getTime()	java.util.Calendar	SOURCE
com.google.gson.internal.bind.util.ISO8601Utils	parse(java.lang.String,java.text.ParsePosition)	getMessage()	java.lang.Throwable	SOURCE
com.google.gson.internal.bind.util.ISO8601Utils	parse(java.lang.String,java.text.ParsePosition)	isEmpty()	java.lang.String	SOURCE
com.google.gson.internal.bind.util.ISO8601Utils	parse(java.lang.String,java.text.ParsePosition)	getName()	java.lang.Class	SOURCE
com.google.gson.internal.bind.util.ISO8601Utils	parse(java.lang.String,java.text.ParsePosition)	getClass()	java.lang.Object	SOURCE
com.google.gson.internal.bind.util.ISO8601Utils	parse(java.lang.String,java.text.ParsePosition)	ParseException(java.lang.String,int)	java.text.ParseException	SOURCE
com.google.gson.internal.bind.util.ISO8601Utils	parse(java.lang.String,java.text.ParsePosition)	getIndex()	java.text.ParsePosition	SOURCE
com.google.gson.internal.bind.util.ISO8601Utils	parse(java.lang.String,java.text.ParsePosition)	initCause(java.lang.Throwable)	java.lang.Throwable	SOURCE
com.google.gson.internal.bind.util.ISO8601Utils	checkOffset(java.lang.String,int,char)	length()	java.lang.String	SOURCE
com.google.gson.internal.bind.util.ISO8601Utils	checkOffset(java.lang.String,int,char)	charAt(int)	java.lang.String	SOURCE
com.google.gson.internal.bind.util.ISO8601Utils	parseInt(java.lang.String,int,int)	length()	java.lang.String	SOURCE
com.google.gson.internal.bind.util.ISO8601Utils	parseInt(java.lang.String,int,int)	NumberFormatException(java.lang.String)	java.lang.NumberFormatException	SOURCE
com.google.gson.internal.bind.util.ISO8601Utils	parseInt(java.lang.String,int,int)	digit(char,int)	java.lang.Character	SOURCE
com.google.gson.internal.bind.util.ISO8601Utils	parseInt(java.lang.String,int,int)	charAt(int)	java.lang.String	SOURCE
com.google.gson.internal.bind.util.ISO8601Utils	parseInt(java.lang.String,int,int)	NumberFormatException(java.lang.String)	java.lang.NumberFormatException	SOURCE
com.google.gson.internal.bind.util.ISO8601Utils	parseInt(java.lang.String,int,int)	substring(int,int)	java.lang.String	SOURCE
com.google.gson.internal.bind.util.ISO8601Utils	parseInt(java.lang.String,int,int)	digit(char,int)	java.lang.Character	SOURCE
com.google.gson.internal.bind.util.ISO8601Utils	parseInt(java.lang.String,int,int)	charAt(int)	java.lang.String	SOURCE
com.google.gson.internal.bind.util.ISO8601Utils	parseInt(java.lang.String,int,int)	NumberFormatException(java.lang.String)	java.lang.NumberFormatException	SOURCE
com.google.gson.internal.bind.util.ISO8601Utils	parseInt(java.lang.String,int,int)	substring(int,int)	java.lang.String	SOURCE
com.google.gson.internal.bind.util.ISO8601Utils	padInt(java.lang.StringBuilder,int,int)	toString(int)	java.lang.Integer	SOURCE
com.google.gson.internal.bind.util.ISO8601Utils	padInt(java.lang.StringBuilder,int,int)	length()	java.lang.String	SOURCE
com.google.gson.internal.bind.util.ISO8601Utils	padInt(java.lang.StringBuilder,int,int)	append(char)	java.lang.StringBuilder	SOURCE
com.google.gson.internal.bind.util.ISO8601Utils	padInt(java.lang.StringBuilder,int,int)	append(java.lang.String)	java.lang.StringBuilder	SOURCE
com.google.gson.internal.bind.util.ISO8601Utils	indexOfNonDigit(java.lang.String,int)	length()	java.lang.String	SOURCE
com.google.gson.internal.bind.util.ISO8601Utils	indexOfNonDigit(java.lang.String,int)	charAt(int)	java.lang.String	SOURCE
com.google.gson.internal.bind.util.ISO8601Utils	indexOfNonDigit(java.lang.String,int)	length()	java.lang.String	SOURCE
<<<<<<< HEAD
=======
com.google.gson.internal.bind.ReflectiveTypeAdapterFactory	accessor	getInstance()	com.google.gson.internal.reflect.ReflectionAccessor	SOURCE
com.google.gson.internal.bind.ReflectiveTypeAdapterFactory	ReflectiveTypeAdapterFactory(com.google.gson.internal.ConstructorConstructor,com.google.gson.FieldNamingStrategy,com.google.gson.internal.Excluder,com.google.gson.internal.bind.JsonAdapterAnnotationTypeAdapterFactory)	Object()	java.lang.Object	SOURCE
com.google.gson.internal.bind.ReflectiveTypeAdapterFactory	excludeField(java.lang.reflect.Field,boolean)	excludeField(java.lang.reflect.Field,boolean,com.google.gson.internal.Excluder)	com.google.gson.internal.bind.ReflectiveTypeAdapterFactory	SOURCE
com.google.gson.internal.bind.ReflectiveTypeAdapterFactory	excludeField(java.lang.reflect.Field,boolean,com.google.gson.internal.Excluder)	excludeClass(java.lang.Class<?>,boolean)	com.google.gson.internal.Excluder	SOURCE
com.google.gson.internal.bind.ReflectiveTypeAdapterFactory	excludeField(java.lang.reflect.Field,boolean,com.google.gson.internal.Excluder)	getType()	java.lang.reflect.Field	SOURCE
com.google.gson.internal.bind.ReflectiveTypeAdapterFactory	excludeField(java.lang.reflect.Field,boolean,com.google.gson.internal.Excluder)	excludeField(java.lang.reflect.Field,boolean)	com.google.gson.internal.Excluder	SOURCE
com.google.gson.internal.bind.ReflectiveTypeAdapterFactory	getFieldNames(java.lang.reflect.Field)	<T>getAnnotation(java.lang.Class<T>)	java.lang.reflect.Field	SOURCE
com.google.gson.internal.bind.ReflectiveTypeAdapterFactory	getFieldNames(java.lang.reflect.Field)	translateName(java.lang.reflect.Field)	com.google.gson.FieldNamingStrategy	SOURCE
com.google.gson.internal.bind.ReflectiveTypeAdapterFactory	getFieldNames(java.lang.reflect.Field)	<T>singletonList(T)	java.util.Collections	SOURCE
com.google.gson.internal.bind.ReflectiveTypeAdapterFactory	getFieldNames(java.lang.reflect.Field)	value()	com.google.gson.annotations.SerializedName	SOURCE
com.google.gson.internal.bind.ReflectiveTypeAdapterFactory	getFieldNames(java.lang.reflect.Field)	alternate()	com.google.gson.annotations.SerializedName	SOURCE
com.google.gson.internal.bind.ReflectiveTypeAdapterFactory	getFieldNames(java.lang.reflect.Field)	<T>singletonList(T)	java.util.Collections	SOURCE
com.google.gson.internal.bind.ReflectiveTypeAdapterFactory	getFieldNames(java.lang.reflect.Field)	ArrayList(int)	java.util.ArrayList	SOURCE
com.google.gson.internal.bind.ReflectiveTypeAdapterFactory	getFieldNames(java.lang.reflect.Field)	add(E)	java.util.List	SOURCE
com.google.gson.internal.bind.ReflectiveTypeAdapterFactory	getFieldNames(java.lang.reflect.Field)	add(E)	java.util.List	SOURCE
com.google.gson.internal.bind.ReflectiveTypeAdapterFactory	<T>create(com.google.gson.Gson,com.google.gson.reflect.TypeToken<T>)	getRawType()	com.google.gson.reflect.TypeToken	SOURCE
com.google.gson.internal.bind.ReflectiveTypeAdapterFactory	<T>create(com.google.gson.Gson,com.google.gson.reflect.TypeToken<T>)	isAssignableFrom(java.lang.Class<?>)	java.lang.Class	SOURCE
com.google.gson.internal.bind.ReflectiveTypeAdapterFactory	<T>create(com.google.gson.Gson,com.google.gson.reflect.TypeToken<T>)	<T>get(com.google.gson.reflect.TypeToken<T>)	com.google.gson.internal.ConstructorConstructor	SOURCE
com.google.gson.internal.bind.ReflectiveTypeAdapterFactory	<T>create(com.google.gson.Gson,com.google.gson.reflect.TypeToken<T>)	Adapter(com.google.gson.internal.ObjectConstructor<T>,java.util.Map<java.lang.String,com.google.gson.internal.bind.ReflectiveTypeAdapterFactory.BoundField>)	com.google.gson.internal.bind.ReflectiveTypeAdapterFactory$Adapter	SOURCE
com.google.gson.internal.bind.ReflectiveTypeAdapterFactory	<T>create(com.google.gson.Gson,com.google.gson.reflect.TypeToken<T>)	getBoundFields(com.google.gson.Gson,com.google.gson.reflect.TypeToken<?>,java.lang.Class<?>)	com.google.gson.internal.bind.ReflectiveTypeAdapterFactory	SOURCE
com.google.gson.internal.bind.ReflectiveTypeAdapterFactory	createBoundField(com.google.gson.Gson,java.lang.reflect.Field,java.lang.String,com.google.gson.reflect.TypeToken<?>,boolean,boolean)	isPrimitive(java.lang.reflect.Type)	com.google.gson.internal.Primitives	SOURCE
com.google.gson.internal.bind.ReflectiveTypeAdapterFactory	createBoundField(com.google.gson.Gson,java.lang.reflect.Field,java.lang.String,com.google.gson.reflect.TypeToken<?>,boolean,boolean)	getRawType()	com.google.gson.reflect.TypeToken	SOURCE
com.google.gson.internal.bind.ReflectiveTypeAdapterFactory	createBoundField(com.google.gson.Gson,java.lang.reflect.Field,java.lang.String,com.google.gson.reflect.TypeToken<?>,boolean,boolean)	<T>getAnnotation(java.lang.Class<T>)	java.lang.reflect.Field	SOURCE
com.google.gson.internal.bind.ReflectiveTypeAdapterFactory	createBoundField(com.google.gson.Gson,java.lang.reflect.Field,java.lang.String,com.google.gson.reflect.TypeToken<?>,boolean,boolean)	getTypeAdapter(com.google.gson.internal.ConstructorConstructor,com.google.gson.Gson,com.google.gson.reflect.TypeToken<?>,com.google.gson.annotations.JsonAdapter)	com.google.gson.internal.bind.JsonAdapterAnnotationTypeAdapterFactory	SOURCE
com.google.gson.internal.bind.ReflectiveTypeAdapterFactory	createBoundField(com.google.gson.Gson,java.lang.reflect.Field,java.lang.String,com.google.gson.reflect.TypeToken<?>,boolean,boolean)	<T>getAdapter(com.google.gson.reflect.TypeToken<T>)	com.google.gson.Gson	SOURCE
com.google.gson.internal.bind.ReflectiveTypeAdapterFactory	createBoundField(com.google.gson.Gson,java.lang.reflect.Field,java.lang.String,com.google.gson.reflect.TypeToken<?>,boolean,boolean)	(java.lang.String,boolean,boolean)	com.google.gson.internal.bind.ReflectiveTypeAdapterFactory$1	SOURCE
com.google.gson.internal.bind.ReflectiveTypeAdapterFactory$1	write(com.google.gson.stream.JsonWriter,java.lang.Object)	get(java.lang.Object)	java.lang.reflect.Field	SOURCE
com.google.gson.internal.bind.ReflectiveTypeAdapterFactory$1	write(com.google.gson.stream.JsonWriter,java.lang.Object)	TypeAdapterRuntimeTypeWrapper(com.google.gson.Gson,com.google.gson.TypeAdapter<T>,java.lang.reflect.Type)	com.google.gson.internal.bind.TypeAdapterRuntimeTypeWrapper	SOURCE
com.google.gson.internal.bind.ReflectiveTypeAdapterFactory$1	write(com.google.gson.stream.JsonWriter,java.lang.Object)	getType()	com.google.gson.reflect.TypeToken	SOURCE
com.google.gson.internal.bind.ReflectiveTypeAdapterFactory$1	write(com.google.gson.stream.JsonWriter,java.lang.Object)	write(com.google.gson.stream.JsonWriter,T)	com.google.gson.TypeAdapter	SOURCE
com.google.gson.internal.bind.ReflectiveTypeAdapterFactory$1	read(com.google.gson.stream.JsonReader,java.lang.Object)	read(com.google.gson.stream.JsonReader)	com.google.gson.TypeAdapter	SOURCE
com.google.gson.internal.bind.ReflectiveTypeAdapterFactory$1	read(com.google.gson.stream.JsonReader,java.lang.Object)	set(java.lang.Object,java.lang.Object)	java.lang.reflect.Field	SOURCE
com.google.gson.internal.bind.ReflectiveTypeAdapterFactory$1	writeField(java.lang.Object)	get(java.lang.Object)	java.lang.reflect.Field	SOURCE
com.google.gson.internal.bind.ReflectiveTypeAdapterFactory	getBoundFields(com.google.gson.Gson,com.google.gson.reflect.TypeToken<?>,java.lang.Class<?>)	LinkedHashMap()	java.util.LinkedHashMap	SOURCE
com.google.gson.internal.bind.ReflectiveTypeAdapterFactory	getBoundFields(com.google.gson.Gson,com.google.gson.reflect.TypeToken<?>,java.lang.Class<?>)	isInterface()	java.lang.Class	SOURCE
com.google.gson.internal.bind.ReflectiveTypeAdapterFactory	getBoundFields(com.google.gson.Gson,com.google.gson.reflect.TypeToken<?>,java.lang.Class<?>)	getType()	com.google.gson.reflect.TypeToken	SOURCE
com.google.gson.internal.bind.ReflectiveTypeAdapterFactory	getBoundFields(com.google.gson.Gson,com.google.gson.reflect.TypeToken<?>,java.lang.Class<?>)	getDeclaredFields()	java.lang.Class	SOURCE
com.google.gson.internal.bind.ReflectiveTypeAdapterFactory	getBoundFields(com.google.gson.Gson,com.google.gson.reflect.TypeToken<?>,java.lang.Class<?>)	excludeField(java.lang.reflect.Field,boolean)	com.google.gson.internal.bind.ReflectiveTypeAdapterFactory	SOURCE
com.google.gson.internal.bind.ReflectiveTypeAdapterFactory	getBoundFields(com.google.gson.Gson,com.google.gson.reflect.TypeToken<?>,java.lang.Class<?>)	excludeField(java.lang.reflect.Field,boolean)	com.google.gson.internal.bind.ReflectiveTypeAdapterFactory	SOURCE
com.google.gson.internal.bind.ReflectiveTypeAdapterFactory	getBoundFields(com.google.gson.Gson,com.google.gson.reflect.TypeToken<?>,java.lang.Class<?>)	makeAccessible(java.lang.reflect.AccessibleObject)	com.google.gson.internal.reflect.ReflectionAccessor	SOURCE
com.google.gson.internal.bind.ReflectiveTypeAdapterFactory	getBoundFields(com.google.gson.Gson,com.google.gson.reflect.TypeToken<?>,java.lang.Class<?>)	resolve(java.lang.reflect.Type,java.lang.Class<?>,java.lang.reflect.Type)	com.google.gson.internal.$Gson$Types	SOURCE
com.google.gson.internal.bind.ReflectiveTypeAdapterFactory	getBoundFields(com.google.gson.Gson,com.google.gson.reflect.TypeToken<?>,java.lang.Class<?>)	getType()	com.google.gson.reflect.TypeToken	SOURCE
com.google.gson.internal.bind.ReflectiveTypeAdapterFactory	getBoundFields(com.google.gson.Gson,com.google.gson.reflect.TypeToken<?>,java.lang.Class<?>)	getGenericType()	java.lang.reflect.Field	SOURCE
com.google.gson.internal.bind.ReflectiveTypeAdapterFactory	getBoundFields(com.google.gson.Gson,com.google.gson.reflect.TypeToken<?>,java.lang.Class<?>)	getFieldNames(java.lang.reflect.Field)	com.google.gson.internal.bind.ReflectiveTypeAdapterFactory	SOURCE
com.google.gson.internal.bind.ReflectiveTypeAdapterFactory	getBoundFields(com.google.gson.Gson,com.google.gson.reflect.TypeToken<?>,java.lang.Class<?>)	size()	java.util.List	SOURCE
com.google.gson.internal.bind.ReflectiveTypeAdapterFactory	getBoundFields(com.google.gson.Gson,com.google.gson.reflect.TypeToken<?>,java.lang.Class<?>)	get(int)	java.util.List	SOURCE
com.google.gson.internal.bind.ReflectiveTypeAdapterFactory	getBoundFields(com.google.gson.Gson,com.google.gson.reflect.TypeToken<?>,java.lang.Class<?>)	createBoundField(com.google.gson.Gson,java.lang.reflect.Field,java.lang.String,com.google.gson.reflect.TypeToken<?>,boolean,boolean)	com.google.gson.internal.bind.ReflectiveTypeAdapterFactory	SOURCE
com.google.gson.internal.bind.ReflectiveTypeAdapterFactory	getBoundFields(com.google.gson.Gson,com.google.gson.reflect.TypeToken<?>,java.lang.Class<?>)	get(java.lang.reflect.Type)	com.google.gson.reflect.TypeToken	SOURCE
com.google.gson.internal.bind.ReflectiveTypeAdapterFactory	getBoundFields(com.google.gson.Gson,com.google.gson.reflect.TypeToken<?>,java.lang.Class<?>)	put(K,V)	java.util.Map	SOURCE
com.google.gson.internal.bind.ReflectiveTypeAdapterFactory	getBoundFields(com.google.gson.Gson,com.google.gson.reflect.TypeToken<?>,java.lang.Class<?>)	IllegalArgumentException(java.lang.String)	java.lang.IllegalArgumentException	SOURCE
com.google.gson.internal.bind.ReflectiveTypeAdapterFactory	getBoundFields(com.google.gson.Gson,com.google.gson.reflect.TypeToken<?>,java.lang.Class<?>)	get(java.lang.reflect.Type)	com.google.gson.reflect.TypeToken	SOURCE
com.google.gson.internal.bind.ReflectiveTypeAdapterFactory	getBoundFields(com.google.gson.Gson,com.google.gson.reflect.TypeToken<?>,java.lang.Class<?>)	resolve(java.lang.reflect.Type,java.lang.Class<?>,java.lang.reflect.Type)	com.google.gson.internal.$Gson$Types	SOURCE
com.google.gson.internal.bind.ReflectiveTypeAdapterFactory	getBoundFields(com.google.gson.Gson,com.google.gson.reflect.TypeToken<?>,java.lang.Class<?>)	getType()	com.google.gson.reflect.TypeToken	SOURCE
com.google.gson.internal.bind.ReflectiveTypeAdapterFactory	getBoundFields(com.google.gson.Gson,com.google.gson.reflect.TypeToken<?>,java.lang.Class<?>)	getGenericSuperclass()	java.lang.Class	SOURCE
com.google.gson.internal.bind.ReflectiveTypeAdapterFactory	getBoundFields(com.google.gson.Gson,com.google.gson.reflect.TypeToken<?>,java.lang.Class<?>)	getRawType()	com.google.gson.reflect.TypeToken	SOURCE
com.google.gson.internal.bind.ReflectiveTypeAdapterFactory$BoundField	BoundField(java.lang.String,boolean,boolean)	Object()	java.lang.Object	SOURCE
com.google.gson.internal.bind.ReflectiveTypeAdapterFactory$Adapter	Adapter(com.google.gson.internal.ObjectConstructor<T>,java.util.Map<java.lang.String,com.google.gson.internal.bind.ReflectiveTypeAdapterFactory.BoundField>)	TypeAdapter()	com.google.gson.TypeAdapter	SOURCE
com.google.gson.internal.bind.ReflectiveTypeAdapterFactory$Adapter	read(com.google.gson.stream.JsonReader)	peek()	com.google.gson.stream.JsonReader	SOURCE
com.google.gson.internal.bind.ReflectiveTypeAdapterFactory$Adapter	read(com.google.gson.stream.JsonReader)	nextNull()	com.google.gson.stream.JsonReader	SOURCE
com.google.gson.internal.bind.ReflectiveTypeAdapterFactory$Adapter	read(com.google.gson.stream.JsonReader)	construct()	com.google.gson.internal.ObjectConstructor	SOURCE
com.google.gson.internal.bind.ReflectiveTypeAdapterFactory$Adapter	read(com.google.gson.stream.JsonReader)	beginObject()	com.google.gson.stream.JsonReader	SOURCE
com.google.gson.internal.bind.ReflectiveTypeAdapterFactory$Adapter	read(com.google.gson.stream.JsonReader)	hasNext()	com.google.gson.stream.JsonReader	SOURCE
com.google.gson.internal.bind.ReflectiveTypeAdapterFactory$Adapter	read(com.google.gson.stream.JsonReader)	nextName()	com.google.gson.stream.JsonReader	SOURCE
com.google.gson.internal.bind.ReflectiveTypeAdapterFactory$Adapter	read(com.google.gson.stream.JsonReader)	get(java.lang.Object)	java.util.Map	SOURCE
com.google.gson.internal.bind.ReflectiveTypeAdapterFactory$Adapter	read(com.google.gson.stream.JsonReader)	skipValue()	com.google.gson.stream.JsonReader	SOURCE
com.google.gson.internal.bind.ReflectiveTypeAdapterFactory$Adapter	read(com.google.gson.stream.JsonReader)	read(com.google.gson.stream.JsonReader,java.lang.Object)	com.google.gson.internal.bind.ReflectiveTypeAdapterFactory$BoundField	SOURCE
com.google.gson.internal.bind.ReflectiveTypeAdapterFactory$Adapter	read(com.google.gson.stream.JsonReader)	JsonSyntaxException(java.lang.Throwable)	com.google.gson.JsonSyntaxException	SOURCE
com.google.gson.internal.bind.ReflectiveTypeAdapterFactory$Adapter	read(com.google.gson.stream.JsonReader)	AssertionError(java.lang.Object)	java.lang.AssertionError	SOURCE
com.google.gson.internal.bind.ReflectiveTypeAdapterFactory$Adapter	read(com.google.gson.stream.JsonReader)	endObject()	com.google.gson.stream.JsonReader	SOURCE
com.google.gson.internal.bind.ReflectiveTypeAdapterFactory$Adapter	write(com.google.gson.stream.JsonWriter,T)	nullValue()	com.google.gson.stream.JsonWriter	SOURCE
com.google.gson.internal.bind.ReflectiveTypeAdapterFactory$Adapter	write(com.google.gson.stream.JsonWriter,T)	beginObject()	com.google.gson.stream.JsonWriter	SOURCE
com.google.gson.internal.bind.ReflectiveTypeAdapterFactory$Adapter	write(com.google.gson.stream.JsonWriter,T)	values()	java.util.Map	SOURCE
com.google.gson.internal.bind.ReflectiveTypeAdapterFactory$Adapter	write(com.google.gson.stream.JsonWriter,T)	writeField(java.lang.Object)	com.google.gson.internal.bind.ReflectiveTypeAdapterFactory$BoundField	SOURCE
com.google.gson.internal.bind.ReflectiveTypeAdapterFactory$Adapter	write(com.google.gson.stream.JsonWriter,T)	name(java.lang.String)	com.google.gson.stream.JsonWriter	SOURCE
com.google.gson.internal.bind.ReflectiveTypeAdapterFactory$Adapter	write(com.google.gson.stream.JsonWriter,T)	write(com.google.gson.stream.JsonWriter,java.lang.Object)	com.google.gson.internal.bind.ReflectiveTypeAdapterFactory$BoundField	SOURCE
com.google.gson.internal.bind.ReflectiveTypeAdapterFactory$Adapter	write(com.google.gson.stream.JsonWriter,T)	AssertionError(java.lang.Object)	java.lang.AssertionError	SOURCE
com.google.gson.internal.bind.ReflectiveTypeAdapterFactory$Adapter	write(com.google.gson.stream.JsonWriter,T)	endObject()	com.google.gson.stream.JsonWriter	SOURCE
com.google.gson.internal.bind.ObjectTypeAdapter	FACTORY	()	com.google.gson.internal.bind.ObjectTypeAdapter$1	SOURCE
com.google.gson.internal.bind.ObjectTypeAdapter$1	<T>create(com.google.gson.Gson,com.google.gson.reflect.TypeToken<T>)	getRawType()	com.google.gson.reflect.TypeToken	SOURCE
com.google.gson.internal.bind.ObjectTypeAdapter$1	<T>create(com.google.gson.Gson,com.google.gson.reflect.TypeToken<T>)	ObjectTypeAdapter(com.google.gson.Gson)	com.google.gson.internal.bind.ObjectTypeAdapter	SOURCE
com.google.gson.internal.bind.ObjectTypeAdapter	ObjectTypeAdapter(com.google.gson.Gson)	TypeAdapter()	com.google.gson.TypeAdapter	SOURCE
com.google.gson.internal.bind.ObjectTypeAdapter	read(com.google.gson.stream.JsonReader)	peek()	com.google.gson.stream.JsonReader	SOURCE
com.google.gson.internal.bind.ObjectTypeAdapter	read(com.google.gson.stream.JsonReader)	ArrayList()	java.util.ArrayList	SOURCE
com.google.gson.internal.bind.ObjectTypeAdapter	read(com.google.gson.stream.JsonReader)	beginArray()	com.google.gson.stream.JsonReader	SOURCE
com.google.gson.internal.bind.ObjectTypeAdapter	read(com.google.gson.stream.JsonReader)	hasNext()	com.google.gson.stream.JsonReader	SOURCE
com.google.gson.internal.bind.ObjectTypeAdapter	read(com.google.gson.stream.JsonReader)	add(E)	java.util.List	SOURCE
com.google.gson.internal.bind.ObjectTypeAdapter	read(com.google.gson.stream.JsonReader)	read(com.google.gson.stream.JsonReader)	com.google.gson.internal.bind.ObjectTypeAdapter	SOURCE
com.google.gson.internal.bind.ObjectTypeAdapter	read(com.google.gson.stream.JsonReader)	endArray()	com.google.gson.stream.JsonReader	SOURCE
com.google.gson.internal.bind.ObjectTypeAdapter	read(com.google.gson.stream.JsonReader)	LinkedTreeMap()	com.google.gson.internal.LinkedTreeMap	SOURCE
com.google.gson.internal.bind.ObjectTypeAdapter	read(com.google.gson.stream.JsonReader)	beginObject()	com.google.gson.stream.JsonReader	SOURCE
com.google.gson.internal.bind.ObjectTypeAdapter	read(com.google.gson.stream.JsonReader)	hasNext()	com.google.gson.stream.JsonReader	SOURCE
com.google.gson.internal.bind.ObjectTypeAdapter	read(com.google.gson.stream.JsonReader)	put(K,V)	java.util.Map	SOURCE
com.google.gson.internal.bind.ObjectTypeAdapter	read(com.google.gson.stream.JsonReader)	nextName()	com.google.gson.stream.JsonReader	SOURCE
com.google.gson.internal.bind.ObjectTypeAdapter	read(com.google.gson.stream.JsonReader)	read(com.google.gson.stream.JsonReader)	com.google.gson.internal.bind.ObjectTypeAdapter	SOURCE
com.google.gson.internal.bind.ObjectTypeAdapter	read(com.google.gson.stream.JsonReader)	endObject()	com.google.gson.stream.JsonReader	SOURCE
com.google.gson.internal.bind.ObjectTypeAdapter	read(com.google.gson.stream.JsonReader)	nextString()	com.google.gson.stream.JsonReader	SOURCE
com.google.gson.internal.bind.ObjectTypeAdapter	read(com.google.gson.stream.JsonReader)	nextDouble()	com.google.gson.stream.JsonReader	SOURCE
com.google.gson.internal.bind.ObjectTypeAdapter	read(com.google.gson.stream.JsonReader)	nextBoolean()	com.google.gson.stream.JsonReader	SOURCE
com.google.gson.internal.bind.ObjectTypeAdapter	read(com.google.gson.stream.JsonReader)	nextNull()	com.google.gson.stream.JsonReader	SOURCE
com.google.gson.internal.bind.ObjectTypeAdapter	read(com.google.gson.stream.JsonReader)	IllegalStateException()	java.lang.IllegalStateException	SOURCE
com.google.gson.internal.bind.ObjectTypeAdapter	write(com.google.gson.stream.JsonWriter,java.lang.Object)	nullValue()	com.google.gson.stream.JsonWriter	SOURCE
com.google.gson.internal.bind.ObjectTypeAdapter	write(com.google.gson.stream.JsonWriter,java.lang.Object)	<T>getAdapter(java.lang.Class<T>)	com.google.gson.Gson	SOURCE
com.google.gson.internal.bind.ObjectTypeAdapter	write(com.google.gson.stream.JsonWriter,java.lang.Object)	getClass()	java.lang.Object	SOURCE
com.google.gson.internal.bind.ObjectTypeAdapter	write(com.google.gson.stream.JsonWriter,java.lang.Object)	beginObject()	com.google.gson.stream.JsonWriter	SOURCE
com.google.gson.internal.bind.ObjectTypeAdapter	write(com.google.gson.stream.JsonWriter,java.lang.Object)	endObject()	com.google.gson.stream.JsonWriter	SOURCE
com.google.gson.internal.bind.ObjectTypeAdapter	write(com.google.gson.stream.JsonWriter,java.lang.Object)	write(com.google.gson.stream.JsonWriter,T)	com.google.gson.TypeAdapter	SOURCE
com.google.gson.internal.bind.CollectionTypeAdapterFactory	CollectionTypeAdapterFactory(com.google.gson.internal.ConstructorConstructor)	Object()	java.lang.Object	SOURCE
com.google.gson.internal.bind.CollectionTypeAdapterFactory	<T>create(com.google.gson.Gson,com.google.gson.reflect.TypeToken<T>)	getType()	com.google.gson.reflect.TypeToken	SOURCE
com.google.gson.internal.bind.CollectionTypeAdapterFactory	<T>create(com.google.gson.Gson,com.google.gson.reflect.TypeToken<T>)	getRawType()	com.google.gson.reflect.TypeToken	SOURCE
com.google.gson.internal.bind.CollectionTypeAdapterFactory	<T>create(com.google.gson.Gson,com.google.gson.reflect.TypeToken<T>)	isAssignableFrom(java.lang.Class<?>)	java.lang.Class	SOURCE
com.google.gson.internal.bind.CollectionTypeAdapterFactory	<T>create(com.google.gson.Gson,com.google.gson.reflect.TypeToken<T>)	getCollectionElementType(java.lang.reflect.Type,java.lang.Class<?>)	com.google.gson.internal.$Gson$Types	SOURCE
com.google.gson.internal.bind.CollectionTypeAdapterFactory	<T>create(com.google.gson.Gson,com.google.gson.reflect.TypeToken<T>)	<T>getAdapter(com.google.gson.reflect.TypeToken<T>)	com.google.gson.Gson	SOURCE
com.google.gson.internal.bind.CollectionTypeAdapterFactory	<T>create(com.google.gson.Gson,com.google.gson.reflect.TypeToken<T>)	get(java.lang.reflect.Type)	com.google.gson.reflect.TypeToken	SOURCE
com.google.gson.internal.bind.CollectionTypeAdapterFactory	<T>create(com.google.gson.Gson,com.google.gson.reflect.TypeToken<T>)	<T>get(com.google.gson.reflect.TypeToken<T>)	com.google.gson.internal.ConstructorConstructor	SOURCE
com.google.gson.internal.bind.CollectionTypeAdapterFactory	<T>create(com.google.gson.Gson,com.google.gson.reflect.TypeToken<T>)	Adapter(com.google.gson.Gson,java.lang.reflect.Type,com.google.gson.TypeAdapter<E>,com.google.gson.internal.ObjectConstructor<? extends java.util.Collection<E>>)	com.google.gson.internal.bind.CollectionTypeAdapterFactory$Adapter	SOURCE
com.google.gson.internal.bind.CollectionTypeAdapterFactory$Adapter	Adapter(com.google.gson.Gson,java.lang.reflect.Type,com.google.gson.TypeAdapter<E>,com.google.gson.internal.ObjectConstructor<? extends java.util.Collection<E>>)	TypeAdapter()	com.google.gson.TypeAdapter	SOURCE
com.google.gson.internal.bind.CollectionTypeAdapterFactory$Adapter	Adapter(com.google.gson.Gson,java.lang.reflect.Type,com.google.gson.TypeAdapter<E>,com.google.gson.internal.ObjectConstructor<? extends java.util.Collection<E>>)	TypeAdapterRuntimeTypeWrapper(com.google.gson.Gson,com.google.gson.TypeAdapter<T>,java.lang.reflect.Type)	com.google.gson.internal.bind.TypeAdapterRuntimeTypeWrapper	SOURCE
com.google.gson.internal.bind.CollectionTypeAdapterFactory$Adapter	read(com.google.gson.stream.JsonReader)	peek()	com.google.gson.stream.JsonReader	SOURCE
com.google.gson.internal.bind.CollectionTypeAdapterFactory$Adapter	read(com.google.gson.stream.JsonReader)	nextNull()	com.google.gson.stream.JsonReader	SOURCE
com.google.gson.internal.bind.CollectionTypeAdapterFactory$Adapter	read(com.google.gson.stream.JsonReader)	construct()	com.google.gson.internal.ObjectConstructor	SOURCE
com.google.gson.internal.bind.CollectionTypeAdapterFactory$Adapter	read(com.google.gson.stream.JsonReader)	beginArray()	com.google.gson.stream.JsonReader	SOURCE
com.google.gson.internal.bind.CollectionTypeAdapterFactory$Adapter	read(com.google.gson.stream.JsonReader)	hasNext()	com.google.gson.stream.JsonReader	SOURCE
com.google.gson.internal.bind.CollectionTypeAdapterFactory$Adapter	read(com.google.gson.stream.JsonReader)	read(com.google.gson.stream.JsonReader)	com.google.gson.TypeAdapter	SOURCE
com.google.gson.internal.bind.CollectionTypeAdapterFactory$Adapter	read(com.google.gson.stream.JsonReader)	add(E)	java.util.Collection	SOURCE
com.google.gson.internal.bind.CollectionTypeAdapterFactory$Adapter	read(com.google.gson.stream.JsonReader)	endArray()	com.google.gson.stream.JsonReader	SOURCE
com.google.gson.internal.bind.CollectionTypeAdapterFactory$Adapter	write(com.google.gson.stream.JsonWriter,java.util.Collection<E>)	nullValue()	com.google.gson.stream.JsonWriter	SOURCE
com.google.gson.internal.bind.CollectionTypeAdapterFactory$Adapter	write(com.google.gson.stream.JsonWriter,java.util.Collection<E>)	beginArray()	com.google.gson.stream.JsonWriter	SOURCE
com.google.gson.internal.bind.CollectionTypeAdapterFactory$Adapter	write(com.google.gson.stream.JsonWriter,java.util.Collection<E>)	write(com.google.gson.stream.JsonWriter,T)	com.google.gson.TypeAdapter	SOURCE
com.google.gson.internal.bind.CollectionTypeAdapterFactory$Adapter	write(com.google.gson.stream.JsonWriter,java.util.Collection<E>)	endArray()	com.google.gson.stream.JsonWriter	SOURCE
com.google.gson.internal.bind.JsonTreeReader	UNREADABLE_READER	()	com.google.gson.internal.bind.JsonTreeReader$1	SOURCE
com.google.gson.internal.bind.JsonTreeReader$1	read(char[],int,int)	AssertionError()	java.lang.AssertionError	SOURCE
com.google.gson.internal.bind.JsonTreeReader$1	close()	AssertionError()	java.lang.AssertionError	SOURCE
com.google.gson.internal.bind.JsonTreeReader	SENTINEL_CLOSED	Object()	java.lang.Object	SOURCE
com.google.gson.internal.bind.JsonTreeReader	JsonTreeReader(com.google.gson.JsonElement)	JsonReader(java.io.Reader)	com.google.gson.stream.JsonReader	SOURCE
com.google.gson.internal.bind.JsonTreeReader	JsonTreeReader(com.google.gson.JsonElement)	push(java.lang.Object)	com.google.gson.internal.bind.JsonTreeReader	SOURCE
com.google.gson.internal.bind.JsonTreeReader	beginArray()	expect(com.google.gson.stream.JsonToken)	com.google.gson.internal.bind.JsonTreeReader	SOURCE
com.google.gson.internal.bind.JsonTreeReader	beginArray()	peekStack()	com.google.gson.internal.bind.JsonTreeReader	SOURCE
com.google.gson.internal.bind.JsonTreeReader	beginArray()	push(java.lang.Object)	com.google.gson.internal.bind.JsonTreeReader	SOURCE
com.google.gson.internal.bind.JsonTreeReader	beginArray()	iterator()	com.google.gson.JsonArray	SOURCE
com.google.gson.internal.bind.JsonTreeReader	endArray()	expect(com.google.gson.stream.JsonToken)	com.google.gson.internal.bind.JsonTreeReader	SOURCE
com.google.gson.internal.bind.JsonTreeReader	endArray()	popStack()	com.google.gson.internal.bind.JsonTreeReader	SOURCE
com.google.gson.internal.bind.JsonTreeReader	endArray()	popStack()	com.google.gson.internal.bind.JsonTreeReader	SOURCE
com.google.gson.internal.bind.JsonTreeReader	beginObject()	expect(com.google.gson.stream.JsonToken)	com.google.gson.internal.bind.JsonTreeReader	SOURCE
com.google.gson.internal.bind.JsonTreeReader	beginObject()	peekStack()	com.google.gson.internal.bind.JsonTreeReader	SOURCE
com.google.gson.internal.bind.JsonTreeReader	beginObject()	push(java.lang.Object)	com.google.gson.internal.bind.JsonTreeReader	SOURCE
com.google.gson.internal.bind.JsonTreeReader	beginObject()	iterator()	java.util.Set	SOURCE
com.google.gson.internal.bind.JsonTreeReader	beginObject()	entrySet()	com.google.gson.JsonObject	SOURCE
com.google.gson.internal.bind.JsonTreeReader	endObject()	expect(com.google.gson.stream.JsonToken)	com.google.gson.internal.bind.JsonTreeReader	SOURCE
com.google.gson.internal.bind.JsonTreeReader	endObject()	popStack()	com.google.gson.internal.bind.JsonTreeReader	SOURCE
com.google.gson.internal.bind.JsonTreeReader	endObject()	popStack()	com.google.gson.internal.bind.JsonTreeReader	SOURCE
com.google.gson.internal.bind.JsonTreeReader	hasNext()	peek()	com.google.gson.internal.bind.JsonTreeReader	SOURCE
com.google.gson.internal.bind.JsonTreeReader	peek()	peekStack()	com.google.gson.internal.bind.JsonTreeReader	SOURCE
com.google.gson.internal.bind.JsonTreeReader	peek()	hasNext()	java.util.Iterator	SOURCE
com.google.gson.internal.bind.JsonTreeReader	peek()	push(java.lang.Object)	com.google.gson.internal.bind.JsonTreeReader	SOURCE
com.google.gson.internal.bind.JsonTreeReader	peek()	next()	java.util.Iterator	SOURCE
com.google.gson.internal.bind.JsonTreeReader	peek()	peek()	com.google.gson.internal.bind.JsonTreeReader	SOURCE
com.google.gson.internal.bind.JsonTreeReader	peek()	isString()	com.google.gson.JsonPrimitive	SOURCE
com.google.gson.internal.bind.JsonTreeReader	peek()	isBoolean()	com.google.gson.JsonPrimitive	SOURCE
com.google.gson.internal.bind.JsonTreeReader	peek()	isNumber()	com.google.gson.JsonPrimitive	SOURCE
com.google.gson.internal.bind.JsonTreeReader	peek()	AssertionError()	java.lang.AssertionError	SOURCE
com.google.gson.internal.bind.JsonTreeReader	peek()	IllegalStateException(java.lang.String)	java.lang.IllegalStateException	SOURCE
com.google.gson.internal.bind.JsonTreeReader	peek()	AssertionError()	java.lang.AssertionError	SOURCE
com.google.gson.internal.bind.JsonTreeReader	expect(com.google.gson.stream.JsonToken)	peek()	com.google.gson.internal.bind.JsonTreeReader	SOURCE
com.google.gson.internal.bind.JsonTreeReader	expect(com.google.gson.stream.JsonToken)	IllegalStateException(java.lang.String)	java.lang.IllegalStateException	SOURCE
com.google.gson.internal.bind.JsonTreeReader	expect(com.google.gson.stream.JsonToken)	peek()	com.google.gson.internal.bind.JsonTreeReader	SOURCE
com.google.gson.internal.bind.JsonTreeReader	expect(com.google.gson.stream.JsonToken)	locationString()	com.google.gson.internal.bind.JsonTreeReader	SOURCE
com.google.gson.internal.bind.JsonTreeReader	nextName()	expect(com.google.gson.stream.JsonToken)	com.google.gson.internal.bind.JsonTreeReader	SOURCE
com.google.gson.internal.bind.JsonTreeReader	nextName()	peekStack()	com.google.gson.internal.bind.JsonTreeReader	SOURCE
com.google.gson.internal.bind.JsonTreeReader	nextName()	next()	java.util.Iterator	SOURCE
com.google.gson.internal.bind.JsonTreeReader	nextName()	getKey()	java.util.Map$Entry	SOURCE
com.google.gson.internal.bind.JsonTreeReader	nextName()	push(java.lang.Object)	com.google.gson.internal.bind.JsonTreeReader	SOURCE
com.google.gson.internal.bind.JsonTreeReader	nextName()	getValue()	java.util.Map$Entry	SOURCE
com.google.gson.internal.bind.JsonTreeReader	nextString()	peek()	com.google.gson.internal.bind.JsonTreeReader	SOURCE
com.google.gson.internal.bind.JsonTreeReader	nextString()	IllegalStateException(java.lang.String)	java.lang.IllegalStateException	SOURCE
com.google.gson.internal.bind.JsonTreeReader	nextString()	locationString()	com.google.gson.internal.bind.JsonTreeReader	SOURCE
com.google.gson.internal.bind.JsonTreeReader	nextString()	getAsString()	com.google.gson.JsonPrimitive	SOURCE
com.google.gson.internal.bind.JsonTreeReader	nextString()	popStack()	com.google.gson.internal.bind.JsonTreeReader	SOURCE
com.google.gson.internal.bind.JsonTreeReader	nextBoolean()	expect(com.google.gson.stream.JsonToken)	com.google.gson.internal.bind.JsonTreeReader	SOURCE
com.google.gson.internal.bind.JsonTreeReader	nextBoolean()	getAsBoolean()	com.google.gson.JsonPrimitive	SOURCE
com.google.gson.internal.bind.JsonTreeReader	nextBoolean()	popStack()	com.google.gson.internal.bind.JsonTreeReader	SOURCE
com.google.gson.internal.bind.JsonTreeReader	nextNull()	expect(com.google.gson.stream.JsonToken)	com.google.gson.internal.bind.JsonTreeReader	SOURCE
com.google.gson.internal.bind.JsonTreeReader	nextNull()	popStack()	com.google.gson.internal.bind.JsonTreeReader	SOURCE
com.google.gson.internal.bind.JsonTreeReader	nextDouble()	peek()	com.google.gson.internal.bind.JsonTreeReader	SOURCE
com.google.gson.internal.bind.JsonTreeReader	nextDouble()	IllegalStateException(java.lang.String)	java.lang.IllegalStateException	SOURCE
com.google.gson.internal.bind.JsonTreeReader	nextDouble()	locationString()	com.google.gson.internal.bind.JsonTreeReader	SOURCE
com.google.gson.internal.bind.JsonTreeReader	nextDouble()	getAsDouble()	com.google.gson.JsonPrimitive	SOURCE
com.google.gson.internal.bind.JsonTreeReader	nextDouble()	peekStack()	com.google.gson.internal.bind.JsonTreeReader	SOURCE
com.google.gson.internal.bind.JsonTreeReader	nextDouble()	isLenient()	com.google.gson.stream.JsonReader	SOURCE
com.google.gson.internal.bind.JsonTreeReader	nextDouble()	isNaN(double)	java.lang.Double	SOURCE
com.google.gson.internal.bind.JsonTreeReader	nextDouble()	isInfinite(double)	java.lang.Double	SOURCE
com.google.gson.internal.bind.JsonTreeReader	nextDouble()	NumberFormatException(java.lang.String)	java.lang.NumberFormatException	SOURCE
com.google.gson.internal.bind.JsonTreeReader	nextDouble()	popStack()	com.google.gson.internal.bind.JsonTreeReader	SOURCE
com.google.gson.internal.bind.JsonTreeReader	nextLong()	peek()	com.google.gson.internal.bind.JsonTreeReader	SOURCE
com.google.gson.internal.bind.JsonTreeReader	nextLong()	IllegalStateException(java.lang.String)	java.lang.IllegalStateException	SOURCE
com.google.gson.internal.bind.JsonTreeReader	nextLong()	locationString()	com.google.gson.internal.bind.JsonTreeReader	SOURCE
com.google.gson.internal.bind.JsonTreeReader	nextLong()	getAsLong()	com.google.gson.JsonPrimitive	SOURCE
com.google.gson.internal.bind.JsonTreeReader	nextLong()	peekStack()	com.google.gson.internal.bind.JsonTreeReader	SOURCE
com.google.gson.internal.bind.JsonTreeReader	nextLong()	popStack()	com.google.gson.internal.bind.JsonTreeReader	SOURCE
com.google.gson.internal.bind.JsonTreeReader	nextInt()	peek()	com.google.gson.internal.bind.JsonTreeReader	SOURCE
com.google.gson.internal.bind.JsonTreeReader	nextInt()	IllegalStateException(java.lang.String)	java.lang.IllegalStateException	SOURCE
com.google.gson.internal.bind.JsonTreeReader	nextInt()	locationString()	com.google.gson.internal.bind.JsonTreeReader	SOURCE
com.google.gson.internal.bind.JsonTreeReader	nextInt()	getAsInt()	com.google.gson.JsonPrimitive	SOURCE
com.google.gson.internal.bind.JsonTreeReader	nextInt()	peekStack()	com.google.gson.internal.bind.JsonTreeReader	SOURCE
com.google.gson.internal.bind.JsonTreeReader	nextInt()	popStack()	com.google.gson.internal.bind.JsonTreeReader	SOURCE
com.google.gson.internal.bind.JsonTreeReader	skipValue()	peek()	com.google.gson.internal.bind.JsonTreeReader	SOURCE
com.google.gson.internal.bind.JsonTreeReader	skipValue()	nextName()	com.google.gson.internal.bind.JsonTreeReader	SOURCE
com.google.gson.internal.bind.JsonTreeReader	skipValue()	popStack()	com.google.gson.internal.bind.JsonTreeReader	SOURCE
com.google.gson.internal.bind.JsonTreeReader	toString()	getSimpleName()	java.lang.Class	SOURCE
com.google.gson.internal.bind.JsonTreeReader	toString()	getClass()	java.lang.Object	SOURCE
com.google.gson.internal.bind.JsonTreeReader	promoteNameToValue()	expect(com.google.gson.stream.JsonToken)	com.google.gson.internal.bind.JsonTreeReader	SOURCE
com.google.gson.internal.bind.JsonTreeReader	promoteNameToValue()	peekStack()	com.google.gson.internal.bind.JsonTreeReader	SOURCE
com.google.gson.internal.bind.JsonTreeReader	promoteNameToValue()	next()	java.util.Iterator	SOURCE
com.google.gson.internal.bind.JsonTreeReader	promoteNameToValue()	push(java.lang.Object)	com.google.gson.internal.bind.JsonTreeReader	SOURCE
com.google.gson.internal.bind.JsonTreeReader	promoteNameToValue()	getValue()	java.util.Map$Entry	SOURCE
com.google.gson.internal.bind.JsonTreeReader	promoteNameToValue()	push(java.lang.Object)	com.google.gson.internal.bind.JsonTreeReader	SOURCE
com.google.gson.internal.bind.JsonTreeReader	promoteNameToValue()	JsonPrimitive(java.lang.String)	com.google.gson.JsonPrimitive	SOURCE
com.google.gson.internal.bind.JsonTreeReader	promoteNameToValue()	getKey()	java.util.Map$Entry	SOURCE
com.google.gson.internal.bind.JsonTreeReader	push(java.lang.Object)	<T>copyOf(T[],int)	java.util.Arrays	SOURCE
com.google.gson.internal.bind.JsonTreeReader	push(java.lang.Object)	copyOf(int[],int)	java.util.Arrays	SOURCE
com.google.gson.internal.bind.JsonTreeReader	push(java.lang.Object)	<T>copyOf(T[],int)	java.util.Arrays	SOURCE
com.google.gson.internal.bind.JsonTreeReader	getPath()	append(char)	java.lang.StringBuilder	SOURCE
com.google.gson.internal.bind.JsonTreeReader	getPath()	StringBuilder()	java.lang.StringBuilder	SOURCE
com.google.gson.internal.bind.JsonTreeReader	getPath()	append(char)	java.lang.StringBuilder	SOURCE
com.google.gson.internal.bind.JsonTreeReader	getPath()	append(int)	java.lang.StringBuilder	SOURCE
com.google.gson.internal.bind.JsonTreeReader	getPath()	append(char)	java.lang.StringBuilder	SOURCE
com.google.gson.internal.bind.JsonTreeReader	getPath()	append(char)	java.lang.StringBuilder	SOURCE
com.google.gson.internal.bind.JsonTreeReader	getPath()	append(java.lang.String)	java.lang.StringBuilder	SOURCE
com.google.gson.internal.bind.JsonTreeReader	getPath()	toString()	java.lang.StringBuilder	SOURCE
com.google.gson.internal.bind.JsonTreeReader	locationString()	getPath()	com.google.gson.internal.bind.JsonTreeReader	SOURCE
com.google.gson.internal.bind.TypeAdapterRuntimeTypeWrapper	TypeAdapterRuntimeTypeWrapper(com.google.gson.Gson,com.google.gson.TypeAdapter<T>,java.lang.reflect.Type)	TypeAdapter()	com.google.gson.TypeAdapter	SOURCE
com.google.gson.internal.bind.TypeAdapterRuntimeTypeWrapper	read(com.google.gson.stream.JsonReader)	read(com.google.gson.stream.JsonReader)	com.google.gson.TypeAdapter	SOURCE
com.google.gson.internal.bind.TypeAdapterRuntimeTypeWrapper	write(com.google.gson.stream.JsonWriter,T)	getRuntimeTypeIfMoreSpecific(java.lang.reflect.Type,java.lang.Object)	com.google.gson.internal.bind.TypeAdapterRuntimeTypeWrapper	SOURCE
com.google.gson.internal.bind.TypeAdapterRuntimeTypeWrapper	write(com.google.gson.stream.JsonWriter,T)	<T>getAdapter(com.google.gson.reflect.TypeToken<T>)	com.google.gson.Gson	SOURCE
com.google.gson.internal.bind.TypeAdapterRuntimeTypeWrapper	write(com.google.gson.stream.JsonWriter,T)	get(java.lang.reflect.Type)	com.google.gson.reflect.TypeToken	SOURCE
com.google.gson.internal.bind.TypeAdapterRuntimeTypeWrapper	write(com.google.gson.stream.JsonWriter,T)	write(com.google.gson.stream.JsonWriter,T)	com.google.gson.TypeAdapter	SOURCE
com.google.gson.internal.bind.TypeAdapterRuntimeTypeWrapper	getRuntimeTypeIfMoreSpecific(java.lang.reflect.Type,java.lang.Object)	getClass()	java.lang.Object	SOURCE
>>>>>>> base
com.google.gson.internal.bind.MapTypeAdapterFactory	MapTypeAdapterFactory(com.google.gson.internal.ConstructorConstructor,boolean)	Object()	java.lang.Object	SOURCE
com.google.gson.internal.bind.MapTypeAdapterFactory	<T>create(com.google.gson.Gson,com.google.gson.reflect.TypeToken<T>)	getType()	com.google.gson.reflect.TypeToken	SOURCE
com.google.gson.internal.bind.MapTypeAdapterFactory	<T>create(com.google.gson.Gson,com.google.gson.reflect.TypeToken<T>)	getRawType()	com.google.gson.reflect.TypeToken	SOURCE
com.google.gson.internal.bind.MapTypeAdapterFactory	<T>create(com.google.gson.Gson,com.google.gson.reflect.TypeToken<T>)	isAssignableFrom(java.lang.Class<?>)	java.lang.Class	SOURCE
com.google.gson.internal.bind.MapTypeAdapterFactory	<T>create(com.google.gson.Gson,com.google.gson.reflect.TypeToken<T>)	getRawType(java.lang.reflect.Type)	com.google.gson.internal.$Gson$Types	SOURCE
com.google.gson.internal.bind.MapTypeAdapterFactory	<T>create(com.google.gson.Gson,com.google.gson.reflect.TypeToken<T>)	getMapKeyAndValueTypes(java.lang.reflect.Type,java.lang.Class<?>)	com.google.gson.internal.$Gson$Types	SOURCE
com.google.gson.internal.bind.MapTypeAdapterFactory	<T>create(com.google.gson.Gson,com.google.gson.reflect.TypeToken<T>)	getKeyAdapter(com.google.gson.Gson,java.lang.reflect.Type)	com.google.gson.internal.bind.MapTypeAdapterFactory	SOURCE
com.google.gson.internal.bind.MapTypeAdapterFactory	<T>create(com.google.gson.Gson,com.google.gson.reflect.TypeToken<T>)	<T>getAdapter(com.google.gson.reflect.TypeToken<T>)	com.google.gson.Gson	SOURCE
com.google.gson.internal.bind.MapTypeAdapterFactory	<T>create(com.google.gson.Gson,com.google.gson.reflect.TypeToken<T>)	get(java.lang.reflect.Type)	com.google.gson.reflect.TypeToken	SOURCE
com.google.gson.internal.bind.MapTypeAdapterFactory	<T>create(com.google.gson.Gson,com.google.gson.reflect.TypeToken<T>)	<T>get(com.google.gson.reflect.TypeToken<T>)	com.google.gson.internal.ConstructorConstructor	SOURCE
com.google.gson.internal.bind.MapTypeAdapterFactory	<T>create(com.google.gson.Gson,com.google.gson.reflect.TypeToken<T>)	Adapter(com.google.gson.Gson,java.lang.reflect.Type,com.google.gson.TypeAdapter<K>,java.lang.reflect.Type,com.google.gson.TypeAdapter<V>,com.google.gson.internal.ObjectConstructor<? extends java.util.Map<K,V>>)	com.google.gson.internal.bind.MapTypeAdapterFactory$Adapter	SOURCE
com.google.gson.internal.bind.MapTypeAdapterFactory	getKeyAdapter(com.google.gson.Gson,java.lang.reflect.Type)	<T>getAdapter(com.google.gson.reflect.TypeToken<T>)	com.google.gson.Gson	SOURCE
com.google.gson.internal.bind.MapTypeAdapterFactory	getKeyAdapter(com.google.gson.Gson,java.lang.reflect.Type)	get(java.lang.reflect.Type)	com.google.gson.reflect.TypeToken	SOURCE
com.google.gson.internal.bind.MapTypeAdapterFactory$Adapter	Adapter(com.google.gson.Gson,java.lang.reflect.Type,com.google.gson.TypeAdapter<K>,java.lang.reflect.Type,com.google.gson.TypeAdapter<V>,com.google.gson.internal.ObjectConstructor<? extends java.util.Map<K,V>>)	TypeAdapter()	com.google.gson.TypeAdapter	SOURCE
com.google.gson.internal.bind.MapTypeAdapterFactory$Adapter	Adapter(com.google.gson.Gson,java.lang.reflect.Type,com.google.gson.TypeAdapter<K>,java.lang.reflect.Type,com.google.gson.TypeAdapter<V>,com.google.gson.internal.ObjectConstructor<? extends java.util.Map<K,V>>)	TypeAdapterRuntimeTypeWrapper(com.google.gson.Gson,com.google.gson.TypeAdapter<T>,java.lang.reflect.Type)	com.google.gson.internal.bind.TypeAdapterRuntimeTypeWrapper	SOURCE
com.google.gson.internal.bind.MapTypeAdapterFactory$Adapter	Adapter(com.google.gson.Gson,java.lang.reflect.Type,com.google.gson.TypeAdapter<K>,java.lang.reflect.Type,com.google.gson.TypeAdapter<V>,com.google.gson.internal.ObjectConstructor<? extends java.util.Map<K,V>>)	TypeAdapterRuntimeTypeWrapper(com.google.gson.Gson,com.google.gson.TypeAdapter<T>,java.lang.reflect.Type)	com.google.gson.internal.bind.TypeAdapterRuntimeTypeWrapper	SOURCE
com.google.gson.internal.bind.MapTypeAdapterFactory$Adapter	read(com.google.gson.stream.JsonReader)	peek()	com.google.gson.stream.JsonReader	SOURCE
com.google.gson.internal.bind.MapTypeAdapterFactory$Adapter	read(com.google.gson.stream.JsonReader)	nextNull()	com.google.gson.stream.JsonReader	SOURCE
com.google.gson.internal.bind.MapTypeAdapterFactory$Adapter	read(com.google.gson.stream.JsonReader)	construct()	com.google.gson.internal.ObjectConstructor	SOURCE
com.google.gson.internal.bind.MapTypeAdapterFactory$Adapter	read(com.google.gson.stream.JsonReader)	beginArray()	com.google.gson.stream.JsonReader	SOURCE
com.google.gson.internal.bind.MapTypeAdapterFactory$Adapter	read(com.google.gson.stream.JsonReader)	hasNext()	com.google.gson.stream.JsonReader	SOURCE
com.google.gson.internal.bind.MapTypeAdapterFactory$Adapter	read(com.google.gson.stream.JsonReader)	beginArray()	com.google.gson.stream.JsonReader	SOURCE
com.google.gson.internal.bind.MapTypeAdapterFactory$Adapter	read(com.google.gson.stream.JsonReader)	read(com.google.gson.stream.JsonReader)	com.google.gson.TypeAdapter	SOURCE
com.google.gson.internal.bind.MapTypeAdapterFactory$Adapter	read(com.google.gson.stream.JsonReader)	read(com.google.gson.stream.JsonReader)	com.google.gson.TypeAdapter	SOURCE
com.google.gson.internal.bind.MapTypeAdapterFactory$Adapter	read(com.google.gson.stream.JsonReader)	put(K,V)	java.util.Map	SOURCE
com.google.gson.internal.bind.MapTypeAdapterFactory$Adapter	read(com.google.gson.stream.JsonReader)	JsonSyntaxException(java.lang.String)	com.google.gson.JsonSyntaxException	SOURCE
com.google.gson.internal.bind.MapTypeAdapterFactory$Adapter	read(com.google.gson.stream.JsonReader)	endArray()	com.google.gson.stream.JsonReader	SOURCE
com.google.gson.internal.bind.MapTypeAdapterFactory$Adapter	read(com.google.gson.stream.JsonReader)	endArray()	com.google.gson.stream.JsonReader	SOURCE
com.google.gson.internal.bind.MapTypeAdapterFactory$Adapter	read(com.google.gson.stream.JsonReader)	beginObject()	com.google.gson.stream.JsonReader	SOURCE
com.google.gson.internal.bind.MapTypeAdapterFactory$Adapter	read(com.google.gson.stream.JsonReader)	hasNext()	com.google.gson.stream.JsonReader	SOURCE
com.google.gson.internal.bind.MapTypeAdapterFactory$Adapter	read(com.google.gson.stream.JsonReader)	promoteNameToValue(com.google.gson.stream.JsonReader)	com.google.gson.internal.JsonReaderInternalAccess	SOURCE
com.google.gson.internal.bind.MapTypeAdapterFactory$Adapter	read(com.google.gson.stream.JsonReader)	read(com.google.gson.stream.JsonReader)	com.google.gson.TypeAdapter	SOURCE
com.google.gson.internal.bind.MapTypeAdapterFactory$Adapter	read(com.google.gson.stream.JsonReader)	read(com.google.gson.stream.JsonReader)	com.google.gson.TypeAdapter	SOURCE
com.google.gson.internal.bind.MapTypeAdapterFactory$Adapter	read(com.google.gson.stream.JsonReader)	put(K,V)	java.util.Map	SOURCE
com.google.gson.internal.bind.MapTypeAdapterFactory$Adapter	read(com.google.gson.stream.JsonReader)	JsonSyntaxException(java.lang.String)	com.google.gson.JsonSyntaxException	SOURCE
com.google.gson.internal.bind.MapTypeAdapterFactory$Adapter	read(com.google.gson.stream.JsonReader)	endObject()	com.google.gson.stream.JsonReader	SOURCE
com.google.gson.internal.bind.MapTypeAdapterFactory$Adapter	write(com.google.gson.stream.JsonWriter,java.util.Map<K,V>)	nullValue()	com.google.gson.stream.JsonWriter	SOURCE
com.google.gson.internal.bind.MapTypeAdapterFactory$Adapter	write(com.google.gson.stream.JsonWriter,java.util.Map<K,V>)	beginObject()	com.google.gson.stream.JsonWriter	SOURCE
com.google.gson.internal.bind.MapTypeAdapterFactory$Adapter	write(com.google.gson.stream.JsonWriter,java.util.Map<K,V>)	entrySet()	java.util.Map	SOURCE
com.google.gson.internal.bind.MapTypeAdapterFactory$Adapter	write(com.google.gson.stream.JsonWriter,java.util.Map<K,V>)	name(java.lang.String)	com.google.gson.stream.JsonWriter	SOURCE
com.google.gson.internal.bind.MapTypeAdapterFactory$Adapter	write(com.google.gson.stream.JsonWriter,java.util.Map<K,V>)	valueOf(java.lang.Object)	java.lang.String	SOURCE
com.google.gson.internal.bind.MapTypeAdapterFactory$Adapter	write(com.google.gson.stream.JsonWriter,java.util.Map<K,V>)	getKey()	java.util.Map$Entry	SOURCE
com.google.gson.internal.bind.MapTypeAdapterFactory$Adapter	write(com.google.gson.stream.JsonWriter,java.util.Map<K,V>)	write(com.google.gson.stream.JsonWriter,T)	com.google.gson.TypeAdapter	SOURCE
com.google.gson.internal.bind.MapTypeAdapterFactory$Adapter	write(com.google.gson.stream.JsonWriter,java.util.Map<K,V>)	getValue()	java.util.Map$Entry	SOURCE
com.google.gson.internal.bind.MapTypeAdapterFactory$Adapter	write(com.google.gson.stream.JsonWriter,java.util.Map<K,V>)	endObject()	com.google.gson.stream.JsonWriter	SOURCE
com.google.gson.internal.bind.MapTypeAdapterFactory$Adapter	write(com.google.gson.stream.JsonWriter,java.util.Map<K,V>)	ArrayList(int)	java.util.ArrayList	SOURCE
com.google.gson.internal.bind.MapTypeAdapterFactory$Adapter	write(com.google.gson.stream.JsonWriter,java.util.Map<K,V>)	size()	java.util.Map	SOURCE
com.google.gson.internal.bind.MapTypeAdapterFactory$Adapter	write(com.google.gson.stream.JsonWriter,java.util.Map<K,V>)	ArrayList(int)	java.util.ArrayList	SOURCE
com.google.gson.internal.bind.MapTypeAdapterFactory$Adapter	write(com.google.gson.stream.JsonWriter,java.util.Map<K,V>)	size()	java.util.Map	SOURCE
com.google.gson.internal.bind.MapTypeAdapterFactory$Adapter	write(com.google.gson.stream.JsonWriter,java.util.Map<K,V>)	entrySet()	java.util.Map	SOURCE
com.google.gson.internal.bind.MapTypeAdapterFactory$Adapter	write(com.google.gson.stream.JsonWriter,java.util.Map<K,V>)	toJsonTree(T)	com.google.gson.TypeAdapter	SOURCE
com.google.gson.internal.bind.MapTypeAdapterFactory$Adapter	write(com.google.gson.stream.JsonWriter,java.util.Map<K,V>)	getKey()	java.util.Map$Entry	SOURCE
com.google.gson.internal.bind.MapTypeAdapterFactory$Adapter	write(com.google.gson.stream.JsonWriter,java.util.Map<K,V>)	add(E)	java.util.List	SOURCE
com.google.gson.internal.bind.MapTypeAdapterFactory$Adapter	write(com.google.gson.stream.JsonWriter,java.util.Map<K,V>)	add(E)	java.util.List	SOURCE
com.google.gson.internal.bind.MapTypeAdapterFactory$Adapter	write(com.google.gson.stream.JsonWriter,java.util.Map<K,V>)	getValue()	java.util.Map$Entry	SOURCE
com.google.gson.internal.bind.MapTypeAdapterFactory$Adapter	write(com.google.gson.stream.JsonWriter,java.util.Map<K,V>)	isJsonArray()	com.google.gson.JsonElement	SOURCE
com.google.gson.internal.bind.MapTypeAdapterFactory$Adapter	write(com.google.gson.stream.JsonWriter,java.util.Map<K,V>)	isJsonObject()	com.google.gson.JsonElement	SOURCE
com.google.gson.internal.bind.MapTypeAdapterFactory$Adapter	write(com.google.gson.stream.JsonWriter,java.util.Map<K,V>)	beginArray()	com.google.gson.stream.JsonWriter	SOURCE
com.google.gson.internal.bind.MapTypeAdapterFactory$Adapter	write(com.google.gson.stream.JsonWriter,java.util.Map<K,V>)	size()	java.util.List	SOURCE
com.google.gson.internal.bind.MapTypeAdapterFactory$Adapter	write(com.google.gson.stream.JsonWriter,java.util.Map<K,V>)	beginArray()	com.google.gson.stream.JsonWriter	SOURCE
com.google.gson.internal.bind.MapTypeAdapterFactory$Adapter	write(com.google.gson.stream.JsonWriter,java.util.Map<K,V>)	write(com.google.gson.JsonElement,com.google.gson.stream.JsonWriter)	com.google.gson.internal.Streams	SOURCE
com.google.gson.internal.bind.MapTypeAdapterFactory$Adapter	write(com.google.gson.stream.JsonWriter,java.util.Map<K,V>)	get(int)	java.util.List	SOURCE
com.google.gson.internal.bind.MapTypeAdapterFactory$Adapter	write(com.google.gson.stream.JsonWriter,java.util.Map<K,V>)	write(com.google.gson.stream.JsonWriter,T)	com.google.gson.TypeAdapter	SOURCE
com.google.gson.internal.bind.MapTypeAdapterFactory$Adapter	write(com.google.gson.stream.JsonWriter,java.util.Map<K,V>)	get(int)	java.util.List	SOURCE
com.google.gson.internal.bind.MapTypeAdapterFactory$Adapter	write(com.google.gson.stream.JsonWriter,java.util.Map<K,V>)	endArray()	com.google.gson.stream.JsonWriter	SOURCE
com.google.gson.internal.bind.MapTypeAdapterFactory$Adapter	write(com.google.gson.stream.JsonWriter,java.util.Map<K,V>)	endArray()	com.google.gson.stream.JsonWriter	SOURCE
com.google.gson.internal.bind.MapTypeAdapterFactory$Adapter	write(com.google.gson.stream.JsonWriter,java.util.Map<K,V>)	beginObject()	com.google.gson.stream.JsonWriter	SOURCE
com.google.gson.internal.bind.MapTypeAdapterFactory$Adapter	write(com.google.gson.stream.JsonWriter,java.util.Map<K,V>)	size()	java.util.List	SOURCE
com.google.gson.internal.bind.MapTypeAdapterFactory$Adapter	write(com.google.gson.stream.JsonWriter,java.util.Map<K,V>)	get(int)	java.util.List	SOURCE
com.google.gson.internal.bind.MapTypeAdapterFactory$Adapter	write(com.google.gson.stream.JsonWriter,java.util.Map<K,V>)	name(java.lang.String)	com.google.gson.stream.JsonWriter	SOURCE
com.google.gson.internal.bind.MapTypeAdapterFactory$Adapter	write(com.google.gson.stream.JsonWriter,java.util.Map<K,V>)	keyToString(com.google.gson.JsonElement)	com.google.gson.internal.bind.MapTypeAdapterFactory$Adapter	SOURCE
com.google.gson.internal.bind.MapTypeAdapterFactory$Adapter	write(com.google.gson.stream.JsonWriter,java.util.Map<K,V>)	write(com.google.gson.stream.JsonWriter,T)	com.google.gson.TypeAdapter	SOURCE
com.google.gson.internal.bind.MapTypeAdapterFactory$Adapter	write(com.google.gson.stream.JsonWriter,java.util.Map<K,V>)	get(int)	java.util.List	SOURCE
com.google.gson.internal.bind.MapTypeAdapterFactory$Adapter	write(com.google.gson.stream.JsonWriter,java.util.Map<K,V>)	endObject()	com.google.gson.stream.JsonWriter	SOURCE
com.google.gson.internal.bind.MapTypeAdapterFactory$Adapter	keyToString(com.google.gson.JsonElement)	isJsonPrimitive()	com.google.gson.JsonElement	SOURCE
com.google.gson.internal.bind.MapTypeAdapterFactory$Adapter	keyToString(com.google.gson.JsonElement)	getAsJsonPrimitive()	com.google.gson.JsonElement	SOURCE
com.google.gson.internal.bind.MapTypeAdapterFactory$Adapter	keyToString(com.google.gson.JsonElement)	isNumber()	com.google.gson.JsonPrimitive	SOURCE
com.google.gson.internal.bind.MapTypeAdapterFactory$Adapter	keyToString(com.google.gson.JsonElement)	valueOf(java.lang.Object)	java.lang.String	SOURCE
com.google.gson.internal.bind.MapTypeAdapterFactory$Adapter	keyToString(com.google.gson.JsonElement)	getAsNumber()	com.google.gson.JsonPrimitive	SOURCE
com.google.gson.internal.bind.MapTypeAdapterFactory$Adapter	keyToString(com.google.gson.JsonElement)	isBoolean()	com.google.gson.JsonPrimitive	SOURCE
com.google.gson.internal.bind.MapTypeAdapterFactory$Adapter	keyToString(com.google.gson.JsonElement)	toString(boolean)	java.lang.Boolean	SOURCE
com.google.gson.internal.bind.MapTypeAdapterFactory$Adapter	keyToString(com.google.gson.JsonElement)	getAsBoolean()	com.google.gson.JsonPrimitive	SOURCE
com.google.gson.internal.bind.MapTypeAdapterFactory$Adapter	keyToString(com.google.gson.JsonElement)	isString()	com.google.gson.JsonPrimitive	SOURCE
com.google.gson.internal.bind.MapTypeAdapterFactory$Adapter	keyToString(com.google.gson.JsonElement)	getAsString()	com.google.gson.JsonPrimitive	SOURCE
com.google.gson.internal.bind.MapTypeAdapterFactory$Adapter	keyToString(com.google.gson.JsonElement)	AssertionError()	java.lang.AssertionError	SOURCE
com.google.gson.internal.bind.MapTypeAdapterFactory$Adapter	keyToString(com.google.gson.JsonElement)	isJsonNull()	com.google.gson.JsonElement	SOURCE
com.google.gson.internal.bind.MapTypeAdapterFactory$Adapter	keyToString(com.google.gson.JsonElement)	AssertionError()	java.lang.AssertionError	SOURCE
<<<<<<< HEAD
com.google.gson.internal.bind.TreeTypeAdapter	context	GsonContextImpl()	com.google.gson.internal.bind.TreeTypeAdapter$GsonContextImpl	SOURCE
com.google.gson.internal.bind.TreeTypeAdapter	TreeTypeAdapter(com.google.gson.JsonSerializer<T>,com.google.gson.JsonDeserializer<T>,com.google.gson.Gson,com.google.gson.reflect.TypeToken<T>,com.google.gson.TypeAdapterFactory)	TypeAdapter()	com.google.gson.TypeAdapter	SOURCE
com.google.gson.internal.bind.TreeTypeAdapter	read(com.google.gson.stream.JsonReader)	read(com.google.gson.stream.JsonReader)	com.google.gson.TypeAdapter	SOURCE
com.google.gson.internal.bind.TreeTypeAdapter	read(com.google.gson.stream.JsonReader)	delegate()	com.google.gson.internal.bind.TreeTypeAdapter	SOURCE
com.google.gson.internal.bind.TreeTypeAdapter	read(com.google.gson.stream.JsonReader)	parse(com.google.gson.stream.JsonReader)	com.google.gson.internal.Streams	SOURCE
com.google.gson.internal.bind.TreeTypeAdapter	read(com.google.gson.stream.JsonReader)	isJsonNull()	com.google.gson.JsonElement	SOURCE
com.google.gson.internal.bind.TreeTypeAdapter	read(com.google.gson.stream.JsonReader)	deserialize(com.google.gson.JsonElement,java.lang.reflect.Type,com.google.gson.JsonDeserializationContext)	com.google.gson.JsonDeserializer	SOURCE
com.google.gson.internal.bind.TreeTypeAdapter	read(com.google.gson.stream.JsonReader)	getType()	com.google.gson.reflect.TypeToken	SOURCE
com.google.gson.internal.bind.TreeTypeAdapter	write(com.google.gson.stream.JsonWriter,T)	write(com.google.gson.stream.JsonWriter,T)	com.google.gson.TypeAdapter	SOURCE
com.google.gson.internal.bind.TreeTypeAdapter	write(com.google.gson.stream.JsonWriter,T)	delegate()	com.google.gson.internal.bind.TreeTypeAdapter	SOURCE
com.google.gson.internal.bind.TreeTypeAdapter	write(com.google.gson.stream.JsonWriter,T)	nullValue()	com.google.gson.stream.JsonWriter	SOURCE
com.google.gson.internal.bind.TreeTypeAdapter	write(com.google.gson.stream.JsonWriter,T)	serialize(T,java.lang.reflect.Type,com.google.gson.JsonSerializationContext)	com.google.gson.JsonSerializer	SOURCE
com.google.gson.internal.bind.TreeTypeAdapter	write(com.google.gson.stream.JsonWriter,T)	getType()	com.google.gson.reflect.TypeToken	SOURCE
com.google.gson.internal.bind.TreeTypeAdapter	write(com.google.gson.stream.JsonWriter,T)	write(com.google.gson.JsonElement,com.google.gson.stream.JsonWriter)	com.google.gson.internal.Streams	SOURCE
com.google.gson.internal.bind.TreeTypeAdapter	delegate()	<T>getDelegateAdapter(com.google.gson.TypeAdapterFactory,com.google.gson.reflect.TypeToken<T>)	com.google.gson.Gson	SOURCE
com.google.gson.internal.bind.TreeTypeAdapter	newFactory(com.google.gson.reflect.TypeToken<?>,java.lang.Object)	SingleTypeFactory(java.lang.Object,com.google.gson.reflect.TypeToken<?>,boolean,java.lang.Class<?>)	com.google.gson.internal.bind.TreeTypeAdapter$SingleTypeFactory	SOURCE
com.google.gson.internal.bind.TreeTypeAdapter	newFactoryWithMatchRawType(com.google.gson.reflect.TypeToken<?>,java.lang.Object)	getType()	com.google.gson.reflect.TypeToken	SOURCE
com.google.gson.internal.bind.TreeTypeAdapter	newFactoryWithMatchRawType(com.google.gson.reflect.TypeToken<?>,java.lang.Object)	getRawType()	com.google.gson.reflect.TypeToken	SOURCE
com.google.gson.internal.bind.TreeTypeAdapter	newFactoryWithMatchRawType(com.google.gson.reflect.TypeToken<?>,java.lang.Object)	SingleTypeFactory(java.lang.Object,com.google.gson.reflect.TypeToken<?>,boolean,java.lang.Class<?>)	com.google.gson.internal.bind.TreeTypeAdapter$SingleTypeFactory	SOURCE
com.google.gson.internal.bind.TreeTypeAdapter	newTypeHierarchyFactory(java.lang.Class<?>,java.lang.Object)	SingleTypeFactory(java.lang.Object,com.google.gson.reflect.TypeToken<?>,boolean,java.lang.Class<?>)	com.google.gson.internal.bind.TreeTypeAdapter$SingleTypeFactory	SOURCE
com.google.gson.internal.bind.TreeTypeAdapter$SingleTypeFactory	SingleTypeFactory(java.lang.Object,com.google.gson.reflect.TypeToken<?>,boolean,java.lang.Class<?>)	Object()	java.lang.Object	SOURCE
com.google.gson.internal.bind.TreeTypeAdapter$SingleTypeFactory	SingleTypeFactory(java.lang.Object,com.google.gson.reflect.TypeToken<?>,boolean,java.lang.Class<?>)	checkArgument(boolean)	com.google.gson.internal.$Gson$Preconditions	SOURCE
com.google.gson.internal.bind.TreeTypeAdapter$SingleTypeFactory	<T>create(com.google.gson.Gson,com.google.gson.reflect.TypeToken<T>)	equals(java.lang.Object)	com.google.gson.reflect.TypeToken	SOURCE
com.google.gson.internal.bind.TreeTypeAdapter$SingleTypeFactory	<T>create(com.google.gson.Gson,com.google.gson.reflect.TypeToken<T>)	getType()	com.google.gson.reflect.TypeToken	SOURCE
com.google.gson.internal.bind.TreeTypeAdapter$SingleTypeFactory	<T>create(com.google.gson.Gson,com.google.gson.reflect.TypeToken<T>)	getRawType()	com.google.gson.reflect.TypeToken	SOURCE
com.google.gson.internal.bind.TreeTypeAdapter$SingleTypeFactory	<T>create(com.google.gson.Gson,com.google.gson.reflect.TypeToken<T>)	isAssignableFrom(java.lang.Class<?>)	java.lang.Class	SOURCE
com.google.gson.internal.bind.TreeTypeAdapter$SingleTypeFactory	<T>create(com.google.gson.Gson,com.google.gson.reflect.TypeToken<T>)	getRawType()	com.google.gson.reflect.TypeToken	SOURCE
com.google.gson.internal.bind.TreeTypeAdapter$SingleTypeFactory	<T>create(com.google.gson.Gson,com.google.gson.reflect.TypeToken<T>)	TreeTypeAdapter(com.google.gson.JsonSerializer<T>,com.google.gson.JsonDeserializer<T>,com.google.gson.Gson,com.google.gson.reflect.TypeToken<T>,com.google.gson.TypeAdapterFactory)	com.google.gson.internal.bind.TreeTypeAdapter	SOURCE
com.google.gson.internal.bind.TreeTypeAdapter$GsonContextImpl	serialize(java.lang.Object)	toJsonTree(java.lang.Object)	com.google.gson.Gson	SOURCE
com.google.gson.internal.bind.TreeTypeAdapter$GsonContextImpl	serialize(java.lang.Object,java.lang.reflect.Type)	toJsonTree(java.lang.Object,java.lang.reflect.Type)	com.google.gson.Gson	SOURCE
com.google.gson.internal.bind.TreeTypeAdapter$GsonContextImpl	<R>deserialize(com.google.gson.JsonElement,java.lang.reflect.Type)	<T>fromJson(com.google.gson.JsonElement,java.lang.reflect.Type)	com.google.gson.Gson	SOURCE
com.google.gson.internal.bind.ReflectiveTypeAdapterFactory	accessor	getInstance()	com.google.gson.internal.reflect.ReflectionAccessor	SOURCE
com.google.gson.internal.bind.ReflectiveTypeAdapterFactory	ReflectiveTypeAdapterFactory(com.google.gson.internal.ConstructorConstructor,com.google.gson.FieldNamingStrategy,com.google.gson.internal.Excluder,com.google.gson.internal.bind.JsonAdapterAnnotationTypeAdapterFactory)	Object()	java.lang.Object	SOURCE
com.google.gson.internal.bind.ReflectiveTypeAdapterFactory	excludeField(java.lang.reflect.Field,boolean)	excludeField(java.lang.reflect.Field,boolean,com.google.gson.internal.Excluder)	com.google.gson.internal.bind.ReflectiveTypeAdapterFactory	SOURCE
com.google.gson.internal.bind.ReflectiveTypeAdapterFactory	excludeField(java.lang.reflect.Field,boolean,com.google.gson.internal.Excluder)	excludeClass(java.lang.Class<?>,boolean)	com.google.gson.internal.Excluder	SOURCE
com.google.gson.internal.bind.ReflectiveTypeAdapterFactory	excludeField(java.lang.reflect.Field,boolean,com.google.gson.internal.Excluder)	getType()	java.lang.reflect.Field	SOURCE
com.google.gson.internal.bind.ReflectiveTypeAdapterFactory	excludeField(java.lang.reflect.Field,boolean,com.google.gson.internal.Excluder)	excludeField(java.lang.reflect.Field,boolean)	com.google.gson.internal.Excluder	SOURCE
com.google.gson.internal.bind.ReflectiveTypeAdapterFactory	getFieldNames(java.lang.reflect.Field)	<T>getAnnotation(java.lang.Class<T>)	java.lang.reflect.Field	SOURCE
com.google.gson.internal.bind.ReflectiveTypeAdapterFactory	getFieldNames(java.lang.reflect.Field)	translateName(java.lang.reflect.Field)	com.google.gson.FieldNamingStrategy	SOURCE
com.google.gson.internal.bind.ReflectiveTypeAdapterFactory	getFieldNames(java.lang.reflect.Field)	<T>singletonList(T)	java.util.Collections	SOURCE
com.google.gson.internal.bind.ReflectiveTypeAdapterFactory	getFieldNames(java.lang.reflect.Field)	value()	com.google.gson.annotations.SerializedName	SOURCE
com.google.gson.internal.bind.ReflectiveTypeAdapterFactory	getFieldNames(java.lang.reflect.Field)	alternate()	com.google.gson.annotations.SerializedName	SOURCE
com.google.gson.internal.bind.ReflectiveTypeAdapterFactory	getFieldNames(java.lang.reflect.Field)	<T>singletonList(T)	java.util.Collections	SOURCE
com.google.gson.internal.bind.ReflectiveTypeAdapterFactory	getFieldNames(java.lang.reflect.Field)	ArrayList(int)	java.util.ArrayList	SOURCE
com.google.gson.internal.bind.ReflectiveTypeAdapterFactory	getFieldNames(java.lang.reflect.Field)	add(E)	java.util.List	SOURCE
com.google.gson.internal.bind.ReflectiveTypeAdapterFactory	getFieldNames(java.lang.reflect.Field)	add(E)	java.util.List	SOURCE
com.google.gson.internal.bind.ReflectiveTypeAdapterFactory	<T>create(com.google.gson.Gson,com.google.gson.reflect.TypeToken<T>)	getRawType()	com.google.gson.reflect.TypeToken	SOURCE
com.google.gson.internal.bind.ReflectiveTypeAdapterFactory	<T>create(com.google.gson.Gson,com.google.gson.reflect.TypeToken<T>)	isAssignableFrom(java.lang.Class<?>)	java.lang.Class	SOURCE
com.google.gson.internal.bind.ReflectiveTypeAdapterFactory	<T>create(com.google.gson.Gson,com.google.gson.reflect.TypeToken<T>)	<T>get(com.google.gson.reflect.TypeToken<T>)	com.google.gson.internal.ConstructorConstructor	SOURCE
com.google.gson.internal.bind.ReflectiveTypeAdapterFactory	<T>create(com.google.gson.Gson,com.google.gson.reflect.TypeToken<T>)	Adapter(com.google.gson.internal.ObjectConstructor<T>,java.util.Map<java.lang.String,com.google.gson.internal.bind.ReflectiveTypeAdapterFactory.BoundField>)	com.google.gson.internal.bind.ReflectiveTypeAdapterFactory$Adapter	SOURCE
com.google.gson.internal.bind.ReflectiveTypeAdapterFactory	<T>create(com.google.gson.Gson,com.google.gson.reflect.TypeToken<T>)	getBoundFields(com.google.gson.Gson,com.google.gson.reflect.TypeToken<?>,java.lang.Class<?>)	com.google.gson.internal.bind.ReflectiveTypeAdapterFactory	SOURCE
com.google.gson.internal.bind.ReflectiveTypeAdapterFactory	createBoundField(com.google.gson.Gson,java.lang.reflect.Field,java.lang.String,com.google.gson.reflect.TypeToken<?>,boolean,boolean)	isPrimitive(java.lang.reflect.Type)	com.google.gson.internal.Primitives	SOURCE
com.google.gson.internal.bind.ReflectiveTypeAdapterFactory	createBoundField(com.google.gson.Gson,java.lang.reflect.Field,java.lang.String,com.google.gson.reflect.TypeToken<?>,boolean,boolean)	getRawType()	com.google.gson.reflect.TypeToken	SOURCE
com.google.gson.internal.bind.ReflectiveTypeAdapterFactory	createBoundField(com.google.gson.Gson,java.lang.reflect.Field,java.lang.String,com.google.gson.reflect.TypeToken<?>,boolean,boolean)	<T>getAnnotation(java.lang.Class<T>)	java.lang.reflect.Field	SOURCE
com.google.gson.internal.bind.ReflectiveTypeAdapterFactory	createBoundField(com.google.gson.Gson,java.lang.reflect.Field,java.lang.String,com.google.gson.reflect.TypeToken<?>,boolean,boolean)	getTypeAdapter(com.google.gson.internal.ConstructorConstructor,com.google.gson.Gson,com.google.gson.reflect.TypeToken<?>,com.google.gson.annotations.JsonAdapter)	com.google.gson.internal.bind.JsonAdapterAnnotationTypeAdapterFactory	SOURCE
com.google.gson.internal.bind.ReflectiveTypeAdapterFactory	createBoundField(com.google.gson.Gson,java.lang.reflect.Field,java.lang.String,com.google.gson.reflect.TypeToken<?>,boolean,boolean)	<T>getAdapter(com.google.gson.reflect.TypeToken<T>)	com.google.gson.Gson	SOURCE
com.google.gson.internal.bind.ReflectiveTypeAdapterFactory	createBoundField(com.google.gson.Gson,java.lang.reflect.Field,java.lang.String,com.google.gson.reflect.TypeToken<?>,boolean,boolean)	(java.lang.String,boolean,boolean)	com.google.gson.internal.bind.ReflectiveTypeAdapterFactory$1	SOURCE
com.google.gson.internal.bind.ReflectiveTypeAdapterFactory$1	write(com.google.gson.stream.JsonWriter,java.lang.Object)	get(java.lang.Object)	java.lang.reflect.Field	SOURCE
com.google.gson.internal.bind.ReflectiveTypeAdapterFactory$1	write(com.google.gson.stream.JsonWriter,java.lang.Object)	TypeAdapterRuntimeTypeWrapper(com.google.gson.Gson,com.google.gson.TypeAdapter<T>,java.lang.reflect.Type)	com.google.gson.internal.bind.TypeAdapterRuntimeTypeWrapper	SOURCE
com.google.gson.internal.bind.ReflectiveTypeAdapterFactory$1	write(com.google.gson.stream.JsonWriter,java.lang.Object)	getType()	com.google.gson.reflect.TypeToken	SOURCE
com.google.gson.internal.bind.ReflectiveTypeAdapterFactory$1	write(com.google.gson.stream.JsonWriter,java.lang.Object)	write(com.google.gson.stream.JsonWriter,T)	com.google.gson.TypeAdapter	SOURCE
com.google.gson.internal.bind.ReflectiveTypeAdapterFactory$1	read(com.google.gson.stream.JsonReader,java.lang.Object)	read(com.google.gson.stream.JsonReader)	com.google.gson.TypeAdapter	SOURCE
com.google.gson.internal.bind.ReflectiveTypeAdapterFactory$1	read(com.google.gson.stream.JsonReader,java.lang.Object)	set(java.lang.Object,java.lang.Object)	java.lang.reflect.Field	SOURCE
com.google.gson.internal.bind.ReflectiveTypeAdapterFactory$1	writeField(java.lang.Object)	get(java.lang.Object)	java.lang.reflect.Field	SOURCE
com.google.gson.internal.bind.ReflectiveTypeAdapterFactory	getBoundFields(com.google.gson.Gson,com.google.gson.reflect.TypeToken<?>,java.lang.Class<?>)	LinkedHashMap()	java.util.LinkedHashMap	SOURCE
com.google.gson.internal.bind.ReflectiveTypeAdapterFactory	getBoundFields(com.google.gson.Gson,com.google.gson.reflect.TypeToken<?>,java.lang.Class<?>)	isInterface()	java.lang.Class	SOURCE
com.google.gson.internal.bind.ReflectiveTypeAdapterFactory	getBoundFields(com.google.gson.Gson,com.google.gson.reflect.TypeToken<?>,java.lang.Class<?>)	getType()	com.google.gson.reflect.TypeToken	SOURCE
com.google.gson.internal.bind.ReflectiveTypeAdapterFactory	getBoundFields(com.google.gson.Gson,com.google.gson.reflect.TypeToken<?>,java.lang.Class<?>)	getDeclaredFields()	java.lang.Class	SOURCE
com.google.gson.internal.bind.ReflectiveTypeAdapterFactory	getBoundFields(com.google.gson.Gson,com.google.gson.reflect.TypeToken<?>,java.lang.Class<?>)	excludeField(java.lang.reflect.Field,boolean)	com.google.gson.internal.bind.ReflectiveTypeAdapterFactory	SOURCE
com.google.gson.internal.bind.ReflectiveTypeAdapterFactory	getBoundFields(com.google.gson.Gson,com.google.gson.reflect.TypeToken<?>,java.lang.Class<?>)	excludeField(java.lang.reflect.Field,boolean)	com.google.gson.internal.bind.ReflectiveTypeAdapterFactory	SOURCE
com.google.gson.internal.bind.ReflectiveTypeAdapterFactory	getBoundFields(com.google.gson.Gson,com.google.gson.reflect.TypeToken<?>,java.lang.Class<?>)	makeAccessible(java.lang.reflect.AccessibleObject)	com.google.gson.internal.reflect.ReflectionAccessor	SOURCE
com.google.gson.internal.bind.ReflectiveTypeAdapterFactory	getBoundFields(com.google.gson.Gson,com.google.gson.reflect.TypeToken<?>,java.lang.Class<?>)	resolve(java.lang.reflect.Type,java.lang.Class<?>,java.lang.reflect.Type)	com.google.gson.internal.$Gson$Types	SOURCE
com.google.gson.internal.bind.ReflectiveTypeAdapterFactory	getBoundFields(com.google.gson.Gson,com.google.gson.reflect.TypeToken<?>,java.lang.Class<?>)	getType()	com.google.gson.reflect.TypeToken	SOURCE
com.google.gson.internal.bind.ReflectiveTypeAdapterFactory	getBoundFields(com.google.gson.Gson,com.google.gson.reflect.TypeToken<?>,java.lang.Class<?>)	getGenericType()	java.lang.reflect.Field	SOURCE
com.google.gson.internal.bind.ReflectiveTypeAdapterFactory	getBoundFields(com.google.gson.Gson,com.google.gson.reflect.TypeToken<?>,java.lang.Class<?>)	getFieldNames(java.lang.reflect.Field)	com.google.gson.internal.bind.ReflectiveTypeAdapterFactory	SOURCE
com.google.gson.internal.bind.ReflectiveTypeAdapterFactory	getBoundFields(com.google.gson.Gson,com.google.gson.reflect.TypeToken<?>,java.lang.Class<?>)	size()	java.util.List	SOURCE
com.google.gson.internal.bind.ReflectiveTypeAdapterFactory	getBoundFields(com.google.gson.Gson,com.google.gson.reflect.TypeToken<?>,java.lang.Class<?>)	get(int)	java.util.List	SOURCE
com.google.gson.internal.bind.ReflectiveTypeAdapterFactory	getBoundFields(com.google.gson.Gson,com.google.gson.reflect.TypeToken<?>,java.lang.Class<?>)	createBoundField(com.google.gson.Gson,java.lang.reflect.Field,java.lang.String,com.google.gson.reflect.TypeToken<?>,boolean,boolean)	com.google.gson.internal.bind.ReflectiveTypeAdapterFactory	SOURCE
com.google.gson.internal.bind.ReflectiveTypeAdapterFactory	getBoundFields(com.google.gson.Gson,com.google.gson.reflect.TypeToken<?>,java.lang.Class<?>)	get(java.lang.reflect.Type)	com.google.gson.reflect.TypeToken	SOURCE
com.google.gson.internal.bind.ReflectiveTypeAdapterFactory	getBoundFields(com.google.gson.Gson,com.google.gson.reflect.TypeToken<?>,java.lang.Class<?>)	put(K,V)	java.util.Map	SOURCE
com.google.gson.internal.bind.ReflectiveTypeAdapterFactory	getBoundFields(com.google.gson.Gson,com.google.gson.reflect.TypeToken<?>,java.lang.Class<?>)	IllegalArgumentException(java.lang.String)	java.lang.IllegalArgumentException	SOURCE
com.google.gson.internal.bind.ReflectiveTypeAdapterFactory	getBoundFields(com.google.gson.Gson,com.google.gson.reflect.TypeToken<?>,java.lang.Class<?>)	get(java.lang.reflect.Type)	com.google.gson.reflect.TypeToken	SOURCE
com.google.gson.internal.bind.ReflectiveTypeAdapterFactory	getBoundFields(com.google.gson.Gson,com.google.gson.reflect.TypeToken<?>,java.lang.Class<?>)	resolve(java.lang.reflect.Type,java.lang.Class<?>,java.lang.reflect.Type)	com.google.gson.internal.$Gson$Types	SOURCE
com.google.gson.internal.bind.ReflectiveTypeAdapterFactory	getBoundFields(com.google.gson.Gson,com.google.gson.reflect.TypeToken<?>,java.lang.Class<?>)	getType()	com.google.gson.reflect.TypeToken	SOURCE
com.google.gson.internal.bind.ReflectiveTypeAdapterFactory	getBoundFields(com.google.gson.Gson,com.google.gson.reflect.TypeToken<?>,java.lang.Class<?>)	getGenericSuperclass()	java.lang.Class	SOURCE
com.google.gson.internal.bind.ReflectiveTypeAdapterFactory	getBoundFields(com.google.gson.Gson,com.google.gson.reflect.TypeToken<?>,java.lang.Class<?>)	getRawType()	com.google.gson.reflect.TypeToken	SOURCE
com.google.gson.internal.bind.ReflectiveTypeAdapterFactory$BoundField	BoundField(java.lang.String,boolean,boolean)	Object()	java.lang.Object	SOURCE
com.google.gson.internal.bind.ReflectiveTypeAdapterFactory$Adapter	Adapter(com.google.gson.internal.ObjectConstructor<T>,java.util.Map<java.lang.String,com.google.gson.internal.bind.ReflectiveTypeAdapterFactory.BoundField>)	TypeAdapter()	com.google.gson.TypeAdapter	SOURCE
com.google.gson.internal.bind.ReflectiveTypeAdapterFactory$Adapter	read(com.google.gson.stream.JsonReader)	peek()	com.google.gson.stream.JsonReader	SOURCE
com.google.gson.internal.bind.ReflectiveTypeAdapterFactory$Adapter	read(com.google.gson.stream.JsonReader)	nextNull()	com.google.gson.stream.JsonReader	SOURCE
com.google.gson.internal.bind.ReflectiveTypeAdapterFactory$Adapter	read(com.google.gson.stream.JsonReader)	construct()	com.google.gson.internal.ObjectConstructor	SOURCE
com.google.gson.internal.bind.ReflectiveTypeAdapterFactory$Adapter	read(com.google.gson.stream.JsonReader)	beginObject()	com.google.gson.stream.JsonReader	SOURCE
com.google.gson.internal.bind.ReflectiveTypeAdapterFactory$Adapter	read(com.google.gson.stream.JsonReader)	hasNext()	com.google.gson.stream.JsonReader	SOURCE
com.google.gson.internal.bind.ReflectiveTypeAdapterFactory$Adapter	read(com.google.gson.stream.JsonReader)	nextName()	com.google.gson.stream.JsonReader	SOURCE
com.google.gson.internal.bind.ReflectiveTypeAdapterFactory$Adapter	read(com.google.gson.stream.JsonReader)	get(java.lang.Object)	java.util.Map	SOURCE
com.google.gson.internal.bind.ReflectiveTypeAdapterFactory$Adapter	read(com.google.gson.stream.JsonReader)	skipValue()	com.google.gson.stream.JsonReader	SOURCE
com.google.gson.internal.bind.ReflectiveTypeAdapterFactory$Adapter	read(com.google.gson.stream.JsonReader)	read(com.google.gson.stream.JsonReader,java.lang.Object)	com.google.gson.internal.bind.ReflectiveTypeAdapterFactory$BoundField	SOURCE
com.google.gson.internal.bind.ReflectiveTypeAdapterFactory$Adapter	read(com.google.gson.stream.JsonReader)	JsonSyntaxException(java.lang.Throwable)	com.google.gson.JsonSyntaxException	SOURCE
com.google.gson.internal.bind.ReflectiveTypeAdapterFactory$Adapter	read(com.google.gson.stream.JsonReader)	AssertionError(java.lang.Object)	java.lang.AssertionError	SOURCE
com.google.gson.internal.bind.ReflectiveTypeAdapterFactory$Adapter	read(com.google.gson.stream.JsonReader)	endObject()	com.google.gson.stream.JsonReader	SOURCE
com.google.gson.internal.bind.ReflectiveTypeAdapterFactory$Adapter	write(com.google.gson.stream.JsonWriter,T)	nullValue()	com.google.gson.stream.JsonWriter	SOURCE
com.google.gson.internal.bind.ReflectiveTypeAdapterFactory$Adapter	write(com.google.gson.stream.JsonWriter,T)	beginObject()	com.google.gson.stream.JsonWriter	SOURCE
com.google.gson.internal.bind.ReflectiveTypeAdapterFactory$Adapter	write(com.google.gson.stream.JsonWriter,T)	values()	java.util.Map	SOURCE
com.google.gson.internal.bind.ReflectiveTypeAdapterFactory$Adapter	write(com.google.gson.stream.JsonWriter,T)	writeField(java.lang.Object)	com.google.gson.internal.bind.ReflectiveTypeAdapterFactory$BoundField	SOURCE
com.google.gson.internal.bind.ReflectiveTypeAdapterFactory$Adapter	write(com.google.gson.stream.JsonWriter,T)	name(java.lang.String)	com.google.gson.stream.JsonWriter	SOURCE
com.google.gson.internal.bind.ReflectiveTypeAdapterFactory$Adapter	write(com.google.gson.stream.JsonWriter,T)	write(com.google.gson.stream.JsonWriter,java.lang.Object)	com.google.gson.internal.bind.ReflectiveTypeAdapterFactory$BoundField	SOURCE
com.google.gson.internal.bind.ReflectiveTypeAdapterFactory$Adapter	write(com.google.gson.stream.JsonWriter,T)	AssertionError(java.lang.Object)	java.lang.AssertionError	SOURCE
com.google.gson.internal.bind.ReflectiveTypeAdapterFactory$Adapter	write(com.google.gson.stream.JsonWriter,T)	endObject()	com.google.gson.stream.JsonWriter	SOURCE
com.google.gson.internal.bind.CollectionTypeAdapterFactory	CollectionTypeAdapterFactory(com.google.gson.internal.ConstructorConstructor)	Object()	java.lang.Object	SOURCE
com.google.gson.internal.bind.CollectionTypeAdapterFactory	<T>create(com.google.gson.Gson,com.google.gson.reflect.TypeToken<T>)	getType()	com.google.gson.reflect.TypeToken	SOURCE
com.google.gson.internal.bind.CollectionTypeAdapterFactory	<T>create(com.google.gson.Gson,com.google.gson.reflect.TypeToken<T>)	getRawType()	com.google.gson.reflect.TypeToken	SOURCE
com.google.gson.internal.bind.CollectionTypeAdapterFactory	<T>create(com.google.gson.Gson,com.google.gson.reflect.TypeToken<T>)	isAssignableFrom(java.lang.Class<?>)	java.lang.Class	SOURCE
com.google.gson.internal.bind.CollectionTypeAdapterFactory	<T>create(com.google.gson.Gson,com.google.gson.reflect.TypeToken<T>)	getCollectionElementType(java.lang.reflect.Type,java.lang.Class<?>)	com.google.gson.internal.$Gson$Types	SOURCE
com.google.gson.internal.bind.CollectionTypeAdapterFactory	<T>create(com.google.gson.Gson,com.google.gson.reflect.TypeToken<T>)	<T>getAdapter(com.google.gson.reflect.TypeToken<T>)	com.google.gson.Gson	SOURCE
com.google.gson.internal.bind.CollectionTypeAdapterFactory	<T>create(com.google.gson.Gson,com.google.gson.reflect.TypeToken<T>)	get(java.lang.reflect.Type)	com.google.gson.reflect.TypeToken	SOURCE
com.google.gson.internal.bind.CollectionTypeAdapterFactory	<T>create(com.google.gson.Gson,com.google.gson.reflect.TypeToken<T>)	<T>get(com.google.gson.reflect.TypeToken<T>)	com.google.gson.internal.ConstructorConstructor	SOURCE
com.google.gson.internal.bind.CollectionTypeAdapterFactory	<T>create(com.google.gson.Gson,com.google.gson.reflect.TypeToken<T>)	Adapter(com.google.gson.Gson,java.lang.reflect.Type,com.google.gson.TypeAdapter<E>,com.google.gson.internal.ObjectConstructor<? extends java.util.Collection<E>>)	com.google.gson.internal.bind.CollectionTypeAdapterFactory$Adapter	SOURCE
com.google.gson.internal.bind.CollectionTypeAdapterFactory$Adapter	Adapter(com.google.gson.Gson,java.lang.reflect.Type,com.google.gson.TypeAdapter<E>,com.google.gson.internal.ObjectConstructor<? extends java.util.Collection<E>>)	TypeAdapter()	com.google.gson.TypeAdapter	SOURCE
com.google.gson.internal.bind.CollectionTypeAdapterFactory$Adapter	Adapter(com.google.gson.Gson,java.lang.reflect.Type,com.google.gson.TypeAdapter<E>,com.google.gson.internal.ObjectConstructor<? extends java.util.Collection<E>>)	TypeAdapterRuntimeTypeWrapper(com.google.gson.Gson,com.google.gson.TypeAdapter<T>,java.lang.reflect.Type)	com.google.gson.internal.bind.TypeAdapterRuntimeTypeWrapper	SOURCE
com.google.gson.internal.bind.CollectionTypeAdapterFactory$Adapter	read(com.google.gson.stream.JsonReader)	peek()	com.google.gson.stream.JsonReader	SOURCE
com.google.gson.internal.bind.CollectionTypeAdapterFactory$Adapter	read(com.google.gson.stream.JsonReader)	nextNull()	com.google.gson.stream.JsonReader	SOURCE
com.google.gson.internal.bind.CollectionTypeAdapterFactory$Adapter	read(com.google.gson.stream.JsonReader)	construct()	com.google.gson.internal.ObjectConstructor	SOURCE
com.google.gson.internal.bind.CollectionTypeAdapterFactory$Adapter	read(com.google.gson.stream.JsonReader)	beginArray()	com.google.gson.stream.JsonReader	SOURCE
com.google.gson.internal.bind.CollectionTypeAdapterFactory$Adapter	read(com.google.gson.stream.JsonReader)	hasNext()	com.google.gson.stream.JsonReader	SOURCE
com.google.gson.internal.bind.CollectionTypeAdapterFactory$Adapter	read(com.google.gson.stream.JsonReader)	read(com.google.gson.stream.JsonReader)	com.google.gson.TypeAdapter	SOURCE
com.google.gson.internal.bind.CollectionTypeAdapterFactory$Adapter	read(com.google.gson.stream.JsonReader)	add(E)	java.util.Collection	SOURCE
com.google.gson.internal.bind.CollectionTypeAdapterFactory$Adapter	read(com.google.gson.stream.JsonReader)	endArray()	com.google.gson.stream.JsonReader	SOURCE
com.google.gson.internal.bind.CollectionTypeAdapterFactory$Adapter	write(com.google.gson.stream.JsonWriter,java.util.Collection<E>)	nullValue()	com.google.gson.stream.JsonWriter	SOURCE
com.google.gson.internal.bind.CollectionTypeAdapterFactory$Adapter	write(com.google.gson.stream.JsonWriter,java.util.Collection<E>)	beginArray()	com.google.gson.stream.JsonWriter	SOURCE
com.google.gson.internal.bind.CollectionTypeAdapterFactory$Adapter	write(com.google.gson.stream.JsonWriter,java.util.Collection<E>)	write(com.google.gson.stream.JsonWriter,T)	com.google.gson.TypeAdapter	SOURCE
com.google.gson.internal.bind.CollectionTypeAdapterFactory$Adapter	write(com.google.gson.stream.JsonWriter,java.util.Collection<E>)	endArray()	com.google.gson.stream.JsonWriter	SOURCE
=======
>>>>>>> base
com.google.gson.internal.bind.SqlDateTypeAdapter	FACTORY	()	com.google.gson.internal.bind.SqlDateTypeAdapter$1	SOURCE
com.google.gson.internal.bind.SqlDateTypeAdapter$1	<T>create(com.google.gson.Gson,com.google.gson.reflect.TypeToken<T>)	getRawType()	com.google.gson.reflect.TypeToken	SOURCE
com.google.gson.internal.bind.SqlDateTypeAdapter$1	<T>create(com.google.gson.Gson,com.google.gson.reflect.TypeToken<T>)	SqlDateTypeAdapter()	com.google.gson.internal.bind.SqlDateTypeAdapter	SOURCE
com.google.gson.internal.bind.SqlDateTypeAdapter	format	SimpleDateFormat(java.lang.String)	java.text.SimpleDateFormat	SOURCE
com.google.gson.internal.bind.SqlDateTypeAdapter	read(com.google.gson.stream.JsonReader)	peek()	com.google.gson.stream.JsonReader	SOURCE
com.google.gson.internal.bind.SqlDateTypeAdapter	read(com.google.gson.stream.JsonReader)	nextNull()	com.google.gson.stream.JsonReader	SOURCE
com.google.gson.internal.bind.SqlDateTypeAdapter	read(com.google.gson.stream.JsonReader)	getTime()	java.util.Date	SOURCE
com.google.gson.internal.bind.SqlDateTypeAdapter	read(com.google.gson.stream.JsonReader)	parse(java.lang.String)	java.text.DateFormat	SOURCE
com.google.gson.internal.bind.SqlDateTypeAdapter	read(com.google.gson.stream.JsonReader)	nextString()	com.google.gson.stream.JsonReader	SOURCE
com.google.gson.internal.bind.SqlDateTypeAdapter	read(com.google.gson.stream.JsonReader)	Date(long)	java.sql.Date	SOURCE
com.google.gson.internal.bind.SqlDateTypeAdapter	read(com.google.gson.stream.JsonReader)	JsonSyntaxException(java.lang.Throwable)	com.google.gson.JsonSyntaxException	SOURCE
com.google.gson.internal.bind.SqlDateTypeAdapter	write(com.google.gson.stream.JsonWriter,java.sql.Date)	value(java.lang.String)	com.google.gson.stream.JsonWriter	SOURCE
com.google.gson.internal.bind.SqlDateTypeAdapter	write(com.google.gson.stream.JsonWriter,java.sql.Date)	format(java.util.Date)	java.text.DateFormat	SOURCE
com.google.gson.internal.bind.TypeAdapters	TypeAdapters()	Object()	java.lang.Object	SOURCE
com.google.gson.internal.bind.TypeAdapters	TypeAdapters()	UnsupportedOperationException()	java.lang.UnsupportedOperationException	SOURCE
com.google.gson.internal.bind.TypeAdapters	CLASS	nullSafe()	com.google.gson.TypeAdapter	SOURCE
com.google.gson.internal.bind.TypeAdapters	CLASS	()	com.google.gson.internal.bind.TypeAdapters$1	SOURCE
com.google.gson.internal.bind.TypeAdapters$1	write(com.google.gson.stream.JsonWriter,java.lang.Class)	UnsupportedOperationException(java.lang.String)	java.lang.UnsupportedOperationException	SOURCE
com.google.gson.internal.bind.TypeAdapters$1	write(com.google.gson.stream.JsonWriter,java.lang.Class)	getName()	java.lang.Class	SOURCE
com.google.gson.internal.bind.TypeAdapters$1	read(com.google.gson.stream.JsonReader)	UnsupportedOperationException(java.lang.String)	java.lang.UnsupportedOperationException	SOURCE
com.google.gson.internal.bind.TypeAdapters	CLASS_FACTORY	<TT>newFactory(java.lang.Class<TT>,com.google.gson.TypeAdapter<TT>)	com.google.gson.internal.bind.TypeAdapters	SOURCE
com.google.gson.internal.bind.TypeAdapters	BIT_SET	nullSafe()	com.google.gson.TypeAdapter	SOURCE
com.google.gson.internal.bind.TypeAdapters	BIT_SET	()	com.google.gson.internal.bind.TypeAdapters$2	SOURCE
com.google.gson.internal.bind.TypeAdapters$2	read(com.google.gson.stream.JsonReader)	BitSet()	java.util.BitSet	SOURCE
com.google.gson.internal.bind.TypeAdapters$2	read(com.google.gson.stream.JsonReader)	beginArray()	com.google.gson.stream.JsonReader	SOURCE
com.google.gson.internal.bind.TypeAdapters$2	read(com.google.gson.stream.JsonReader)	peek()	com.google.gson.stream.JsonReader	SOURCE
com.google.gson.internal.bind.TypeAdapters$2	read(com.google.gson.stream.JsonReader)	nextInt()	com.google.gson.stream.JsonReader	SOURCE
com.google.gson.internal.bind.TypeAdapters$2	read(com.google.gson.stream.JsonReader)	nextBoolean()	com.google.gson.stream.JsonReader	SOURCE
com.google.gson.internal.bind.TypeAdapters$2	read(com.google.gson.stream.JsonReader)	nextString()	com.google.gson.stream.JsonReader	SOURCE
com.google.gson.internal.bind.TypeAdapters$2	read(com.google.gson.stream.JsonReader)	parseInt(java.lang.String)	java.lang.Integer	SOURCE
com.google.gson.internal.bind.TypeAdapters$2	read(com.google.gson.stream.JsonReader)	JsonSyntaxException(java.lang.String)	com.google.gson.JsonSyntaxException	SOURCE
com.google.gson.internal.bind.TypeAdapters$2	read(com.google.gson.stream.JsonReader)	JsonSyntaxException(java.lang.String)	com.google.gson.JsonSyntaxException	SOURCE
com.google.gson.internal.bind.TypeAdapters$2	read(com.google.gson.stream.JsonReader)	set(int)	java.util.BitSet	SOURCE
com.google.gson.internal.bind.TypeAdapters$2	read(com.google.gson.stream.JsonReader)	peek()	com.google.gson.stream.JsonReader	SOURCE
com.google.gson.internal.bind.TypeAdapters$2	read(com.google.gson.stream.JsonReader)	endArray()	com.google.gson.stream.JsonReader	SOURCE
com.google.gson.internal.bind.TypeAdapters$2	write(com.google.gson.stream.JsonWriter,java.util.BitSet)	beginArray()	com.google.gson.stream.JsonWriter	SOURCE
com.google.gson.internal.bind.TypeAdapters$2	write(com.google.gson.stream.JsonWriter,java.util.BitSet)	length()	java.util.BitSet	SOURCE
com.google.gson.internal.bind.TypeAdapters$2	write(com.google.gson.stream.JsonWriter,java.util.BitSet)	get(int)	java.util.BitSet	SOURCE
com.google.gson.internal.bind.TypeAdapters$2	write(com.google.gson.stream.JsonWriter,java.util.BitSet)	value(long)	com.google.gson.stream.JsonWriter	SOURCE
com.google.gson.internal.bind.TypeAdapters$2	write(com.google.gson.stream.JsonWriter,java.util.BitSet)	endArray()	com.google.gson.stream.JsonWriter	SOURCE
com.google.gson.internal.bind.TypeAdapters	BIT_SET_FACTORY	<TT>newFactory(java.lang.Class<TT>,com.google.gson.TypeAdapter<TT>)	com.google.gson.internal.bind.TypeAdapters	SOURCE
com.google.gson.internal.bind.TypeAdapters	BOOLEAN	()	com.google.gson.internal.bind.TypeAdapters$3	SOURCE
com.google.gson.internal.bind.TypeAdapters$3	read(com.google.gson.stream.JsonReader)	peek()	com.google.gson.stream.JsonReader	SOURCE
com.google.gson.internal.bind.TypeAdapters$3	read(com.google.gson.stream.JsonReader)	nextNull()	com.google.gson.stream.JsonReader	SOURCE
com.google.gson.internal.bind.TypeAdapters$3	read(com.google.gson.stream.JsonReader)	parseBoolean(java.lang.String)	java.lang.Boolean	SOURCE
com.google.gson.internal.bind.TypeAdapters$3	read(com.google.gson.stream.JsonReader)	nextString()	com.google.gson.stream.JsonReader	SOURCE
com.google.gson.internal.bind.TypeAdapters$3	read(com.google.gson.stream.JsonReader)	nextBoolean()	com.google.gson.stream.JsonReader	SOURCE
com.google.gson.internal.bind.TypeAdapters$3	write(com.google.gson.stream.JsonWriter,java.lang.Boolean)	value(java.lang.Boolean)	com.google.gson.stream.JsonWriter	SOURCE
com.google.gson.internal.bind.TypeAdapters	BOOLEAN_AS_STRING	()	com.google.gson.internal.bind.TypeAdapters$4	SOURCE
com.google.gson.internal.bind.TypeAdapters$4	read(com.google.gson.stream.JsonReader)	peek()	com.google.gson.stream.JsonReader	SOURCE
com.google.gson.internal.bind.TypeAdapters$4	read(com.google.gson.stream.JsonReader)	nextNull()	com.google.gson.stream.JsonReader	SOURCE
com.google.gson.internal.bind.TypeAdapters$4	read(com.google.gson.stream.JsonReader)	valueOf(java.lang.String)	java.lang.Boolean	SOURCE
com.google.gson.internal.bind.TypeAdapters$4	read(com.google.gson.stream.JsonReader)	nextString()	com.google.gson.stream.JsonReader	SOURCE
com.google.gson.internal.bind.TypeAdapters$4	write(com.google.gson.stream.JsonWriter,java.lang.Boolean)	value(java.lang.String)	com.google.gson.stream.JsonWriter	SOURCE
com.google.gson.internal.bind.TypeAdapters$4	write(com.google.gson.stream.JsonWriter,java.lang.Boolean)	toString()	java.lang.Boolean	SOURCE
com.google.gson.internal.bind.TypeAdapters	BOOLEAN_FACTORY	<TT>newFactory(java.lang.Class<TT>,java.lang.Class<TT>,com.google.gson.TypeAdapter<? super TT>)	com.google.gson.internal.bind.TypeAdapters	SOURCE
com.google.gson.internal.bind.TypeAdapters	BYTE	()	com.google.gson.internal.bind.TypeAdapters$5	SOURCE
com.google.gson.internal.bind.TypeAdapters$5	read(com.google.gson.stream.JsonReader)	peek()	com.google.gson.stream.JsonReader	SOURCE
com.google.gson.internal.bind.TypeAdapters$5	read(com.google.gson.stream.JsonReader)	nextNull()	com.google.gson.stream.JsonReader	SOURCE
com.google.gson.internal.bind.TypeAdapters$5	read(com.google.gson.stream.JsonReader)	nextInt()	com.google.gson.stream.JsonReader	SOURCE
com.google.gson.internal.bind.TypeAdapters$5	read(com.google.gson.stream.JsonReader)	JsonSyntaxException(java.lang.Throwable)	com.google.gson.JsonSyntaxException	SOURCE
com.google.gson.internal.bind.TypeAdapters$5	write(com.google.gson.stream.JsonWriter,java.lang.Number)	value(java.lang.Number)	com.google.gson.stream.JsonWriter	SOURCE
com.google.gson.internal.bind.TypeAdapters	BYTE_FACTORY	<TT>newFactory(java.lang.Class<TT>,java.lang.Class<TT>,com.google.gson.TypeAdapter<? super TT>)	com.google.gson.internal.bind.TypeAdapters	SOURCE
com.google.gson.internal.bind.TypeAdapters	SHORT	()	com.google.gson.internal.bind.TypeAdapters$6	SOURCE
com.google.gson.internal.bind.TypeAdapters$6	read(com.google.gson.stream.JsonReader)	peek()	com.google.gson.stream.JsonReader	SOURCE
com.google.gson.internal.bind.TypeAdapters$6	read(com.google.gson.stream.JsonReader)	nextNull()	com.google.gson.stream.JsonReader	SOURCE
com.google.gson.internal.bind.TypeAdapters$6	read(com.google.gson.stream.JsonReader)	nextInt()	com.google.gson.stream.JsonReader	SOURCE
com.google.gson.internal.bind.TypeAdapters$6	read(com.google.gson.stream.JsonReader)	JsonSyntaxException(java.lang.Throwable)	com.google.gson.JsonSyntaxException	SOURCE
com.google.gson.internal.bind.TypeAdapters$6	write(com.google.gson.stream.JsonWriter,java.lang.Number)	value(java.lang.Number)	com.google.gson.stream.JsonWriter	SOURCE
com.google.gson.internal.bind.TypeAdapters	SHORT_FACTORY	<TT>newFactory(java.lang.Class<TT>,java.lang.Class<TT>,com.google.gson.TypeAdapter<? super TT>)	com.google.gson.internal.bind.TypeAdapters	SOURCE
com.google.gson.internal.bind.TypeAdapters	INTEGER	()	com.google.gson.internal.bind.TypeAdapters$7	SOURCE
com.google.gson.internal.bind.TypeAdapters$7	read(com.google.gson.stream.JsonReader)	peek()	com.google.gson.stream.JsonReader	SOURCE
com.google.gson.internal.bind.TypeAdapters$7	read(com.google.gson.stream.JsonReader)	nextNull()	com.google.gson.stream.JsonReader	SOURCE
com.google.gson.internal.bind.TypeAdapters$7	read(com.google.gson.stream.JsonReader)	nextInt()	com.google.gson.stream.JsonReader	SOURCE
com.google.gson.internal.bind.TypeAdapters$7	read(com.google.gson.stream.JsonReader)	JsonSyntaxException(java.lang.Throwable)	com.google.gson.JsonSyntaxException	SOURCE
com.google.gson.internal.bind.TypeAdapters$7	write(com.google.gson.stream.JsonWriter,java.lang.Number)	value(java.lang.Number)	com.google.gson.stream.JsonWriter	SOURCE
com.google.gson.internal.bind.TypeAdapters	INTEGER_FACTORY	<TT>newFactory(java.lang.Class<TT>,java.lang.Class<TT>,com.google.gson.TypeAdapter<? super TT>)	com.google.gson.internal.bind.TypeAdapters	SOURCE
com.google.gson.internal.bind.TypeAdapters	ATOMIC_INTEGER	nullSafe()	com.google.gson.TypeAdapter	SOURCE
com.google.gson.internal.bind.TypeAdapters	ATOMIC_INTEGER	()	com.google.gson.internal.bind.TypeAdapters$8	SOURCE
com.google.gson.internal.bind.TypeAdapters$8	read(com.google.gson.stream.JsonReader)	AtomicInteger(int)	java.util.concurrent.atomic.AtomicInteger	SOURCE
com.google.gson.internal.bind.TypeAdapters$8	read(com.google.gson.stream.JsonReader)	nextInt()	com.google.gson.stream.JsonReader	SOURCE
com.google.gson.internal.bind.TypeAdapters$8	read(com.google.gson.stream.JsonReader)	JsonSyntaxException(java.lang.Throwable)	com.google.gson.JsonSyntaxException	SOURCE
com.google.gson.internal.bind.TypeAdapters$8	write(com.google.gson.stream.JsonWriter,java.util.concurrent.atomic.AtomicInteger)	value(long)	com.google.gson.stream.JsonWriter	SOURCE
com.google.gson.internal.bind.TypeAdapters$8	write(com.google.gson.stream.JsonWriter,java.util.concurrent.atomic.AtomicInteger)	get()	java.util.concurrent.atomic.AtomicInteger	SOURCE
com.google.gson.internal.bind.TypeAdapters	ATOMIC_INTEGER_FACTORY	<TT>newFactory(java.lang.Class<TT>,com.google.gson.TypeAdapter<TT>)	com.google.gson.internal.bind.TypeAdapters	SOURCE
com.google.gson.internal.bind.TypeAdapters	ATOMIC_BOOLEAN	nullSafe()	com.google.gson.TypeAdapter	SOURCE
com.google.gson.internal.bind.TypeAdapters	ATOMIC_BOOLEAN	()	com.google.gson.internal.bind.TypeAdapters$9	SOURCE
com.google.gson.internal.bind.TypeAdapters$9	read(com.google.gson.stream.JsonReader)	AtomicBoolean(boolean)	java.util.concurrent.atomic.AtomicBoolean	SOURCE
com.google.gson.internal.bind.TypeAdapters$9	read(com.google.gson.stream.JsonReader)	nextBoolean()	com.google.gson.stream.JsonReader	SOURCE
com.google.gson.internal.bind.TypeAdapters$9	write(com.google.gson.stream.JsonWriter,java.util.concurrent.atomic.AtomicBoolean)	value(boolean)	com.google.gson.stream.JsonWriter	SOURCE
com.google.gson.internal.bind.TypeAdapters$9	write(com.google.gson.stream.JsonWriter,java.util.concurrent.atomic.AtomicBoolean)	get()	java.util.concurrent.atomic.AtomicBoolean	SOURCE
com.google.gson.internal.bind.TypeAdapters	ATOMIC_BOOLEAN_FACTORY	<TT>newFactory(java.lang.Class<TT>,com.google.gson.TypeAdapter<TT>)	com.google.gson.internal.bind.TypeAdapters	SOURCE
com.google.gson.internal.bind.TypeAdapters	ATOMIC_INTEGER_ARRAY	nullSafe()	com.google.gson.TypeAdapter	SOURCE
com.google.gson.internal.bind.TypeAdapters	ATOMIC_INTEGER_ARRAY	()	com.google.gson.internal.bind.TypeAdapters$10	SOURCE
com.google.gson.internal.bind.TypeAdapters$10	read(com.google.gson.stream.JsonReader)	ArrayList()	java.util.ArrayList	SOURCE
com.google.gson.internal.bind.TypeAdapters$10	read(com.google.gson.stream.JsonReader)	beginArray()	com.google.gson.stream.JsonReader	SOURCE
com.google.gson.internal.bind.TypeAdapters$10	read(com.google.gson.stream.JsonReader)	hasNext()	com.google.gson.stream.JsonReader	SOURCE
com.google.gson.internal.bind.TypeAdapters$10	read(com.google.gson.stream.JsonReader)	nextInt()	com.google.gson.stream.JsonReader	SOURCE
com.google.gson.internal.bind.TypeAdapters$10	read(com.google.gson.stream.JsonReader)	add(E)	java.util.List	SOURCE
com.google.gson.internal.bind.TypeAdapters$10	read(com.google.gson.stream.JsonReader)	JsonSyntaxException(java.lang.Throwable)	com.google.gson.JsonSyntaxException	SOURCE
com.google.gson.internal.bind.TypeAdapters$10	read(com.google.gson.stream.JsonReader)	endArray()	com.google.gson.stream.JsonReader	SOURCE
com.google.gson.internal.bind.TypeAdapters$10	read(com.google.gson.stream.JsonReader)	size()	java.util.List	SOURCE
com.google.gson.internal.bind.TypeAdapters$10	read(com.google.gson.stream.JsonReader)	AtomicIntegerArray(int)	java.util.concurrent.atomic.AtomicIntegerArray	SOURCE
com.google.gson.internal.bind.TypeAdapters$10	read(com.google.gson.stream.JsonReader)	set(int,int)	java.util.concurrent.atomic.AtomicIntegerArray	SOURCE
com.google.gson.internal.bind.TypeAdapters$10	read(com.google.gson.stream.JsonReader)	get(int)	java.util.List	SOURCE
com.google.gson.internal.bind.TypeAdapters$10	write(com.google.gson.stream.JsonWriter,java.util.concurrent.atomic.AtomicIntegerArray)	beginArray()	com.google.gson.stream.JsonWriter	SOURCE
com.google.gson.internal.bind.TypeAdapters$10	write(com.google.gson.stream.JsonWriter,java.util.concurrent.atomic.AtomicIntegerArray)	length()	java.util.concurrent.atomic.AtomicIntegerArray	SOURCE
com.google.gson.internal.bind.TypeAdapters$10	write(com.google.gson.stream.JsonWriter,java.util.concurrent.atomic.AtomicIntegerArray)	value(long)	com.google.gson.stream.JsonWriter	SOURCE
com.google.gson.internal.bind.TypeAdapters$10	write(com.google.gson.stream.JsonWriter,java.util.concurrent.atomic.AtomicIntegerArray)	get(int)	java.util.concurrent.atomic.AtomicIntegerArray	SOURCE
com.google.gson.internal.bind.TypeAdapters$10	write(com.google.gson.stream.JsonWriter,java.util.concurrent.atomic.AtomicIntegerArray)	endArray()	com.google.gson.stream.JsonWriter	SOURCE
com.google.gson.internal.bind.TypeAdapters	ATOMIC_INTEGER_ARRAY_FACTORY	<TT>newFactory(java.lang.Class<TT>,com.google.gson.TypeAdapter<TT>)	com.google.gson.internal.bind.TypeAdapters	SOURCE
com.google.gson.internal.bind.TypeAdapters	LONG	()	com.google.gson.internal.bind.TypeAdapters$11	SOURCE
com.google.gson.internal.bind.TypeAdapters$11	read(com.google.gson.stream.JsonReader)	peek()	com.google.gson.stream.JsonReader	SOURCE
com.google.gson.internal.bind.TypeAdapters$11	read(com.google.gson.stream.JsonReader)	nextNull()	com.google.gson.stream.JsonReader	SOURCE
com.google.gson.internal.bind.TypeAdapters$11	read(com.google.gson.stream.JsonReader)	nextLong()	com.google.gson.stream.JsonReader	SOURCE
com.google.gson.internal.bind.TypeAdapters$11	read(com.google.gson.stream.JsonReader)	JsonSyntaxException(java.lang.Throwable)	com.google.gson.JsonSyntaxException	SOURCE
com.google.gson.internal.bind.TypeAdapters$11	write(com.google.gson.stream.JsonWriter,java.lang.Number)	value(java.lang.Number)	com.google.gson.stream.JsonWriter	SOURCE
com.google.gson.internal.bind.TypeAdapters	FLOAT	()	com.google.gson.internal.bind.TypeAdapters$12	SOURCE
com.google.gson.internal.bind.TypeAdapters$12	read(com.google.gson.stream.JsonReader)	peek()	com.google.gson.stream.JsonReader	SOURCE
com.google.gson.internal.bind.TypeAdapters$12	read(com.google.gson.stream.JsonReader)	nextNull()	com.google.gson.stream.JsonReader	SOURCE
com.google.gson.internal.bind.TypeAdapters$12	read(com.google.gson.stream.JsonReader)	nextDouble()	com.google.gson.stream.JsonReader	SOURCE
com.google.gson.internal.bind.TypeAdapters$12	write(com.google.gson.stream.JsonWriter,java.lang.Number)	value(java.lang.Number)	com.google.gson.stream.JsonWriter	SOURCE
com.google.gson.internal.bind.TypeAdapters	DOUBLE	()	com.google.gson.internal.bind.TypeAdapters$13	SOURCE
com.google.gson.internal.bind.TypeAdapters$13	read(com.google.gson.stream.JsonReader)	peek()	com.google.gson.stream.JsonReader	SOURCE
com.google.gson.internal.bind.TypeAdapters$13	read(com.google.gson.stream.JsonReader)	nextNull()	com.google.gson.stream.JsonReader	SOURCE
com.google.gson.internal.bind.TypeAdapters$13	read(com.google.gson.stream.JsonReader)	nextDouble()	com.google.gson.stream.JsonReader	SOURCE
com.google.gson.internal.bind.TypeAdapters$13	write(com.google.gson.stream.JsonWriter,java.lang.Number)	value(java.lang.Number)	com.google.gson.stream.JsonWriter	SOURCE
com.google.gson.internal.bind.TypeAdapters	NUMBER	()	com.google.gson.internal.bind.TypeAdapters$14	SOURCE
com.google.gson.internal.bind.TypeAdapters$14	read(com.google.gson.stream.JsonReader)	peek()	com.google.gson.stream.JsonReader	SOURCE
com.google.gson.internal.bind.TypeAdapters$14	read(com.google.gson.stream.JsonReader)	nextNull()	com.google.gson.stream.JsonReader	SOURCE
com.google.gson.internal.bind.TypeAdapters$14	read(com.google.gson.stream.JsonReader)	LazilyParsedNumber(java.lang.String)	com.google.gson.internal.LazilyParsedNumber	SOURCE
com.google.gson.internal.bind.TypeAdapters$14	read(com.google.gson.stream.JsonReader)	nextString()	com.google.gson.stream.JsonReader	SOURCE
com.google.gson.internal.bind.TypeAdapters$14	read(com.google.gson.stream.JsonReader)	JsonSyntaxException(java.lang.String)	com.google.gson.JsonSyntaxException	SOURCE
com.google.gson.internal.bind.TypeAdapters$14	write(com.google.gson.stream.JsonWriter,java.lang.Number)	value(java.lang.Number)	com.google.gson.stream.JsonWriter	SOURCE
com.google.gson.internal.bind.TypeAdapters	NUMBER_FACTORY	<TT>newFactory(java.lang.Class<TT>,com.google.gson.TypeAdapter<TT>)	com.google.gson.internal.bind.TypeAdapters	SOURCE
com.google.gson.internal.bind.TypeAdapters	CHARACTER	()	com.google.gson.internal.bind.TypeAdapters$15	SOURCE
com.google.gson.internal.bind.TypeAdapters$15	read(com.google.gson.stream.JsonReader)	peek()	com.google.gson.stream.JsonReader	SOURCE
com.google.gson.internal.bind.TypeAdapters$15	read(com.google.gson.stream.JsonReader)	nextNull()	com.google.gson.stream.JsonReader	SOURCE
com.google.gson.internal.bind.TypeAdapters$15	read(com.google.gson.stream.JsonReader)	nextString()	com.google.gson.stream.JsonReader	SOURCE
com.google.gson.internal.bind.TypeAdapters$15	read(com.google.gson.stream.JsonReader)	length()	java.lang.String	SOURCE
com.google.gson.internal.bind.TypeAdapters$15	read(com.google.gson.stream.JsonReader)	JsonSyntaxException(java.lang.String)	com.google.gson.JsonSyntaxException	SOURCE
com.google.gson.internal.bind.TypeAdapters$15	read(com.google.gson.stream.JsonReader)	charAt(int)	java.lang.String	SOURCE
com.google.gson.internal.bind.TypeAdapters$15	write(com.google.gson.stream.JsonWriter,java.lang.Character)	value(java.lang.String)	com.google.gson.stream.JsonWriter	SOURCE
com.google.gson.internal.bind.TypeAdapters$15	write(com.google.gson.stream.JsonWriter,java.lang.Character)	valueOf(java.lang.Object)	java.lang.String	SOURCE
com.google.gson.internal.bind.TypeAdapters	CHARACTER_FACTORY	<TT>newFactory(java.lang.Class<TT>,java.lang.Class<TT>,com.google.gson.TypeAdapter<? super TT>)	com.google.gson.internal.bind.TypeAdapters	SOURCE
com.google.gson.internal.bind.TypeAdapters	STRING	()	com.google.gson.internal.bind.TypeAdapters$16	SOURCE
com.google.gson.internal.bind.TypeAdapters$16	read(com.google.gson.stream.JsonReader)	peek()	com.google.gson.stream.JsonReader	SOURCE
com.google.gson.internal.bind.TypeAdapters$16	read(com.google.gson.stream.JsonReader)	nextNull()	com.google.gson.stream.JsonReader	SOURCE
com.google.gson.internal.bind.TypeAdapters$16	read(com.google.gson.stream.JsonReader)	toString(boolean)	java.lang.Boolean	SOURCE
com.google.gson.internal.bind.TypeAdapters$16	read(com.google.gson.stream.JsonReader)	nextBoolean()	com.google.gson.stream.JsonReader	SOURCE
com.google.gson.internal.bind.TypeAdapters$16	read(com.google.gson.stream.JsonReader)	nextString()	com.google.gson.stream.JsonReader	SOURCE
com.google.gson.internal.bind.TypeAdapters$16	write(com.google.gson.stream.JsonWriter,java.lang.String)	value(java.lang.String)	com.google.gson.stream.JsonWriter	SOURCE
com.google.gson.internal.bind.TypeAdapters	BIG_DECIMAL	()	com.google.gson.internal.bind.TypeAdapters$17	SOURCE
com.google.gson.internal.bind.TypeAdapters$17	read(com.google.gson.stream.JsonReader)	peek()	com.google.gson.stream.JsonReader	SOURCE
com.google.gson.internal.bind.TypeAdapters$17	read(com.google.gson.stream.JsonReader)	nextNull()	com.google.gson.stream.JsonReader	SOURCE
com.google.gson.internal.bind.TypeAdapters$17	read(com.google.gson.stream.JsonReader)	BigDecimal(java.lang.String)	java.math.BigDecimal	SOURCE
com.google.gson.internal.bind.TypeAdapters$17	read(com.google.gson.stream.JsonReader)	nextString()	com.google.gson.stream.JsonReader	SOURCE
com.google.gson.internal.bind.TypeAdapters$17	read(com.google.gson.stream.JsonReader)	JsonSyntaxException(java.lang.Throwable)	com.google.gson.JsonSyntaxException	SOURCE
com.google.gson.internal.bind.TypeAdapters$17	write(com.google.gson.stream.JsonWriter,java.math.BigDecimal)	value(java.lang.Number)	com.google.gson.stream.JsonWriter	SOURCE
com.google.gson.internal.bind.TypeAdapters	BIG_INTEGER	()	com.google.gson.internal.bind.TypeAdapters$18	SOURCE
com.google.gson.internal.bind.TypeAdapters$18	read(com.google.gson.stream.JsonReader)	peek()	com.google.gson.stream.JsonReader	SOURCE
com.google.gson.internal.bind.TypeAdapters$18	read(com.google.gson.stream.JsonReader)	nextNull()	com.google.gson.stream.JsonReader	SOURCE
com.google.gson.internal.bind.TypeAdapters$18	read(com.google.gson.stream.JsonReader)	BigInteger(java.lang.String)	java.math.BigInteger	SOURCE
com.google.gson.internal.bind.TypeAdapters$18	read(com.google.gson.stream.JsonReader)	nextString()	com.google.gson.stream.JsonReader	SOURCE
com.google.gson.internal.bind.TypeAdapters$18	read(com.google.gson.stream.JsonReader)	JsonSyntaxException(java.lang.Throwable)	com.google.gson.JsonSyntaxException	SOURCE
com.google.gson.internal.bind.TypeAdapters$18	write(com.google.gson.stream.JsonWriter,java.math.BigInteger)	value(java.lang.Number)	com.google.gson.stream.JsonWriter	SOURCE
com.google.gson.internal.bind.TypeAdapters	STRING_FACTORY	<TT>newFactory(java.lang.Class<TT>,com.google.gson.TypeAdapter<TT>)	com.google.gson.internal.bind.TypeAdapters	SOURCE
com.google.gson.internal.bind.TypeAdapters	STRING_BUILDER	()	com.google.gson.internal.bind.TypeAdapters$19	SOURCE
com.google.gson.internal.bind.TypeAdapters$19	read(com.google.gson.stream.JsonReader)	peek()	com.google.gson.stream.JsonReader	SOURCE
com.google.gson.internal.bind.TypeAdapters$19	read(com.google.gson.stream.JsonReader)	nextNull()	com.google.gson.stream.JsonReader	SOURCE
com.google.gson.internal.bind.TypeAdapters$19	read(com.google.gson.stream.JsonReader)	StringBuilder(java.lang.String)	java.lang.StringBuilder	SOURCE
com.google.gson.internal.bind.TypeAdapters$19	read(com.google.gson.stream.JsonReader)	nextString()	com.google.gson.stream.JsonReader	SOURCE
com.google.gson.internal.bind.TypeAdapters$19	write(com.google.gson.stream.JsonWriter,java.lang.StringBuilder)	value(java.lang.String)	com.google.gson.stream.JsonWriter	SOURCE
com.google.gson.internal.bind.TypeAdapters$19	write(com.google.gson.stream.JsonWriter,java.lang.StringBuilder)	toString()	java.lang.StringBuilder	SOURCE
com.google.gson.internal.bind.TypeAdapters	STRING_BUILDER_FACTORY	<TT>newFactory(java.lang.Class<TT>,com.google.gson.TypeAdapter<TT>)	com.google.gson.internal.bind.TypeAdapters	SOURCE
com.google.gson.internal.bind.TypeAdapters	STRING_BUFFER	()	com.google.gson.internal.bind.TypeAdapters$20	SOURCE
com.google.gson.internal.bind.TypeAdapters$20	read(com.google.gson.stream.JsonReader)	peek()	com.google.gson.stream.JsonReader	SOURCE
com.google.gson.internal.bind.TypeAdapters$20	read(com.google.gson.stream.JsonReader)	nextNull()	com.google.gson.stream.JsonReader	SOURCE
com.google.gson.internal.bind.TypeAdapters$20	read(com.google.gson.stream.JsonReader)	StringBuffer(java.lang.String)	java.lang.StringBuffer	SOURCE
com.google.gson.internal.bind.TypeAdapters$20	read(com.google.gson.stream.JsonReader)	nextString()	com.google.gson.stream.JsonReader	SOURCE
com.google.gson.internal.bind.TypeAdapters$20	write(com.google.gson.stream.JsonWriter,java.lang.StringBuffer)	value(java.lang.String)	com.google.gson.stream.JsonWriter	SOURCE
com.google.gson.internal.bind.TypeAdapters$20	write(com.google.gson.stream.JsonWriter,java.lang.StringBuffer)	toString()	java.lang.StringBuffer	SOURCE
com.google.gson.internal.bind.TypeAdapters	STRING_BUFFER_FACTORY	<TT>newFactory(java.lang.Class<TT>,com.google.gson.TypeAdapter<TT>)	com.google.gson.internal.bind.TypeAdapters	SOURCE
com.google.gson.internal.bind.TypeAdapters	URL	()	com.google.gson.internal.bind.TypeAdapters$21	SOURCE
com.google.gson.internal.bind.TypeAdapters$21	read(com.google.gson.stream.JsonReader)	peek()	com.google.gson.stream.JsonReader	SOURCE
com.google.gson.internal.bind.TypeAdapters$21	read(com.google.gson.stream.JsonReader)	nextNull()	com.google.gson.stream.JsonReader	SOURCE
com.google.gson.internal.bind.TypeAdapters$21	read(com.google.gson.stream.JsonReader)	nextString()	com.google.gson.stream.JsonReader	SOURCE
com.google.gson.internal.bind.TypeAdapters$21	read(com.google.gson.stream.JsonReader)	equals(java.lang.Object)	java.lang.String	SOURCE
com.google.gson.internal.bind.TypeAdapters$21	read(com.google.gson.stream.JsonReader)	URL(java.lang.String)	java.net.URL	SOURCE
com.google.gson.internal.bind.TypeAdapters$21	write(com.google.gson.stream.JsonWriter,java.net.URL)	value(java.lang.String)	com.google.gson.stream.JsonWriter	SOURCE
com.google.gson.internal.bind.TypeAdapters$21	write(com.google.gson.stream.JsonWriter,java.net.URL)	toExternalForm()	java.net.URL	SOURCE
com.google.gson.internal.bind.TypeAdapters	URL_FACTORY	<TT>newFactory(java.lang.Class<TT>,com.google.gson.TypeAdapter<TT>)	com.google.gson.internal.bind.TypeAdapters	SOURCE
com.google.gson.internal.bind.TypeAdapters	URI	()	com.google.gson.internal.bind.TypeAdapters$22	SOURCE
com.google.gson.internal.bind.TypeAdapters$22	read(com.google.gson.stream.JsonReader)	peek()	com.google.gson.stream.JsonReader	SOURCE
com.google.gson.internal.bind.TypeAdapters$22	read(com.google.gson.stream.JsonReader)	nextNull()	com.google.gson.stream.JsonReader	SOURCE
com.google.gson.internal.bind.TypeAdapters$22	read(com.google.gson.stream.JsonReader)	nextString()	com.google.gson.stream.JsonReader	SOURCE
com.google.gson.internal.bind.TypeAdapters$22	read(com.google.gson.stream.JsonReader)	equals(java.lang.Object)	java.lang.String	SOURCE
com.google.gson.internal.bind.TypeAdapters$22	read(com.google.gson.stream.JsonReader)	URI(java.lang.String)	java.net.URI	SOURCE
com.google.gson.internal.bind.TypeAdapters$22	read(com.google.gson.stream.JsonReader)	JsonIOException(java.lang.Throwable)	com.google.gson.JsonIOException	SOURCE
com.google.gson.internal.bind.TypeAdapters$22	write(com.google.gson.stream.JsonWriter,java.net.URI)	value(java.lang.String)	com.google.gson.stream.JsonWriter	SOURCE
com.google.gson.internal.bind.TypeAdapters$22	write(com.google.gson.stream.JsonWriter,java.net.URI)	toASCIIString()	java.net.URI	SOURCE
com.google.gson.internal.bind.TypeAdapters	URI_FACTORY	<TT>newFactory(java.lang.Class<TT>,com.google.gson.TypeAdapter<TT>)	com.google.gson.internal.bind.TypeAdapters	SOURCE
com.google.gson.internal.bind.TypeAdapters	INET_ADDRESS	()	com.google.gson.internal.bind.TypeAdapters$23	SOURCE
com.google.gson.internal.bind.TypeAdapters$23	read(com.google.gson.stream.JsonReader)	peek()	com.google.gson.stream.JsonReader	SOURCE
com.google.gson.internal.bind.TypeAdapters$23	read(com.google.gson.stream.JsonReader)	nextNull()	com.google.gson.stream.JsonReader	SOURCE
com.google.gson.internal.bind.TypeAdapters$23	read(com.google.gson.stream.JsonReader)	getByName(java.lang.String)	java.net.InetAddress	SOURCE
com.google.gson.internal.bind.TypeAdapters$23	read(com.google.gson.stream.JsonReader)	nextString()	com.google.gson.stream.JsonReader	SOURCE
com.google.gson.internal.bind.TypeAdapters$23	write(com.google.gson.stream.JsonWriter,java.net.InetAddress)	value(java.lang.String)	com.google.gson.stream.JsonWriter	SOURCE
com.google.gson.internal.bind.TypeAdapters$23	write(com.google.gson.stream.JsonWriter,java.net.InetAddress)	getHostAddress()	java.net.InetAddress	SOURCE
com.google.gson.internal.bind.TypeAdapters	INET_ADDRESS_FACTORY	<T1>newTypeHierarchyFactory(java.lang.Class<T1>,com.google.gson.TypeAdapter<T1>)	com.google.gson.internal.bind.TypeAdapters	SOURCE
com.google.gson.internal.bind.TypeAdapters	UUID	()	com.google.gson.internal.bind.TypeAdapters$24	SOURCE
com.google.gson.internal.bind.TypeAdapters$24	read(com.google.gson.stream.JsonReader)	peek()	com.google.gson.stream.JsonReader	SOURCE
com.google.gson.internal.bind.TypeAdapters$24	read(com.google.gson.stream.JsonReader)	nextNull()	com.google.gson.stream.JsonReader	SOURCE
com.google.gson.internal.bind.TypeAdapters$24	read(com.google.gson.stream.JsonReader)	fromString(java.lang.String)	java.util.UUID	SOURCE
com.google.gson.internal.bind.TypeAdapters$24	read(com.google.gson.stream.JsonReader)	nextString()	com.google.gson.stream.JsonReader	SOURCE
com.google.gson.internal.bind.TypeAdapters$24	write(com.google.gson.stream.JsonWriter,java.util.UUID)	value(java.lang.String)	com.google.gson.stream.JsonWriter	SOURCE
com.google.gson.internal.bind.TypeAdapters$24	write(com.google.gson.stream.JsonWriter,java.util.UUID)	toString()	java.util.UUID	SOURCE
com.google.gson.internal.bind.TypeAdapters	UUID_FACTORY	<TT>newFactory(java.lang.Class<TT>,com.google.gson.TypeAdapter<TT>)	com.google.gson.internal.bind.TypeAdapters	SOURCE
com.google.gson.internal.bind.TypeAdapters	CURRENCY	nullSafe()	com.google.gson.TypeAdapter	SOURCE
com.google.gson.internal.bind.TypeAdapters	CURRENCY	()	com.google.gson.internal.bind.TypeAdapters$25	SOURCE
com.google.gson.internal.bind.TypeAdapters$25	read(com.google.gson.stream.JsonReader)	getInstance(java.lang.String)	java.util.Currency	SOURCE
com.google.gson.internal.bind.TypeAdapters$25	read(com.google.gson.stream.JsonReader)	nextString()	com.google.gson.stream.JsonReader	SOURCE
com.google.gson.internal.bind.TypeAdapters$25	write(com.google.gson.stream.JsonWriter,java.util.Currency)	value(java.lang.String)	com.google.gson.stream.JsonWriter	SOURCE
com.google.gson.internal.bind.TypeAdapters$25	write(com.google.gson.stream.JsonWriter,java.util.Currency)	getCurrencyCode()	java.util.Currency	SOURCE
com.google.gson.internal.bind.TypeAdapters	CURRENCY_FACTORY	<TT>newFactory(java.lang.Class<TT>,com.google.gson.TypeAdapter<TT>)	com.google.gson.internal.bind.TypeAdapters	SOURCE
com.google.gson.internal.bind.TypeAdapters	TIMESTAMP_FACTORY	()	com.google.gson.internal.bind.TypeAdapters$26	SOURCE
com.google.gson.internal.bind.TypeAdapters$26	<T>create(com.google.gson.Gson,com.google.gson.reflect.TypeToken<T>)	getRawType()	com.google.gson.reflect.TypeToken	SOURCE
com.google.gson.internal.bind.TypeAdapters$26	<T>create(com.google.gson.Gson,com.google.gson.reflect.TypeToken<T>)	<T>getAdapter(java.lang.Class<T>)	com.google.gson.Gson	SOURCE
com.google.gson.internal.bind.TypeAdapters$26	<T>create(com.google.gson.Gson,com.google.gson.reflect.TypeToken<T>)	()	com.google.gson.internal.bind.TypeAdapters$26$1	SOURCE
com.google.gson.internal.bind.TypeAdapters$26$1	read(com.google.gson.stream.JsonReader)	read(com.google.gson.stream.JsonReader)	com.google.gson.TypeAdapter	SOURCE
com.google.gson.internal.bind.TypeAdapters$26$1	read(com.google.gson.stream.JsonReader)	Timestamp(long)	java.sql.Timestamp	SOURCE
com.google.gson.internal.bind.TypeAdapters$26$1	read(com.google.gson.stream.JsonReader)	getTime()	java.util.Date	SOURCE
com.google.gson.internal.bind.TypeAdapters$26$1	write(com.google.gson.stream.JsonWriter,java.sql.Timestamp)	write(com.google.gson.stream.JsonWriter,T)	com.google.gson.TypeAdapter	SOURCE
com.google.gson.internal.bind.TypeAdapters	CALENDAR	()	com.google.gson.internal.bind.TypeAdapters$27	SOURCE
com.google.gson.internal.bind.TypeAdapters$27	read(com.google.gson.stream.JsonReader)	peek()	com.google.gson.stream.JsonReader	SOURCE
com.google.gson.internal.bind.TypeAdapters$27	read(com.google.gson.stream.JsonReader)	nextNull()	com.google.gson.stream.JsonReader	SOURCE
com.google.gson.internal.bind.TypeAdapters$27	read(com.google.gson.stream.JsonReader)	beginObject()	com.google.gson.stream.JsonReader	SOURCE
com.google.gson.internal.bind.TypeAdapters$27	read(com.google.gson.stream.JsonReader)	peek()	com.google.gson.stream.JsonReader	SOURCE
com.google.gson.internal.bind.TypeAdapters$27	read(com.google.gson.stream.JsonReader)	nextName()	com.google.gson.stream.JsonReader	SOURCE
com.google.gson.internal.bind.TypeAdapters$27	read(com.google.gson.stream.JsonReader)	nextInt()	com.google.gson.stream.JsonReader	SOURCE
com.google.gson.internal.bind.TypeAdapters$27	read(com.google.gson.stream.JsonReader)	equals(java.lang.Object)	java.lang.String	SOURCE
com.google.gson.internal.bind.TypeAdapters$27	read(com.google.gson.stream.JsonReader)	equals(java.lang.Object)	java.lang.String	SOURCE
com.google.gson.internal.bind.TypeAdapters$27	read(com.google.gson.stream.JsonReader)	equals(java.lang.Object)	java.lang.String	SOURCE
com.google.gson.internal.bind.TypeAdapters$27	read(com.google.gson.stream.JsonReader)	equals(java.lang.Object)	java.lang.String	SOURCE
com.google.gson.internal.bind.TypeAdapters$27	read(com.google.gson.stream.JsonReader)	equals(java.lang.Object)	java.lang.String	SOURCE
com.google.gson.internal.bind.TypeAdapters$27	read(com.google.gson.stream.JsonReader)	equals(java.lang.Object)	java.lang.String	SOURCE
com.google.gson.internal.bind.TypeAdapters$27	read(com.google.gson.stream.JsonReader)	endObject()	com.google.gson.stream.JsonReader	SOURCE
com.google.gson.internal.bind.TypeAdapters$27	read(com.google.gson.stream.JsonReader)	GregorianCalendar(int,int,int,int,int,int)	java.util.GregorianCalendar	SOURCE
com.google.gson.internal.bind.TypeAdapters$27	write(com.google.gson.stream.JsonWriter,java.util.Calendar)	nullValue()	com.google.gson.stream.JsonWriter	SOURCE
com.google.gson.internal.bind.TypeAdapters$27	write(com.google.gson.stream.JsonWriter,java.util.Calendar)	beginObject()	com.google.gson.stream.JsonWriter	SOURCE
com.google.gson.internal.bind.TypeAdapters$27	write(com.google.gson.stream.JsonWriter,java.util.Calendar)	name(java.lang.String)	com.google.gson.stream.JsonWriter	SOURCE
com.google.gson.internal.bind.TypeAdapters$27	write(com.google.gson.stream.JsonWriter,java.util.Calendar)	value(long)	com.google.gson.stream.JsonWriter	SOURCE
com.google.gson.internal.bind.TypeAdapters$27	write(com.google.gson.stream.JsonWriter,java.util.Calendar)	get(int)	java.util.Calendar	SOURCE
com.google.gson.internal.bind.TypeAdapters$27	write(com.google.gson.stream.JsonWriter,java.util.Calendar)	name(java.lang.String)	com.google.gson.stream.JsonWriter	SOURCE
com.google.gson.internal.bind.TypeAdapters$27	write(com.google.gson.stream.JsonWriter,java.util.Calendar)	value(long)	com.google.gson.stream.JsonWriter	SOURCE
com.google.gson.internal.bind.TypeAdapters$27	write(com.google.gson.stream.JsonWriter,java.util.Calendar)	get(int)	java.util.Calendar	SOURCE
com.google.gson.internal.bind.TypeAdapters$27	write(com.google.gson.stream.JsonWriter,java.util.Calendar)	name(java.lang.String)	com.google.gson.stream.JsonWriter	SOURCE
com.google.gson.internal.bind.TypeAdapters$27	write(com.google.gson.stream.JsonWriter,java.util.Calendar)	value(long)	com.google.gson.stream.JsonWriter	SOURCE
com.google.gson.internal.bind.TypeAdapters$27	write(com.google.gson.stream.JsonWriter,java.util.Calendar)	get(int)	java.util.Calendar	SOURCE
com.google.gson.internal.bind.TypeAdapters$27	write(com.google.gson.stream.JsonWriter,java.util.Calendar)	name(java.lang.String)	com.google.gson.stream.JsonWriter	SOURCE
com.google.gson.internal.bind.TypeAdapters$27	write(com.google.gson.stream.JsonWriter,java.util.Calendar)	value(long)	com.google.gson.stream.JsonWriter	SOURCE
com.google.gson.internal.bind.TypeAdapters$27	write(com.google.gson.stream.JsonWriter,java.util.Calendar)	get(int)	java.util.Calendar	SOURCE
com.google.gson.internal.bind.TypeAdapters$27	write(com.google.gson.stream.JsonWriter,java.util.Calendar)	name(java.lang.String)	com.google.gson.stream.JsonWriter	SOURCE
com.google.gson.internal.bind.TypeAdapters$27	write(com.google.gson.stream.JsonWriter,java.util.Calendar)	value(long)	com.google.gson.stream.JsonWriter	SOURCE
com.google.gson.internal.bind.TypeAdapters$27	write(com.google.gson.stream.JsonWriter,java.util.Calendar)	get(int)	java.util.Calendar	SOURCE
com.google.gson.internal.bind.TypeAdapters$27	write(com.google.gson.stream.JsonWriter,java.util.Calendar)	name(java.lang.String)	com.google.gson.stream.JsonWriter	SOURCE
com.google.gson.internal.bind.TypeAdapters$27	write(com.google.gson.stream.JsonWriter,java.util.Calendar)	value(long)	com.google.gson.stream.JsonWriter	SOURCE
com.google.gson.internal.bind.TypeAdapters$27	write(com.google.gson.stream.JsonWriter,java.util.Calendar)	get(int)	java.util.Calendar	SOURCE
com.google.gson.internal.bind.TypeAdapters$27	write(com.google.gson.stream.JsonWriter,java.util.Calendar)	endObject()	com.google.gson.stream.JsonWriter	SOURCE
com.google.gson.internal.bind.TypeAdapters	CALENDAR_FACTORY	<TT>newFactoryForMultipleTypes(java.lang.Class<TT>,java.lang.Class<? extends TT>,com.google.gson.TypeAdapter<? super TT>)	com.google.gson.internal.bind.TypeAdapters	SOURCE
com.google.gson.internal.bind.TypeAdapters	LOCALE	()	com.google.gson.internal.bind.TypeAdapters$28	SOURCE
com.google.gson.internal.bind.TypeAdapters$28	read(com.google.gson.stream.JsonReader)	peek()	com.google.gson.stream.JsonReader	SOURCE
com.google.gson.internal.bind.TypeAdapters$28	read(com.google.gson.stream.JsonReader)	nextNull()	com.google.gson.stream.JsonReader	SOURCE
com.google.gson.internal.bind.TypeAdapters$28	read(com.google.gson.stream.JsonReader)	nextString()	com.google.gson.stream.JsonReader	SOURCE
com.google.gson.internal.bind.TypeAdapters$28	read(com.google.gson.stream.JsonReader)	StringTokenizer(java.lang.String,java.lang.String)	java.util.StringTokenizer	SOURCE
com.google.gson.internal.bind.TypeAdapters$28	read(com.google.gson.stream.JsonReader)	hasMoreElements()	java.util.StringTokenizer	SOURCE
com.google.gson.internal.bind.TypeAdapters$28	read(com.google.gson.stream.JsonReader)	nextToken()	java.util.StringTokenizer	SOURCE
com.google.gson.internal.bind.TypeAdapters$28	read(com.google.gson.stream.JsonReader)	hasMoreElements()	java.util.StringTokenizer	SOURCE
com.google.gson.internal.bind.TypeAdapters$28	read(com.google.gson.stream.JsonReader)	nextToken()	java.util.StringTokenizer	SOURCE
com.google.gson.internal.bind.TypeAdapters$28	read(com.google.gson.stream.JsonReader)	hasMoreElements()	java.util.StringTokenizer	SOURCE
com.google.gson.internal.bind.TypeAdapters$28	read(com.google.gson.stream.JsonReader)	nextToken()	java.util.StringTokenizer	SOURCE
com.google.gson.internal.bind.TypeAdapters$28	read(com.google.gson.stream.JsonReader)	Locale(java.lang.String)	java.util.Locale	SOURCE
com.google.gson.internal.bind.TypeAdapters$28	read(com.google.gson.stream.JsonReader)	Locale(java.lang.String,java.lang.String)	java.util.Locale	SOURCE
com.google.gson.internal.bind.TypeAdapters$28	read(com.google.gson.stream.JsonReader)	Locale(java.lang.String,java.lang.String,java.lang.String)	java.util.Locale	SOURCE
com.google.gson.internal.bind.TypeAdapters$28	write(com.google.gson.stream.JsonWriter,java.util.Locale)	value(java.lang.String)	com.google.gson.stream.JsonWriter	SOURCE
com.google.gson.internal.bind.TypeAdapters$28	write(com.google.gson.stream.JsonWriter,java.util.Locale)	toString()	java.util.Locale	SOURCE
com.google.gson.internal.bind.TypeAdapters	LOCALE_FACTORY	<TT>newFactory(java.lang.Class<TT>,com.google.gson.TypeAdapter<TT>)	com.google.gson.internal.bind.TypeAdapters	SOURCE
com.google.gson.internal.bind.TypeAdapters	JSON_ELEMENT	()	com.google.gson.internal.bind.TypeAdapters$29	SOURCE
com.google.gson.internal.bind.TypeAdapters$29	read(com.google.gson.stream.JsonReader)	peek()	com.google.gson.stream.JsonReader	SOURCE
com.google.gson.internal.bind.TypeAdapters$29	read(com.google.gson.stream.JsonReader)	JsonPrimitive(java.lang.String)	com.google.gson.JsonPrimitive	SOURCE
com.google.gson.internal.bind.TypeAdapters$29	read(com.google.gson.stream.JsonReader)	nextString()	com.google.gson.stream.JsonReader	SOURCE
com.google.gson.internal.bind.TypeAdapters$29	read(com.google.gson.stream.JsonReader)	nextString()	com.google.gson.stream.JsonReader	SOURCE
com.google.gson.internal.bind.TypeAdapters$29	read(com.google.gson.stream.JsonReader)	JsonPrimitive(java.lang.Number)	com.google.gson.JsonPrimitive	SOURCE
com.google.gson.internal.bind.TypeAdapters$29	read(com.google.gson.stream.JsonReader)	LazilyParsedNumber(java.lang.String)	com.google.gson.internal.LazilyParsedNumber	SOURCE
com.google.gson.internal.bind.TypeAdapters$29	read(com.google.gson.stream.JsonReader)	JsonPrimitive(java.lang.Boolean)	com.google.gson.JsonPrimitive	SOURCE
com.google.gson.internal.bind.TypeAdapters$29	read(com.google.gson.stream.JsonReader)	nextBoolean()	com.google.gson.stream.JsonReader	SOURCE
com.google.gson.internal.bind.TypeAdapters$29	read(com.google.gson.stream.JsonReader)	nextNull()	com.google.gson.stream.JsonReader	SOURCE
com.google.gson.internal.bind.TypeAdapters$29	read(com.google.gson.stream.JsonReader)	JsonArray()	com.google.gson.JsonArray	SOURCE
com.google.gson.internal.bind.TypeAdapters$29	read(com.google.gson.stream.JsonReader)	beginArray()	com.google.gson.stream.JsonReader	SOURCE
com.google.gson.internal.bind.TypeAdapters$29	read(com.google.gson.stream.JsonReader)	hasNext()	com.google.gson.stream.JsonReader	SOURCE
com.google.gson.internal.bind.TypeAdapters$29	read(com.google.gson.stream.JsonReader)	add(com.google.gson.JsonElement)	com.google.gson.JsonArray	SOURCE
com.google.gson.internal.bind.TypeAdapters$29	read(com.google.gson.stream.JsonReader)	read(com.google.gson.stream.JsonReader)	com.google.gson.internal.bind.TypeAdapters$29	SOURCE
com.google.gson.internal.bind.TypeAdapters$29	read(com.google.gson.stream.JsonReader)	endArray()	com.google.gson.stream.JsonReader	SOURCE
com.google.gson.internal.bind.TypeAdapters$29	read(com.google.gson.stream.JsonReader)	JsonObject()	com.google.gson.JsonObject	SOURCE
com.google.gson.internal.bind.TypeAdapters$29	read(com.google.gson.stream.JsonReader)	beginObject()	com.google.gson.stream.JsonReader	SOURCE
com.google.gson.internal.bind.TypeAdapters$29	read(com.google.gson.stream.JsonReader)	hasNext()	com.google.gson.stream.JsonReader	SOURCE
com.google.gson.internal.bind.TypeAdapters$29	read(com.google.gson.stream.JsonReader)	add(java.lang.String,com.google.gson.JsonElement)	com.google.gson.JsonObject	SOURCE
com.google.gson.internal.bind.TypeAdapters$29	read(com.google.gson.stream.JsonReader)	nextName()	com.google.gson.stream.JsonReader	SOURCE
com.google.gson.internal.bind.TypeAdapters$29	read(com.google.gson.stream.JsonReader)	read(com.google.gson.stream.JsonReader)	com.google.gson.internal.bind.TypeAdapters$29	SOURCE
com.google.gson.internal.bind.TypeAdapters$29	read(com.google.gson.stream.JsonReader)	endObject()	com.google.gson.stream.JsonReader	SOURCE
com.google.gson.internal.bind.TypeAdapters$29	read(com.google.gson.stream.JsonReader)	IllegalArgumentException()	java.lang.IllegalArgumentException	SOURCE
com.google.gson.internal.bind.TypeAdapters$29	write(com.google.gson.stream.JsonWriter,com.google.gson.JsonElement)	isJsonNull()	com.google.gson.JsonElement	SOURCE
com.google.gson.internal.bind.TypeAdapters$29	write(com.google.gson.stream.JsonWriter,com.google.gson.JsonElement)	nullValue()	com.google.gson.stream.JsonWriter	SOURCE
com.google.gson.internal.bind.TypeAdapters$29	write(com.google.gson.stream.JsonWriter,com.google.gson.JsonElement)	isJsonPrimitive()	com.google.gson.JsonElement	SOURCE
com.google.gson.internal.bind.TypeAdapters$29	write(com.google.gson.stream.JsonWriter,com.google.gson.JsonElement)	getAsJsonPrimitive()	com.google.gson.JsonElement	SOURCE
com.google.gson.internal.bind.TypeAdapters$29	write(com.google.gson.stream.JsonWriter,com.google.gson.JsonElement)	isNumber()	com.google.gson.JsonPrimitive	SOURCE
com.google.gson.internal.bind.TypeAdapters$29	write(com.google.gson.stream.JsonWriter,com.google.gson.JsonElement)	value(java.lang.Number)	com.google.gson.stream.JsonWriter	SOURCE
com.google.gson.internal.bind.TypeAdapters$29	write(com.google.gson.stream.JsonWriter,com.google.gson.JsonElement)	getAsNumber()	com.google.gson.JsonPrimitive	SOURCE
com.google.gson.internal.bind.TypeAdapters$29	write(com.google.gson.stream.JsonWriter,com.google.gson.JsonElement)	isBoolean()	com.google.gson.JsonPrimitive	SOURCE
com.google.gson.internal.bind.TypeAdapters$29	write(com.google.gson.stream.JsonWriter,com.google.gson.JsonElement)	value(boolean)	com.google.gson.stream.JsonWriter	SOURCE
com.google.gson.internal.bind.TypeAdapters$29	write(com.google.gson.stream.JsonWriter,com.google.gson.JsonElement)	getAsBoolean()	com.google.gson.JsonPrimitive	SOURCE
com.google.gson.internal.bind.TypeAdapters$29	write(com.google.gson.stream.JsonWriter,com.google.gson.JsonElement)	value(java.lang.String)	com.google.gson.stream.JsonWriter	SOURCE
com.google.gson.internal.bind.TypeAdapters$29	write(com.google.gson.stream.JsonWriter,com.google.gson.JsonElement)	getAsString()	com.google.gson.JsonPrimitive	SOURCE
com.google.gson.internal.bind.TypeAdapters$29	write(com.google.gson.stream.JsonWriter,com.google.gson.JsonElement)	isJsonArray()	com.google.gson.JsonElement	SOURCE
com.google.gson.internal.bind.TypeAdapters$29	write(com.google.gson.stream.JsonWriter,com.google.gson.JsonElement)	beginArray()	com.google.gson.stream.JsonWriter	SOURCE
com.google.gson.internal.bind.TypeAdapters$29	write(com.google.gson.stream.JsonWriter,com.google.gson.JsonElement)	getAsJsonArray()	com.google.gson.JsonElement	SOURCE
com.google.gson.internal.bind.TypeAdapters$29	write(com.google.gson.stream.JsonWriter,com.google.gson.JsonElement)	write(com.google.gson.stream.JsonWriter,com.google.gson.JsonElement)	com.google.gson.internal.bind.TypeAdapters$29	SOURCE
com.google.gson.internal.bind.TypeAdapters$29	write(com.google.gson.stream.JsonWriter,com.google.gson.JsonElement)	endArray()	com.google.gson.stream.JsonWriter	SOURCE
com.google.gson.internal.bind.TypeAdapters$29	write(com.google.gson.stream.JsonWriter,com.google.gson.JsonElement)	isJsonObject()	com.google.gson.JsonElement	SOURCE
com.google.gson.internal.bind.TypeAdapters$29	write(com.google.gson.stream.JsonWriter,com.google.gson.JsonElement)	beginObject()	com.google.gson.stream.JsonWriter	SOURCE
com.google.gson.internal.bind.TypeAdapters$29	write(com.google.gson.stream.JsonWriter,com.google.gson.JsonElement)	entrySet()	com.google.gson.JsonObject	SOURCE
com.google.gson.internal.bind.TypeAdapters$29	write(com.google.gson.stream.JsonWriter,com.google.gson.JsonElement)	getAsJsonObject()	com.google.gson.JsonElement	SOURCE
com.google.gson.internal.bind.TypeAdapters$29	write(com.google.gson.stream.JsonWriter,com.google.gson.JsonElement)	name(java.lang.String)	com.google.gson.stream.JsonWriter	SOURCE
com.google.gson.internal.bind.TypeAdapters$29	write(com.google.gson.stream.JsonWriter,com.google.gson.JsonElement)	getKey()	java.util.Map$Entry	SOURCE
com.google.gson.internal.bind.TypeAdapters$29	write(com.google.gson.stream.JsonWriter,com.google.gson.JsonElement)	write(com.google.gson.stream.JsonWriter,com.google.gson.JsonElement)	com.google.gson.internal.bind.TypeAdapters$29	SOURCE
com.google.gson.internal.bind.TypeAdapters$29	write(com.google.gson.stream.JsonWriter,com.google.gson.JsonElement)	getValue()	java.util.Map$Entry	SOURCE
com.google.gson.internal.bind.TypeAdapters$29	write(com.google.gson.stream.JsonWriter,com.google.gson.JsonElement)	endObject()	com.google.gson.stream.JsonWriter	SOURCE
com.google.gson.internal.bind.TypeAdapters$29	write(com.google.gson.stream.JsonWriter,com.google.gson.JsonElement)	IllegalArgumentException(java.lang.String)	java.lang.IllegalArgumentException	SOURCE
com.google.gson.internal.bind.TypeAdapters$29	write(com.google.gson.stream.JsonWriter,com.google.gson.JsonElement)	getClass()	java.lang.Object	SOURCE
com.google.gson.internal.bind.TypeAdapters	JSON_ELEMENT_FACTORY	<T1>newTypeHierarchyFactory(java.lang.Class<T1>,com.google.gson.TypeAdapter<T1>)	com.google.gson.internal.bind.TypeAdapters	SOURCE
com.google.gson.internal.bind.TypeAdapters$EnumTypeAdapter	nameToConstant	HashMap()	java.util.HashMap	SOURCE
com.google.gson.internal.bind.TypeAdapters$EnumTypeAdapter	constantToName	HashMap()	java.util.HashMap	SOURCE
com.google.gson.internal.bind.TypeAdapters$EnumTypeAdapter	EnumTypeAdapter(java.lang.Class<T>)	TypeAdapter()	com.google.gson.TypeAdapter	SOURCE
com.google.gson.internal.bind.TypeAdapters$EnumTypeAdapter	EnumTypeAdapter(java.lang.Class<T>)	getEnumConstants()	java.lang.Class	SOURCE
com.google.gson.internal.bind.TypeAdapters$EnumTypeAdapter	EnumTypeAdapter(java.lang.Class<T>)	name()	java.lang.Enum	SOURCE
com.google.gson.internal.bind.TypeAdapters$EnumTypeAdapter	EnumTypeAdapter(java.lang.Class<T>)	<T>getAnnotation(java.lang.Class<T>)	java.lang.reflect.Field	SOURCE
com.google.gson.internal.bind.TypeAdapters$EnumTypeAdapter	EnumTypeAdapter(java.lang.Class<T>)	getField(java.lang.String)	java.lang.Class	SOURCE
com.google.gson.internal.bind.TypeAdapters$EnumTypeAdapter	EnumTypeAdapter(java.lang.Class<T>)	value()	com.google.gson.annotations.SerializedName	SOURCE
com.google.gson.internal.bind.TypeAdapters$EnumTypeAdapter	EnumTypeAdapter(java.lang.Class<T>)	alternate()	com.google.gson.annotations.SerializedName	SOURCE
com.google.gson.internal.bind.TypeAdapters$EnumTypeAdapter	EnumTypeAdapter(java.lang.Class<T>)	put(K,V)	java.util.Map	SOURCE
com.google.gson.internal.bind.TypeAdapters$EnumTypeAdapter	EnumTypeAdapter(java.lang.Class<T>)	put(K,V)	java.util.Map	SOURCE
com.google.gson.internal.bind.TypeAdapters$EnumTypeAdapter	EnumTypeAdapter(java.lang.Class<T>)	put(K,V)	java.util.Map	SOURCE
com.google.gson.internal.bind.TypeAdapters$EnumTypeAdapter	EnumTypeAdapter(java.lang.Class<T>)	AssertionError(java.lang.Object)	java.lang.AssertionError	SOURCE
com.google.gson.internal.bind.TypeAdapters$EnumTypeAdapter	read(com.google.gson.stream.JsonReader)	peek()	com.google.gson.stream.JsonReader	SOURCE
com.google.gson.internal.bind.TypeAdapters$EnumTypeAdapter	read(com.google.gson.stream.JsonReader)	nextNull()	com.google.gson.stream.JsonReader	SOURCE
com.google.gson.internal.bind.TypeAdapters$EnumTypeAdapter	read(com.google.gson.stream.JsonReader)	get(java.lang.Object)	java.util.Map	SOURCE
com.google.gson.internal.bind.TypeAdapters$EnumTypeAdapter	read(com.google.gson.stream.JsonReader)	nextString()	com.google.gson.stream.JsonReader	SOURCE
com.google.gson.internal.bind.TypeAdapters$EnumTypeAdapter	write(com.google.gson.stream.JsonWriter,T)	value(java.lang.String)	com.google.gson.stream.JsonWriter	SOURCE
com.google.gson.internal.bind.TypeAdapters$EnumTypeAdapter	write(com.google.gson.stream.JsonWriter,T)	get(java.lang.Object)	java.util.Map	SOURCE
com.google.gson.internal.bind.TypeAdapters	ENUM_FACTORY	()	com.google.gson.internal.bind.TypeAdapters$30	SOURCE
com.google.gson.internal.bind.TypeAdapters$30	<T>create(com.google.gson.Gson,com.google.gson.reflect.TypeToken<T>)	getRawType()	com.google.gson.reflect.TypeToken	SOURCE
com.google.gson.internal.bind.TypeAdapters$30	<T>create(com.google.gson.Gson,com.google.gson.reflect.TypeToken<T>)	isAssignableFrom(java.lang.Class<?>)	java.lang.Class	SOURCE
com.google.gson.internal.bind.TypeAdapters$30	<T>create(com.google.gson.Gson,com.google.gson.reflect.TypeToken<T>)	isEnum()	java.lang.Class	SOURCE
com.google.gson.internal.bind.TypeAdapters$30	<T>create(com.google.gson.Gson,com.google.gson.reflect.TypeToken<T>)	getSuperclass()	java.lang.Class	SOURCE
com.google.gson.internal.bind.TypeAdapters$30	<T>create(com.google.gson.Gson,com.google.gson.reflect.TypeToken<T>)	EnumTypeAdapter(java.lang.Class<T>)	com.google.gson.internal.bind.TypeAdapters$EnumTypeAdapter	SOURCE
com.google.gson.internal.bind.TypeAdapters	<TT>newFactory(com.google.gson.reflect.TypeToken<TT>,com.google.gson.TypeAdapter<TT>)	()	com.google.gson.internal.bind.TypeAdapters$31	SOURCE
com.google.gson.internal.bind.TypeAdapters$31	<T>create(com.google.gson.Gson,com.google.gson.reflect.TypeToken<T>)	equals(java.lang.Object)	com.google.gson.reflect.TypeToken	SOURCE
com.google.gson.internal.bind.TypeAdapters	<TT>newFactory(java.lang.Class<TT>,com.google.gson.TypeAdapter<TT>)	()	com.google.gson.internal.bind.TypeAdapters$32	SOURCE
com.google.gson.internal.bind.TypeAdapters$32	<T>create(com.google.gson.Gson,com.google.gson.reflect.TypeToken<T>)	getRawType()	com.google.gson.reflect.TypeToken	SOURCE
com.google.gson.internal.bind.TypeAdapters$32	toString()	getName()	java.lang.Class	SOURCE
com.google.gson.internal.bind.TypeAdapters	<TT>newFactory(java.lang.Class<TT>,java.lang.Class<TT>,com.google.gson.TypeAdapter<? super TT>)	()	com.google.gson.internal.bind.TypeAdapters$33	SOURCE
com.google.gson.internal.bind.TypeAdapters$33	<T>create(com.google.gson.Gson,com.google.gson.reflect.TypeToken<T>)	getRawType()	com.google.gson.reflect.TypeToken	SOURCE
com.google.gson.internal.bind.TypeAdapters$33	toString()	getName()	java.lang.Class	SOURCE
com.google.gson.internal.bind.TypeAdapters$33	toString()	getName()	java.lang.Class	SOURCE
com.google.gson.internal.bind.TypeAdapters	<TT>newFactoryForMultipleTypes(java.lang.Class<TT>,java.lang.Class<? extends TT>,com.google.gson.TypeAdapter<? super TT>)	()	com.google.gson.internal.bind.TypeAdapters$34	SOURCE
com.google.gson.internal.bind.TypeAdapters$34	<T>create(com.google.gson.Gson,com.google.gson.reflect.TypeToken<T>)	getRawType()	com.google.gson.reflect.TypeToken	SOURCE
com.google.gson.internal.bind.TypeAdapters$34	toString()	getName()	java.lang.Class	SOURCE
com.google.gson.internal.bind.TypeAdapters$34	toString()	getName()	java.lang.Class	SOURCE
com.google.gson.internal.bind.TypeAdapters	<T1>newTypeHierarchyFactory(java.lang.Class<T1>,com.google.gson.TypeAdapter<T1>)	()	com.google.gson.internal.bind.TypeAdapters$35	SOURCE
com.google.gson.internal.bind.TypeAdapters$35	<T2>create(com.google.gson.Gson,com.google.gson.reflect.TypeToken<T2>)	getRawType()	com.google.gson.reflect.TypeToken	SOURCE
com.google.gson.internal.bind.TypeAdapters$35	<T2>create(com.google.gson.Gson,com.google.gson.reflect.TypeToken<T2>)	isAssignableFrom(java.lang.Class<?>)	java.lang.Class	SOURCE
com.google.gson.internal.bind.TypeAdapters$35	<T2>create(com.google.gson.Gson,com.google.gson.reflect.TypeToken<T2>)	()	com.google.gson.internal.bind.TypeAdapters$35$1	SOURCE
com.google.gson.internal.bind.TypeAdapters$35$1	write(com.google.gson.stream.JsonWriter,T1)	write(com.google.gson.stream.JsonWriter,T)	com.google.gson.TypeAdapter	SOURCE
com.google.gson.internal.bind.TypeAdapters$35$1	read(com.google.gson.stream.JsonReader)	read(com.google.gson.stream.JsonReader)	com.google.gson.TypeAdapter	SOURCE
com.google.gson.internal.bind.TypeAdapters$35$1	read(com.google.gson.stream.JsonReader)	isInstance(java.lang.Object)	java.lang.Class	SOURCE
com.google.gson.internal.bind.TypeAdapters$35$1	read(com.google.gson.stream.JsonReader)	JsonSyntaxException(java.lang.String)	com.google.gson.JsonSyntaxException	SOURCE
com.google.gson.internal.bind.TypeAdapters$35$1	read(com.google.gson.stream.JsonReader)	getName()	java.lang.Class	SOURCE
com.google.gson.internal.bind.TypeAdapters$35$1	read(com.google.gson.stream.JsonReader)	getName()	java.lang.Class	SOURCE
com.google.gson.internal.bind.TypeAdapters$35$1	read(com.google.gson.stream.JsonReader)	getClass()	java.lang.Object	SOURCE
com.google.gson.internal.bind.TypeAdapters$35	toString()	getName()	java.lang.Class	SOURCE
<<<<<<< HEAD
=======
com.google.gson.internal.bind.TreeTypeAdapter	context	GsonContextImpl()	com.google.gson.internal.bind.TreeTypeAdapter$GsonContextImpl	SOURCE
com.google.gson.internal.bind.TreeTypeAdapter	TreeTypeAdapter(com.google.gson.JsonSerializer<T>,com.google.gson.JsonDeserializer<T>,com.google.gson.Gson,com.google.gson.reflect.TypeToken<T>,com.google.gson.TypeAdapterFactory)	TypeAdapter()	com.google.gson.TypeAdapter	SOURCE
com.google.gson.internal.bind.TreeTypeAdapter	read(com.google.gson.stream.JsonReader)	read(com.google.gson.stream.JsonReader)	com.google.gson.TypeAdapter	SOURCE
com.google.gson.internal.bind.TreeTypeAdapter	read(com.google.gson.stream.JsonReader)	delegate()	com.google.gson.internal.bind.TreeTypeAdapter	SOURCE
com.google.gson.internal.bind.TreeTypeAdapter	read(com.google.gson.stream.JsonReader)	parse(com.google.gson.stream.JsonReader)	com.google.gson.internal.Streams	SOURCE
com.google.gson.internal.bind.TreeTypeAdapter	read(com.google.gson.stream.JsonReader)	isJsonNull()	com.google.gson.JsonElement	SOURCE
com.google.gson.internal.bind.TreeTypeAdapter	read(com.google.gson.stream.JsonReader)	deserialize(com.google.gson.JsonElement,java.lang.reflect.Type,com.google.gson.JsonDeserializationContext)	com.google.gson.JsonDeserializer	SOURCE
com.google.gson.internal.bind.TreeTypeAdapter	read(com.google.gson.stream.JsonReader)	getType()	com.google.gson.reflect.TypeToken	SOURCE
com.google.gson.internal.bind.TreeTypeAdapter	write(com.google.gson.stream.JsonWriter,T)	write(com.google.gson.stream.JsonWriter,T)	com.google.gson.TypeAdapter	SOURCE
com.google.gson.internal.bind.TreeTypeAdapter	write(com.google.gson.stream.JsonWriter,T)	delegate()	com.google.gson.internal.bind.TreeTypeAdapter	SOURCE
com.google.gson.internal.bind.TreeTypeAdapter	write(com.google.gson.stream.JsonWriter,T)	nullValue()	com.google.gson.stream.JsonWriter	SOURCE
com.google.gson.internal.bind.TreeTypeAdapter	write(com.google.gson.stream.JsonWriter,T)	serialize(T,java.lang.reflect.Type,com.google.gson.JsonSerializationContext)	com.google.gson.JsonSerializer	SOURCE
com.google.gson.internal.bind.TreeTypeAdapter	write(com.google.gson.stream.JsonWriter,T)	getType()	com.google.gson.reflect.TypeToken	SOURCE
com.google.gson.internal.bind.TreeTypeAdapter	write(com.google.gson.stream.JsonWriter,T)	write(com.google.gson.JsonElement,com.google.gson.stream.JsonWriter)	com.google.gson.internal.Streams	SOURCE
com.google.gson.internal.bind.TreeTypeAdapter	delegate()	<T>getDelegateAdapter(com.google.gson.TypeAdapterFactory,com.google.gson.reflect.TypeToken<T>)	com.google.gson.Gson	SOURCE
com.google.gson.internal.bind.TreeTypeAdapter	newFactory(com.google.gson.reflect.TypeToken<?>,java.lang.Object)	SingleTypeFactory(java.lang.Object,com.google.gson.reflect.TypeToken<?>,boolean,java.lang.Class<?>)	com.google.gson.internal.bind.TreeTypeAdapter$SingleTypeFactory	SOURCE
com.google.gson.internal.bind.TreeTypeAdapter	newFactoryWithMatchRawType(com.google.gson.reflect.TypeToken<?>,java.lang.Object)	getType()	com.google.gson.reflect.TypeToken	SOURCE
com.google.gson.internal.bind.TreeTypeAdapter	newFactoryWithMatchRawType(com.google.gson.reflect.TypeToken<?>,java.lang.Object)	getRawType()	com.google.gson.reflect.TypeToken	SOURCE
com.google.gson.internal.bind.TreeTypeAdapter	newFactoryWithMatchRawType(com.google.gson.reflect.TypeToken<?>,java.lang.Object)	SingleTypeFactory(java.lang.Object,com.google.gson.reflect.TypeToken<?>,boolean,java.lang.Class<?>)	com.google.gson.internal.bind.TreeTypeAdapter$SingleTypeFactory	SOURCE
com.google.gson.internal.bind.TreeTypeAdapter	newTypeHierarchyFactory(java.lang.Class<?>,java.lang.Object)	SingleTypeFactory(java.lang.Object,com.google.gson.reflect.TypeToken<?>,boolean,java.lang.Class<?>)	com.google.gson.internal.bind.TreeTypeAdapter$SingleTypeFactory	SOURCE
com.google.gson.internal.bind.TreeTypeAdapter$SingleTypeFactory	SingleTypeFactory(java.lang.Object,com.google.gson.reflect.TypeToken<?>,boolean,java.lang.Class<?>)	Object()	java.lang.Object	SOURCE
com.google.gson.internal.bind.TreeTypeAdapter$SingleTypeFactory	SingleTypeFactory(java.lang.Object,com.google.gson.reflect.TypeToken<?>,boolean,java.lang.Class<?>)	checkArgument(boolean)	com.google.gson.internal.$Gson$Preconditions	SOURCE
com.google.gson.internal.bind.TreeTypeAdapter$SingleTypeFactory	<T>create(com.google.gson.Gson,com.google.gson.reflect.TypeToken<T>)	equals(java.lang.Object)	com.google.gson.reflect.TypeToken	SOURCE
com.google.gson.internal.bind.TreeTypeAdapter$SingleTypeFactory	<T>create(com.google.gson.Gson,com.google.gson.reflect.TypeToken<T>)	getType()	com.google.gson.reflect.TypeToken	SOURCE
com.google.gson.internal.bind.TreeTypeAdapter$SingleTypeFactory	<T>create(com.google.gson.Gson,com.google.gson.reflect.TypeToken<T>)	getRawType()	com.google.gson.reflect.TypeToken	SOURCE
com.google.gson.internal.bind.TreeTypeAdapter$SingleTypeFactory	<T>create(com.google.gson.Gson,com.google.gson.reflect.TypeToken<T>)	isAssignableFrom(java.lang.Class<?>)	java.lang.Class	SOURCE
com.google.gson.internal.bind.TreeTypeAdapter$SingleTypeFactory	<T>create(com.google.gson.Gson,com.google.gson.reflect.TypeToken<T>)	getRawType()	com.google.gson.reflect.TypeToken	SOURCE
com.google.gson.internal.bind.TreeTypeAdapter$SingleTypeFactory	<T>create(com.google.gson.Gson,com.google.gson.reflect.TypeToken<T>)	TreeTypeAdapter(com.google.gson.JsonSerializer<T>,com.google.gson.JsonDeserializer<T>,com.google.gson.Gson,com.google.gson.reflect.TypeToken<T>,com.google.gson.TypeAdapterFactory)	com.google.gson.internal.bind.TreeTypeAdapter	SOURCE
com.google.gson.internal.bind.TreeTypeAdapter$GsonContextImpl	serialize(java.lang.Object)	toJsonTree(java.lang.Object)	com.google.gson.Gson	SOURCE
com.google.gson.internal.bind.TreeTypeAdapter$GsonContextImpl	serialize(java.lang.Object,java.lang.reflect.Type)	toJsonTree(java.lang.Object,java.lang.reflect.Type)	com.google.gson.Gson	SOURCE
com.google.gson.internal.bind.TreeTypeAdapter$GsonContextImpl	<R>deserialize(com.google.gson.JsonElement,java.lang.reflect.Type)	<T>fromJson(com.google.gson.JsonElement,java.lang.reflect.Type)	com.google.gson.Gson	SOURCE
>>>>>>> base
com.google.gson.internal.bind.ArrayTypeAdapter	FACTORY	()	com.google.gson.internal.bind.ArrayTypeAdapter$1	SOURCE
com.google.gson.internal.bind.ArrayTypeAdapter$1	<T>create(com.google.gson.Gson,com.google.gson.reflect.TypeToken<T>)	getType()	com.google.gson.reflect.TypeToken	SOURCE
com.google.gson.internal.bind.ArrayTypeAdapter$1	<T>create(com.google.gson.Gson,com.google.gson.reflect.TypeToken<T>)	isArray()	java.lang.Class	SOURCE
com.google.gson.internal.bind.ArrayTypeAdapter$1	<T>create(com.google.gson.Gson,com.google.gson.reflect.TypeToken<T>)	getArrayComponentType(java.lang.reflect.Type)	com.google.gson.internal.$Gson$Types	SOURCE
com.google.gson.internal.bind.ArrayTypeAdapter$1	<T>create(com.google.gson.Gson,com.google.gson.reflect.TypeToken<T>)	<T>getAdapter(com.google.gson.reflect.TypeToken<T>)	com.google.gson.Gson	SOURCE
com.google.gson.internal.bind.ArrayTypeAdapter$1	<T>create(com.google.gson.Gson,com.google.gson.reflect.TypeToken<T>)	get(java.lang.reflect.Type)	com.google.gson.reflect.TypeToken	SOURCE
com.google.gson.internal.bind.ArrayTypeAdapter$1	<T>create(com.google.gson.Gson,com.google.gson.reflect.TypeToken<T>)	ArrayTypeAdapter(com.google.gson.Gson,com.google.gson.TypeAdapter<E>,java.lang.Class<E>)	com.google.gson.internal.bind.ArrayTypeAdapter	SOURCE
com.google.gson.internal.bind.ArrayTypeAdapter$1	<T>create(com.google.gson.Gson,com.google.gson.reflect.TypeToken<T>)	getRawType(java.lang.reflect.Type)	com.google.gson.internal.$Gson$Types	SOURCE
com.google.gson.internal.bind.ArrayTypeAdapter	ArrayTypeAdapter(com.google.gson.Gson,com.google.gson.TypeAdapter<E>,java.lang.Class<E>)	TypeAdapter()	com.google.gson.TypeAdapter	SOURCE
com.google.gson.internal.bind.ArrayTypeAdapter	ArrayTypeAdapter(com.google.gson.Gson,com.google.gson.TypeAdapter<E>,java.lang.Class<E>)	TypeAdapterRuntimeTypeWrapper(com.google.gson.Gson,com.google.gson.TypeAdapter<T>,java.lang.reflect.Type)	com.google.gson.internal.bind.TypeAdapterRuntimeTypeWrapper	SOURCE
com.google.gson.internal.bind.ArrayTypeAdapter	read(com.google.gson.stream.JsonReader)	peek()	com.google.gson.stream.JsonReader	SOURCE
com.google.gson.internal.bind.ArrayTypeAdapter	read(com.google.gson.stream.JsonReader)	nextNull()	com.google.gson.stream.JsonReader	SOURCE
com.google.gson.internal.bind.ArrayTypeAdapter	read(com.google.gson.stream.JsonReader)	ArrayList()	java.util.ArrayList	SOURCE
com.google.gson.internal.bind.ArrayTypeAdapter	read(com.google.gson.stream.JsonReader)	beginArray()	com.google.gson.stream.JsonReader	SOURCE
com.google.gson.internal.bind.ArrayTypeAdapter	read(com.google.gson.stream.JsonReader)	hasNext()	com.google.gson.stream.JsonReader	SOURCE
com.google.gson.internal.bind.ArrayTypeAdapter	read(com.google.gson.stream.JsonReader)	read(com.google.gson.stream.JsonReader)	com.google.gson.TypeAdapter	SOURCE
com.google.gson.internal.bind.ArrayTypeAdapter	read(com.google.gson.stream.JsonReader)	add(E)	java.util.List	SOURCE
com.google.gson.internal.bind.ArrayTypeAdapter	read(com.google.gson.stream.JsonReader)	endArray()	com.google.gson.stream.JsonReader	SOURCE
com.google.gson.internal.bind.ArrayTypeAdapter	read(com.google.gson.stream.JsonReader)	size()	java.util.List	SOURCE
com.google.gson.internal.bind.ArrayTypeAdapter	read(com.google.gson.stream.JsonReader)	newInstance(java.lang.Class<?>,int)	java.lang.reflect.Array	SOURCE
com.google.gson.internal.bind.ArrayTypeAdapter	read(com.google.gson.stream.JsonReader)	set(java.lang.Object,int,java.lang.Object)	java.lang.reflect.Array	SOURCE
com.google.gson.internal.bind.ArrayTypeAdapter	read(com.google.gson.stream.JsonReader)	get(int)	java.util.List	SOURCE
com.google.gson.internal.bind.ArrayTypeAdapter	write(com.google.gson.stream.JsonWriter,java.lang.Object)	nullValue()	com.google.gson.stream.JsonWriter	SOURCE
com.google.gson.internal.bind.ArrayTypeAdapter	write(com.google.gson.stream.JsonWriter,java.lang.Object)	beginArray()	com.google.gson.stream.JsonWriter	SOURCE
com.google.gson.internal.bind.ArrayTypeAdapter	write(com.google.gson.stream.JsonWriter,java.lang.Object)	getLength(java.lang.Object)	java.lang.reflect.Array	SOURCE
com.google.gson.internal.bind.ArrayTypeAdapter	write(com.google.gson.stream.JsonWriter,java.lang.Object)	get(java.lang.Object,int)	java.lang.reflect.Array	SOURCE
com.google.gson.internal.bind.ArrayTypeAdapter	write(com.google.gson.stream.JsonWriter,java.lang.Object)	write(com.google.gson.stream.JsonWriter,T)	com.google.gson.TypeAdapter	SOURCE
com.google.gson.internal.bind.ArrayTypeAdapter	write(com.google.gson.stream.JsonWriter,java.lang.Object)	endArray()	com.google.gson.stream.JsonWriter	SOURCE
<<<<<<< HEAD
com.google.gson.internal.bind.ObjectTypeAdapter	FACTORY	()	com.google.gson.internal.bind.ObjectTypeAdapter$1	SOURCE
com.google.gson.internal.bind.ObjectTypeAdapter$1	<T>create(com.google.gson.Gson,com.google.gson.reflect.TypeToken<T>)	getRawType()	com.google.gson.reflect.TypeToken	SOURCE
com.google.gson.internal.bind.ObjectTypeAdapter$1	<T>create(com.google.gson.Gson,com.google.gson.reflect.TypeToken<T>)	ObjectTypeAdapter(com.google.gson.Gson)	com.google.gson.internal.bind.ObjectTypeAdapter	SOURCE
com.google.gson.internal.bind.ObjectTypeAdapter	ObjectTypeAdapter(com.google.gson.Gson)	TypeAdapter()	com.google.gson.TypeAdapter	SOURCE
com.google.gson.internal.bind.ObjectTypeAdapter	read(com.google.gson.stream.JsonReader)	peek()	com.google.gson.stream.JsonReader	SOURCE
com.google.gson.internal.bind.ObjectTypeAdapter	read(com.google.gson.stream.JsonReader)	ArrayList()	java.util.ArrayList	SOURCE
com.google.gson.internal.bind.ObjectTypeAdapter	read(com.google.gson.stream.JsonReader)	beginArray()	com.google.gson.stream.JsonReader	SOURCE
com.google.gson.internal.bind.ObjectTypeAdapter	read(com.google.gson.stream.JsonReader)	hasNext()	com.google.gson.stream.JsonReader	SOURCE
com.google.gson.internal.bind.ObjectTypeAdapter	read(com.google.gson.stream.JsonReader)	add(E)	java.util.List	SOURCE
com.google.gson.internal.bind.ObjectTypeAdapter	read(com.google.gson.stream.JsonReader)	read(com.google.gson.stream.JsonReader)	com.google.gson.internal.bind.ObjectTypeAdapter	SOURCE
com.google.gson.internal.bind.ObjectTypeAdapter	read(com.google.gson.stream.JsonReader)	endArray()	com.google.gson.stream.JsonReader	SOURCE
com.google.gson.internal.bind.ObjectTypeAdapter	read(com.google.gson.stream.JsonReader)	LinkedTreeMap()	com.google.gson.internal.LinkedTreeMap	SOURCE
com.google.gson.internal.bind.ObjectTypeAdapter	read(com.google.gson.stream.JsonReader)	beginObject()	com.google.gson.stream.JsonReader	SOURCE
com.google.gson.internal.bind.ObjectTypeAdapter	read(com.google.gson.stream.JsonReader)	hasNext()	com.google.gson.stream.JsonReader	SOURCE
com.google.gson.internal.bind.ObjectTypeAdapter	read(com.google.gson.stream.JsonReader)	put(K,V)	java.util.Map	SOURCE
com.google.gson.internal.bind.ObjectTypeAdapter	read(com.google.gson.stream.JsonReader)	nextName()	com.google.gson.stream.JsonReader	SOURCE
com.google.gson.internal.bind.ObjectTypeAdapter	read(com.google.gson.stream.JsonReader)	read(com.google.gson.stream.JsonReader)	com.google.gson.internal.bind.ObjectTypeAdapter	SOURCE
com.google.gson.internal.bind.ObjectTypeAdapter	read(com.google.gson.stream.JsonReader)	endObject()	com.google.gson.stream.JsonReader	SOURCE
com.google.gson.internal.bind.ObjectTypeAdapter	read(com.google.gson.stream.JsonReader)	nextString()	com.google.gson.stream.JsonReader	SOURCE
com.google.gson.internal.bind.ObjectTypeAdapter	read(com.google.gson.stream.JsonReader)	nextDouble()	com.google.gson.stream.JsonReader	SOURCE
com.google.gson.internal.bind.ObjectTypeAdapter	read(com.google.gson.stream.JsonReader)	nextBoolean()	com.google.gson.stream.JsonReader	SOURCE
com.google.gson.internal.bind.ObjectTypeAdapter	read(com.google.gson.stream.JsonReader)	nextNull()	com.google.gson.stream.JsonReader	SOURCE
com.google.gson.internal.bind.ObjectTypeAdapter	read(com.google.gson.stream.JsonReader)	IllegalStateException()	java.lang.IllegalStateException	SOURCE
com.google.gson.internal.bind.ObjectTypeAdapter	write(com.google.gson.stream.JsonWriter,java.lang.Object)	nullValue()	com.google.gson.stream.JsonWriter	SOURCE
com.google.gson.internal.bind.ObjectTypeAdapter	write(com.google.gson.stream.JsonWriter,java.lang.Object)	<T>getAdapter(java.lang.Class<T>)	com.google.gson.Gson	SOURCE
com.google.gson.internal.bind.ObjectTypeAdapter	write(com.google.gson.stream.JsonWriter,java.lang.Object)	getClass()	java.lang.Object	SOURCE
com.google.gson.internal.bind.ObjectTypeAdapter	write(com.google.gson.stream.JsonWriter,java.lang.Object)	beginObject()	com.google.gson.stream.JsonWriter	SOURCE
com.google.gson.internal.bind.ObjectTypeAdapter	write(com.google.gson.stream.JsonWriter,java.lang.Object)	endObject()	com.google.gson.stream.JsonWriter	SOURCE
com.google.gson.internal.bind.ObjectTypeAdapter	write(com.google.gson.stream.JsonWriter,java.lang.Object)	write(com.google.gson.stream.JsonWriter,T)	com.google.gson.TypeAdapter	SOURCE
com.google.gson.internal.bind.JsonTreeReader	UNREADABLE_READER	()	com.google.gson.internal.bind.JsonTreeReader$1	SOURCE
com.google.gson.internal.bind.JsonTreeReader$1	read(char[],int,int)	AssertionError()	java.lang.AssertionError	SOURCE
com.google.gson.internal.bind.JsonTreeReader$1	close()	AssertionError()	java.lang.AssertionError	SOURCE
com.google.gson.internal.bind.JsonTreeReader	SENTINEL_CLOSED	Object()	java.lang.Object	SOURCE
com.google.gson.internal.bind.JsonTreeReader	JsonTreeReader(com.google.gson.JsonElement)	JsonReader(java.io.Reader)	com.google.gson.stream.JsonReader	SOURCE
com.google.gson.internal.bind.JsonTreeReader	JsonTreeReader(com.google.gson.JsonElement)	push(java.lang.Object)	com.google.gson.internal.bind.JsonTreeReader	SOURCE
com.google.gson.internal.bind.JsonTreeReader	beginArray()	expect(com.google.gson.stream.JsonToken)	com.google.gson.internal.bind.JsonTreeReader	SOURCE
com.google.gson.internal.bind.JsonTreeReader	beginArray()	peekStack()	com.google.gson.internal.bind.JsonTreeReader	SOURCE
com.google.gson.internal.bind.JsonTreeReader	beginArray()	push(java.lang.Object)	com.google.gson.internal.bind.JsonTreeReader	SOURCE
com.google.gson.internal.bind.JsonTreeReader	beginArray()	iterator()	com.google.gson.JsonArray	SOURCE
com.google.gson.internal.bind.JsonTreeReader	endArray()	expect(com.google.gson.stream.JsonToken)	com.google.gson.internal.bind.JsonTreeReader	SOURCE
com.google.gson.internal.bind.JsonTreeReader	endArray()	popStack()	com.google.gson.internal.bind.JsonTreeReader	SOURCE
com.google.gson.internal.bind.JsonTreeReader	endArray()	popStack()	com.google.gson.internal.bind.JsonTreeReader	SOURCE
com.google.gson.internal.bind.JsonTreeReader	beginObject()	expect(com.google.gson.stream.JsonToken)	com.google.gson.internal.bind.JsonTreeReader	SOURCE
com.google.gson.internal.bind.JsonTreeReader	beginObject()	peekStack()	com.google.gson.internal.bind.JsonTreeReader	SOURCE
com.google.gson.internal.bind.JsonTreeReader	beginObject()	push(java.lang.Object)	com.google.gson.internal.bind.JsonTreeReader	SOURCE
com.google.gson.internal.bind.JsonTreeReader	beginObject()	iterator()	java.util.Set	SOURCE
com.google.gson.internal.bind.JsonTreeReader	beginObject()	entrySet()	com.google.gson.JsonObject	SOURCE
com.google.gson.internal.bind.JsonTreeReader	endObject()	expect(com.google.gson.stream.JsonToken)	com.google.gson.internal.bind.JsonTreeReader	SOURCE
com.google.gson.internal.bind.JsonTreeReader	endObject()	popStack()	com.google.gson.internal.bind.JsonTreeReader	SOURCE
com.google.gson.internal.bind.JsonTreeReader	endObject()	popStack()	com.google.gson.internal.bind.JsonTreeReader	SOURCE
com.google.gson.internal.bind.JsonTreeReader	hasNext()	peek()	com.google.gson.internal.bind.JsonTreeReader	SOURCE
com.google.gson.internal.bind.JsonTreeReader	peek()	peekStack()	com.google.gson.internal.bind.JsonTreeReader	SOURCE
com.google.gson.internal.bind.JsonTreeReader	peek()	hasNext()	java.util.Iterator	SOURCE
com.google.gson.internal.bind.JsonTreeReader	peek()	push(java.lang.Object)	com.google.gson.internal.bind.JsonTreeReader	SOURCE
com.google.gson.internal.bind.JsonTreeReader	peek()	next()	java.util.Iterator	SOURCE
com.google.gson.internal.bind.JsonTreeReader	peek()	peek()	com.google.gson.internal.bind.JsonTreeReader	SOURCE
com.google.gson.internal.bind.JsonTreeReader	peek()	isString()	com.google.gson.JsonPrimitive	SOURCE
com.google.gson.internal.bind.JsonTreeReader	peek()	isBoolean()	com.google.gson.JsonPrimitive	SOURCE
com.google.gson.internal.bind.JsonTreeReader	peek()	isNumber()	com.google.gson.JsonPrimitive	SOURCE
com.google.gson.internal.bind.JsonTreeReader	peek()	AssertionError()	java.lang.AssertionError	SOURCE
com.google.gson.internal.bind.JsonTreeReader	peek()	IllegalStateException(java.lang.String)	java.lang.IllegalStateException	SOURCE
com.google.gson.internal.bind.JsonTreeReader	peek()	AssertionError()	java.lang.AssertionError	SOURCE
com.google.gson.internal.bind.JsonTreeReader	expect(com.google.gson.stream.JsonToken)	peek()	com.google.gson.internal.bind.JsonTreeReader	SOURCE
com.google.gson.internal.bind.JsonTreeReader	expect(com.google.gson.stream.JsonToken)	IllegalStateException(java.lang.String)	java.lang.IllegalStateException	SOURCE
com.google.gson.internal.bind.JsonTreeReader	expect(com.google.gson.stream.JsonToken)	peek()	com.google.gson.internal.bind.JsonTreeReader	SOURCE
com.google.gson.internal.bind.JsonTreeReader	expect(com.google.gson.stream.JsonToken)	locationString()	com.google.gson.internal.bind.JsonTreeReader	SOURCE
com.google.gson.internal.bind.JsonTreeReader	nextName()	expect(com.google.gson.stream.JsonToken)	com.google.gson.internal.bind.JsonTreeReader	SOURCE
com.google.gson.internal.bind.JsonTreeReader	nextName()	peekStack()	com.google.gson.internal.bind.JsonTreeReader	SOURCE
com.google.gson.internal.bind.JsonTreeReader	nextName()	next()	java.util.Iterator	SOURCE
com.google.gson.internal.bind.JsonTreeReader	nextName()	getKey()	java.util.Map$Entry	SOURCE
com.google.gson.internal.bind.JsonTreeReader	nextName()	push(java.lang.Object)	com.google.gson.internal.bind.JsonTreeReader	SOURCE
com.google.gson.internal.bind.JsonTreeReader	nextName()	getValue()	java.util.Map$Entry	SOURCE
com.google.gson.internal.bind.JsonTreeReader	nextString()	peek()	com.google.gson.internal.bind.JsonTreeReader	SOURCE
com.google.gson.internal.bind.JsonTreeReader	nextString()	IllegalStateException(java.lang.String)	java.lang.IllegalStateException	SOURCE
com.google.gson.internal.bind.JsonTreeReader	nextString()	locationString()	com.google.gson.internal.bind.JsonTreeReader	SOURCE
com.google.gson.internal.bind.JsonTreeReader	nextString()	getAsString()	com.google.gson.JsonPrimitive	SOURCE
com.google.gson.internal.bind.JsonTreeReader	nextString()	popStack()	com.google.gson.internal.bind.JsonTreeReader	SOURCE
com.google.gson.internal.bind.JsonTreeReader	nextBoolean()	expect(com.google.gson.stream.JsonToken)	com.google.gson.internal.bind.JsonTreeReader	SOURCE
com.google.gson.internal.bind.JsonTreeReader	nextBoolean()	getAsBoolean()	com.google.gson.JsonPrimitive	SOURCE
com.google.gson.internal.bind.JsonTreeReader	nextBoolean()	popStack()	com.google.gson.internal.bind.JsonTreeReader	SOURCE
com.google.gson.internal.bind.JsonTreeReader	nextNull()	expect(com.google.gson.stream.JsonToken)	com.google.gson.internal.bind.JsonTreeReader	SOURCE
com.google.gson.internal.bind.JsonTreeReader	nextNull()	popStack()	com.google.gson.internal.bind.JsonTreeReader	SOURCE
com.google.gson.internal.bind.JsonTreeReader	nextDouble()	peek()	com.google.gson.internal.bind.JsonTreeReader	SOURCE
com.google.gson.internal.bind.JsonTreeReader	nextDouble()	IllegalStateException(java.lang.String)	java.lang.IllegalStateException	SOURCE
com.google.gson.internal.bind.JsonTreeReader	nextDouble()	locationString()	com.google.gson.internal.bind.JsonTreeReader	SOURCE
com.google.gson.internal.bind.JsonTreeReader	nextDouble()	getAsDouble()	com.google.gson.JsonPrimitive	SOURCE
com.google.gson.internal.bind.JsonTreeReader	nextDouble()	peekStack()	com.google.gson.internal.bind.JsonTreeReader	SOURCE
com.google.gson.internal.bind.JsonTreeReader	nextDouble()	isLenient()	com.google.gson.stream.JsonReader	SOURCE
com.google.gson.internal.bind.JsonTreeReader	nextDouble()	isNaN(double)	java.lang.Double	SOURCE
com.google.gson.internal.bind.JsonTreeReader	nextDouble()	isInfinite(double)	java.lang.Double	SOURCE
com.google.gson.internal.bind.JsonTreeReader	nextDouble()	NumberFormatException(java.lang.String)	java.lang.NumberFormatException	SOURCE
com.google.gson.internal.bind.JsonTreeReader	nextDouble()	popStack()	com.google.gson.internal.bind.JsonTreeReader	SOURCE
com.google.gson.internal.bind.JsonTreeReader	nextLong()	peek()	com.google.gson.internal.bind.JsonTreeReader	SOURCE
com.google.gson.internal.bind.JsonTreeReader	nextLong()	IllegalStateException(java.lang.String)	java.lang.IllegalStateException	SOURCE
com.google.gson.internal.bind.JsonTreeReader	nextLong()	locationString()	com.google.gson.internal.bind.JsonTreeReader	SOURCE
com.google.gson.internal.bind.JsonTreeReader	nextLong()	getAsLong()	com.google.gson.JsonPrimitive	SOURCE
com.google.gson.internal.bind.JsonTreeReader	nextLong()	peekStack()	com.google.gson.internal.bind.JsonTreeReader	SOURCE
com.google.gson.internal.bind.JsonTreeReader	nextLong()	popStack()	com.google.gson.internal.bind.JsonTreeReader	SOURCE
com.google.gson.internal.bind.JsonTreeReader	nextInt()	peek()	com.google.gson.internal.bind.JsonTreeReader	SOURCE
com.google.gson.internal.bind.JsonTreeReader	nextInt()	IllegalStateException(java.lang.String)	java.lang.IllegalStateException	SOURCE
com.google.gson.internal.bind.JsonTreeReader	nextInt()	locationString()	com.google.gson.internal.bind.JsonTreeReader	SOURCE
com.google.gson.internal.bind.JsonTreeReader	nextInt()	getAsInt()	com.google.gson.JsonPrimitive	SOURCE
com.google.gson.internal.bind.JsonTreeReader	nextInt()	peekStack()	com.google.gson.internal.bind.JsonTreeReader	SOURCE
com.google.gson.internal.bind.JsonTreeReader	nextInt()	popStack()	com.google.gson.internal.bind.JsonTreeReader	SOURCE
com.google.gson.internal.bind.JsonTreeReader	skipValue()	peek()	com.google.gson.internal.bind.JsonTreeReader	SOURCE
com.google.gson.internal.bind.JsonTreeReader	skipValue()	nextName()	com.google.gson.internal.bind.JsonTreeReader	SOURCE
com.google.gson.internal.bind.JsonTreeReader	skipValue()	popStack()	com.google.gson.internal.bind.JsonTreeReader	SOURCE
com.google.gson.internal.bind.JsonTreeReader	toString()	getSimpleName()	java.lang.Class	SOURCE
com.google.gson.internal.bind.JsonTreeReader	toString()	getClass()	java.lang.Object	SOURCE
com.google.gson.internal.bind.JsonTreeReader	promoteNameToValue()	expect(com.google.gson.stream.JsonToken)	com.google.gson.internal.bind.JsonTreeReader	SOURCE
com.google.gson.internal.bind.JsonTreeReader	promoteNameToValue()	peekStack()	com.google.gson.internal.bind.JsonTreeReader	SOURCE
com.google.gson.internal.bind.JsonTreeReader	promoteNameToValue()	next()	java.util.Iterator	SOURCE
com.google.gson.internal.bind.JsonTreeReader	promoteNameToValue()	push(java.lang.Object)	com.google.gson.internal.bind.JsonTreeReader	SOURCE
com.google.gson.internal.bind.JsonTreeReader	promoteNameToValue()	getValue()	java.util.Map$Entry	SOURCE
com.google.gson.internal.bind.JsonTreeReader	promoteNameToValue()	push(java.lang.Object)	com.google.gson.internal.bind.JsonTreeReader	SOURCE
com.google.gson.internal.bind.JsonTreeReader	promoteNameToValue()	JsonPrimitive(java.lang.String)	com.google.gson.JsonPrimitive	SOURCE
com.google.gson.internal.bind.JsonTreeReader	promoteNameToValue()	getKey()	java.util.Map$Entry	SOURCE
com.google.gson.internal.bind.JsonTreeReader	push(java.lang.Object)	<T>copyOf(T[],int)	java.util.Arrays	SOURCE
com.google.gson.internal.bind.JsonTreeReader	push(java.lang.Object)	copyOf(int[],int)	java.util.Arrays	SOURCE
com.google.gson.internal.bind.JsonTreeReader	push(java.lang.Object)	<T>copyOf(T[],int)	java.util.Arrays	SOURCE
com.google.gson.internal.bind.JsonTreeReader	getPath()	append(char)	java.lang.StringBuilder	SOURCE
com.google.gson.internal.bind.JsonTreeReader	getPath()	StringBuilder()	java.lang.StringBuilder	SOURCE
com.google.gson.internal.bind.JsonTreeReader	getPath()	append(char)	java.lang.StringBuilder	SOURCE
com.google.gson.internal.bind.JsonTreeReader	getPath()	append(int)	java.lang.StringBuilder	SOURCE
com.google.gson.internal.bind.JsonTreeReader	getPath()	append(char)	java.lang.StringBuilder	SOURCE
com.google.gson.internal.bind.JsonTreeReader	getPath()	append(char)	java.lang.StringBuilder	SOURCE
com.google.gson.internal.bind.JsonTreeReader	getPath()	append(java.lang.String)	java.lang.StringBuilder	SOURCE
com.google.gson.internal.bind.JsonTreeReader	getPath()	toString()	java.lang.StringBuilder	SOURCE
com.google.gson.internal.bind.JsonTreeReader	locationString()	getPath()	com.google.gson.internal.bind.JsonTreeReader	SOURCE
com.google.gson.internal.bind.JsonTreeWriter	UNWRITABLE_WRITER	()	com.google.gson.internal.bind.JsonTreeWriter$1	SOURCE
com.google.gson.internal.bind.JsonTreeWriter$1	write(char[],int,int)	AssertionError()	java.lang.AssertionError	SOURCE
com.google.gson.internal.bind.JsonTreeWriter$1	flush()	AssertionError()	java.lang.AssertionError	SOURCE
com.google.gson.internal.bind.JsonTreeWriter$1	close()	AssertionError()	java.lang.AssertionError	SOURCE
com.google.gson.internal.bind.JsonTreeWriter	SENTINEL_CLOSED	JsonPrimitive(java.lang.String)	com.google.gson.JsonPrimitive	SOURCE
com.google.gson.internal.bind.JsonTreeWriter	stack	ArrayList()	java.util.ArrayList	SOURCE
com.google.gson.internal.bind.JsonTreeWriter	JsonTreeWriter()	JsonWriter(java.io.Writer)	com.google.gson.stream.JsonWriter	SOURCE
com.google.gson.internal.bind.JsonTreeWriter	get()	isEmpty()	java.util.List	SOURCE
com.google.gson.internal.bind.JsonTreeWriter	get()	IllegalStateException(java.lang.String)	java.lang.IllegalStateException	SOURCE
com.google.gson.internal.bind.JsonTreeWriter	peek()	get(int)	java.util.List	SOURCE
com.google.gson.internal.bind.JsonTreeWriter	peek()	size()	java.util.List	SOURCE
com.google.gson.internal.bind.JsonTreeWriter	put(com.google.gson.JsonElement)	isJsonNull()	com.google.gson.JsonElement	SOURCE
com.google.gson.internal.bind.JsonTreeWriter	put(com.google.gson.JsonElement)	getSerializeNulls()	com.google.gson.stream.JsonWriter	SOURCE
com.google.gson.internal.bind.JsonTreeWriter	put(com.google.gson.JsonElement)	peek()	com.google.gson.internal.bind.JsonTreeWriter	SOURCE
com.google.gson.internal.bind.JsonTreeWriter	put(com.google.gson.JsonElement)	add(java.lang.String,com.google.gson.JsonElement)	com.google.gson.JsonObject	SOURCE
com.google.gson.internal.bind.JsonTreeWriter	put(com.google.gson.JsonElement)	isEmpty()	java.util.List	SOURCE
com.google.gson.internal.bind.JsonTreeWriter	put(com.google.gson.JsonElement)	peek()	com.google.gson.internal.bind.JsonTreeWriter	SOURCE
com.google.gson.internal.bind.JsonTreeWriter	put(com.google.gson.JsonElement)	add(com.google.gson.JsonElement)	com.google.gson.JsonArray	SOURCE
com.google.gson.internal.bind.JsonTreeWriter	put(com.google.gson.JsonElement)	IllegalStateException()	java.lang.IllegalStateException	SOURCE
com.google.gson.internal.bind.JsonTreeWriter	beginArray()	JsonArray()	com.google.gson.JsonArray	SOURCE
com.google.gson.internal.bind.JsonTreeWriter	beginArray()	put(com.google.gson.JsonElement)	com.google.gson.internal.bind.JsonTreeWriter	SOURCE
com.google.gson.internal.bind.JsonTreeWriter	beginArray()	add(E)	java.util.List	SOURCE
com.google.gson.internal.bind.JsonTreeWriter	endArray()	isEmpty()	java.util.List	SOURCE
com.google.gson.internal.bind.JsonTreeWriter	endArray()	IllegalStateException()	java.lang.IllegalStateException	SOURCE
com.google.gson.internal.bind.JsonTreeWriter	endArray()	peek()	com.google.gson.internal.bind.JsonTreeWriter	SOURCE
com.google.gson.internal.bind.JsonTreeWriter	endArray()	remove(int)	java.util.List	SOURCE
com.google.gson.internal.bind.JsonTreeWriter	endArray()	size()	java.util.List	SOURCE
com.google.gson.internal.bind.JsonTreeWriter	endArray()	IllegalStateException()	java.lang.IllegalStateException	SOURCE
com.google.gson.internal.bind.JsonTreeWriter	beginObject()	JsonObject()	com.google.gson.JsonObject	SOURCE
com.google.gson.internal.bind.JsonTreeWriter	beginObject()	put(com.google.gson.JsonElement)	com.google.gson.internal.bind.JsonTreeWriter	SOURCE
com.google.gson.internal.bind.JsonTreeWriter	beginObject()	add(E)	java.util.List	SOURCE
com.google.gson.internal.bind.JsonTreeWriter	endObject()	isEmpty()	java.util.List	SOURCE
com.google.gson.internal.bind.JsonTreeWriter	endObject()	IllegalStateException()	java.lang.IllegalStateException	SOURCE
com.google.gson.internal.bind.JsonTreeWriter	endObject()	peek()	com.google.gson.internal.bind.JsonTreeWriter	SOURCE
com.google.gson.internal.bind.JsonTreeWriter	endObject()	remove(int)	java.util.List	SOURCE
com.google.gson.internal.bind.JsonTreeWriter	endObject()	size()	java.util.List	SOURCE
com.google.gson.internal.bind.JsonTreeWriter	endObject()	IllegalStateException()	java.lang.IllegalStateException	SOURCE
com.google.gson.internal.bind.JsonTreeWriter	name(java.lang.String)	NullPointerException(java.lang.String)	java.lang.NullPointerException	SOURCE
com.google.gson.internal.bind.JsonTreeWriter	name(java.lang.String)	isEmpty()	java.util.List	SOURCE
com.google.gson.internal.bind.JsonTreeWriter	name(java.lang.String)	IllegalStateException()	java.lang.IllegalStateException	SOURCE
com.google.gson.internal.bind.JsonTreeWriter	name(java.lang.String)	peek()	com.google.gson.internal.bind.JsonTreeWriter	SOURCE
com.google.gson.internal.bind.JsonTreeWriter	name(java.lang.String)	IllegalStateException()	java.lang.IllegalStateException	SOURCE
com.google.gson.internal.bind.JsonTreeWriter	value(java.lang.String)	nullValue()	com.google.gson.internal.bind.JsonTreeWriter	SOURCE
com.google.gson.internal.bind.JsonTreeWriter	value(java.lang.String)	put(com.google.gson.JsonElement)	com.google.gson.internal.bind.JsonTreeWriter	SOURCE
com.google.gson.internal.bind.JsonTreeWriter	value(java.lang.String)	JsonPrimitive(java.lang.String)	com.google.gson.JsonPrimitive	SOURCE
com.google.gson.internal.bind.JsonTreeWriter	nullValue()	put(com.google.gson.JsonElement)	com.google.gson.internal.bind.JsonTreeWriter	SOURCE
com.google.gson.internal.bind.JsonTreeWriter	value(boolean)	put(com.google.gson.JsonElement)	com.google.gson.internal.bind.JsonTreeWriter	SOURCE
com.google.gson.internal.bind.JsonTreeWriter	value(boolean)	JsonPrimitive(java.lang.Boolean)	com.google.gson.JsonPrimitive	SOURCE
com.google.gson.internal.bind.JsonTreeWriter	value(java.lang.Boolean)	nullValue()	com.google.gson.internal.bind.JsonTreeWriter	SOURCE
com.google.gson.internal.bind.JsonTreeWriter	value(java.lang.Boolean)	put(com.google.gson.JsonElement)	com.google.gson.internal.bind.JsonTreeWriter	SOURCE
com.google.gson.internal.bind.JsonTreeWriter	value(java.lang.Boolean)	JsonPrimitive(java.lang.Boolean)	com.google.gson.JsonPrimitive	SOURCE
com.google.gson.internal.bind.JsonTreeWriter	value(double)	isLenient()	com.google.gson.stream.JsonWriter	SOURCE
com.google.gson.internal.bind.JsonTreeWriter	value(double)	isNaN(double)	java.lang.Double	SOURCE
com.google.gson.internal.bind.JsonTreeWriter	value(double)	isInfinite(double)	java.lang.Double	SOURCE
com.google.gson.internal.bind.JsonTreeWriter	value(double)	IllegalArgumentException(java.lang.String)	java.lang.IllegalArgumentException	SOURCE
com.google.gson.internal.bind.JsonTreeWriter	value(double)	put(com.google.gson.JsonElement)	com.google.gson.internal.bind.JsonTreeWriter	SOURCE
com.google.gson.internal.bind.JsonTreeWriter	value(double)	JsonPrimitive(java.lang.Number)	com.google.gson.JsonPrimitive	SOURCE
com.google.gson.internal.bind.JsonTreeWriter	value(long)	put(com.google.gson.JsonElement)	com.google.gson.internal.bind.JsonTreeWriter	SOURCE
com.google.gson.internal.bind.JsonTreeWriter	value(long)	JsonPrimitive(java.lang.Number)	com.google.gson.JsonPrimitive	SOURCE
com.google.gson.internal.bind.JsonTreeWriter	value(java.lang.Number)	nullValue()	com.google.gson.internal.bind.JsonTreeWriter	SOURCE
com.google.gson.internal.bind.JsonTreeWriter	value(java.lang.Number)	isLenient()	com.google.gson.stream.JsonWriter	SOURCE
com.google.gson.internal.bind.JsonTreeWriter	value(java.lang.Number)	doubleValue()	java.lang.Number	SOURCE
com.google.gson.internal.bind.JsonTreeWriter	value(java.lang.Number)	isNaN(double)	java.lang.Double	SOURCE
com.google.gson.internal.bind.JsonTreeWriter	value(java.lang.Number)	isInfinite(double)	java.lang.Double	SOURCE
com.google.gson.internal.bind.JsonTreeWriter	value(java.lang.Number)	IllegalArgumentException(java.lang.String)	java.lang.IllegalArgumentException	SOURCE
com.google.gson.internal.bind.JsonTreeWriter	value(java.lang.Number)	put(com.google.gson.JsonElement)	com.google.gson.internal.bind.JsonTreeWriter	SOURCE
com.google.gson.internal.bind.JsonTreeWriter	value(java.lang.Number)	JsonPrimitive(java.lang.Number)	com.google.gson.JsonPrimitive	SOURCE
com.google.gson.internal.bind.JsonTreeWriter	close()	isEmpty()	java.util.List	SOURCE
com.google.gson.internal.bind.JsonTreeWriter	close()	IOException(java.lang.String)	java.io.IOException	SOURCE
com.google.gson.internal.bind.JsonTreeWriter	close()	add(E)	java.util.List	SOURCE
com.google.gson.internal.bind.TimeTypeAdapter	FACTORY	()	com.google.gson.internal.bind.TimeTypeAdapter$1	SOURCE
com.google.gson.internal.bind.TimeTypeAdapter$1	<T>create(com.google.gson.Gson,com.google.gson.reflect.TypeToken<T>)	getRawType()	com.google.gson.reflect.TypeToken	SOURCE
com.google.gson.internal.bind.TimeTypeAdapter$1	<T>create(com.google.gson.Gson,com.google.gson.reflect.TypeToken<T>)	TimeTypeAdapter()	com.google.gson.internal.bind.TimeTypeAdapter	SOURCE
com.google.gson.internal.bind.TimeTypeAdapter	format	SimpleDateFormat(java.lang.String)	java.text.SimpleDateFormat	SOURCE
com.google.gson.internal.bind.TimeTypeAdapter	read(com.google.gson.stream.JsonReader)	peek()	com.google.gson.stream.JsonReader	SOURCE
com.google.gson.internal.bind.TimeTypeAdapter	read(com.google.gson.stream.JsonReader)	nextNull()	com.google.gson.stream.JsonReader	SOURCE
com.google.gson.internal.bind.TimeTypeAdapter	read(com.google.gson.stream.JsonReader)	parse(java.lang.String)	java.text.DateFormat	SOURCE
com.google.gson.internal.bind.TimeTypeAdapter	read(com.google.gson.stream.JsonReader)	nextString()	com.google.gson.stream.JsonReader	SOURCE
com.google.gson.internal.bind.TimeTypeAdapter	read(com.google.gson.stream.JsonReader)	Time(long)	java.sql.Time	SOURCE
com.google.gson.internal.bind.TimeTypeAdapter	read(com.google.gson.stream.JsonReader)	getTime()	java.util.Date	SOURCE
com.google.gson.internal.bind.TimeTypeAdapter	read(com.google.gson.stream.JsonReader)	JsonSyntaxException(java.lang.Throwable)	com.google.gson.JsonSyntaxException	SOURCE
com.google.gson.internal.bind.TimeTypeAdapter	write(com.google.gson.stream.JsonWriter,java.sql.Time)	value(java.lang.String)	com.google.gson.stream.JsonWriter	SOURCE
com.google.gson.internal.bind.TimeTypeAdapter	write(com.google.gson.stream.JsonWriter,java.sql.Time)	format(java.util.Date)	java.text.DateFormat	SOURCE
com.google.gson.internal.Primitives	Primitives()	Object()	java.lang.Object	SOURCE
com.google.gson.internal.Primitives	isPrimitive(java.lang.reflect.Type)	isPrimitive()	java.lang.Class	SOURCE
=======
com.google.gson.internal.PreJava9DateFormatProvider	getUSDateFormat(int)	SimpleDateFormat(java.lang.String,java.util.Locale)	java.text.SimpleDateFormat	SOURCE
com.google.gson.internal.PreJava9DateFormatProvider	getUSDateFormat(int)	getDateFormatPattern(int)	com.google.gson.internal.PreJava9DateFormatProvider	SOURCE
com.google.gson.internal.PreJava9DateFormatProvider	getUSDateTimeFormat(int,int)	getDatePartOfDateTimePattern(int)	com.google.gson.internal.PreJava9DateFormatProvider	SOURCE
com.google.gson.internal.PreJava9DateFormatProvider	getUSDateTimeFormat(int,int)	getTimePartOfDateTimePattern(int)	com.google.gson.internal.PreJava9DateFormatProvider	SOURCE
com.google.gson.internal.PreJava9DateFormatProvider	getUSDateTimeFormat(int,int)	SimpleDateFormat(java.lang.String,java.util.Locale)	java.text.SimpleDateFormat	SOURCE
com.google.gson.internal.PreJava9DateFormatProvider	getDateFormatPattern(int)	IllegalArgumentException(java.lang.String)	java.lang.IllegalArgumentException	SOURCE
com.google.gson.internal.PreJava9DateFormatProvider	getDatePartOfDateTimePattern(int)	IllegalArgumentException(java.lang.String)	java.lang.IllegalArgumentException	SOURCE
com.google.gson.internal.PreJava9DateFormatProvider	getTimePartOfDateTimePattern(int)	IllegalArgumentException(java.lang.String)	java.lang.IllegalArgumentException	SOURCE
com.google.gson.stream.MalformedJsonException	MalformedJsonException(java.lang.String)	IOException(java.lang.String)	java.io.IOException	SOURCE
com.google.gson.stream.MalformedJsonException	MalformedJsonException(java.lang.String,java.lang.Throwable)	IOException(java.lang.String)	java.io.IOException	SOURCE
com.google.gson.stream.MalformedJsonException	MalformedJsonException(java.lang.String,java.lang.Throwable)	initCause(java.lang.Throwable)	java.lang.Throwable	SOURCE
com.google.gson.stream.MalformedJsonException	MalformedJsonException(java.lang.Throwable)	IOException()	java.io.IOException	SOURCE
com.google.gson.stream.MalformedJsonException	MalformedJsonException(java.lang.Throwable)	initCause(java.lang.Throwable)	java.lang.Throwable	SOURCE
>>>>>>> base
com.google.gson.JsonParser	JsonParser()	Object()	java.lang.Object	SOURCE
com.google.gson.JsonParser	parseString(java.lang.String)	parseReader(java.io.Reader)	com.google.gson.JsonParser	SOURCE
com.google.gson.JsonParser	parseString(java.lang.String)	StringReader(java.lang.String)	java.io.StringReader	SOURCE
com.google.gson.JsonParser	parseReader(java.io.Reader)	JsonReader(java.io.Reader)	com.google.gson.stream.JsonReader	SOURCE
com.google.gson.JsonParser	parseReader(java.io.Reader)	parseReader(com.google.gson.stream.JsonReader)	com.google.gson.JsonParser	SOURCE
com.google.gson.JsonParser	parseReader(java.io.Reader)	isJsonNull()	com.google.gson.JsonElement	SOURCE
com.google.gson.JsonParser	parseReader(java.io.Reader)	peek()	com.google.gson.stream.JsonReader	SOURCE
com.google.gson.JsonParser	parseReader(java.io.Reader)	JsonSyntaxException(java.lang.String)	com.google.gson.JsonSyntaxException	SOURCE
com.google.gson.JsonParser	parseReader(java.io.Reader)	JsonSyntaxException(java.lang.Throwable)	com.google.gson.JsonSyntaxException	SOURCE
com.google.gson.JsonParser	parseReader(java.io.Reader)	JsonIOException(java.lang.Throwable)	com.google.gson.JsonIOException	SOURCE
com.google.gson.JsonParser	parseReader(java.io.Reader)	JsonSyntaxException(java.lang.Throwable)	com.google.gson.JsonSyntaxException	SOURCE
com.google.gson.JsonParser	parseReader(com.google.gson.stream.JsonReader)	isLenient()	com.google.gson.stream.JsonReader	SOURCE
com.google.gson.JsonParser	parseReader(com.google.gson.stream.JsonReader)	setLenient(boolean)	com.google.gson.stream.JsonReader	SOURCE
com.google.gson.JsonParser	parseReader(com.google.gson.stream.JsonReader)	parse(com.google.gson.stream.JsonReader)	com.google.gson.internal.Streams	SOURCE
com.google.gson.JsonParser	parseReader(com.google.gson.stream.JsonReader)	JsonParseException(java.lang.String,java.lang.Throwable)	com.google.gson.JsonParseException	SOURCE
com.google.gson.JsonParser	parseReader(com.google.gson.stream.JsonReader)	JsonParseException(java.lang.String,java.lang.Throwable)	com.google.gson.JsonParseException	SOURCE
com.google.gson.JsonParser	parseReader(com.google.gson.stream.JsonReader)	setLenient(boolean)	com.google.gson.stream.JsonReader	SOURCE
com.google.gson.JsonParser	parse(java.lang.String)	parseString(java.lang.String)	com.google.gson.JsonParser	SOURCE
com.google.gson.JsonParser	parse(java.io.Reader)	parseReader(java.io.Reader)	com.google.gson.JsonParser	SOURCE
com.google.gson.JsonParser	parse(com.google.gson.stream.JsonReader)	parseReader(com.google.gson.stream.JsonReader)	com.google.gson.JsonParser	SOURCE
<<<<<<< HEAD
com.google.gson.JsonStreamParser	JsonStreamParser(java.lang.String)	JsonStreamParser(java.io.Reader)	com.google.gson.JsonStreamParser	SOURCE
com.google.gson.JsonStreamParser	JsonStreamParser(java.lang.String)	StringReader(java.lang.String)	java.io.StringReader	SOURCE
com.google.gson.JsonStreamParser	JsonStreamParser(java.io.Reader)	Object()	java.lang.Object	SOURCE
com.google.gson.JsonStreamParser	JsonStreamParser(java.io.Reader)	JsonReader(java.io.Reader)	com.google.gson.stream.JsonReader	SOURCE
com.google.gson.JsonStreamParser	JsonStreamParser(java.io.Reader)	setLenient(boolean)	com.google.gson.stream.JsonReader	SOURCE
com.google.gson.JsonStreamParser	JsonStreamParser(java.io.Reader)	Object()	java.lang.Object	SOURCE
com.google.gson.JsonStreamParser	next()	hasNext()	com.google.gson.JsonStreamParser	SOURCE
com.google.gson.JsonStreamParser	next()	NoSuchElementException()	java.util.NoSuchElementException	SOURCE
com.google.gson.JsonStreamParser	next()	parse(com.google.gson.stream.JsonReader)	com.google.gson.internal.Streams	SOURCE
com.google.gson.JsonStreamParser	next()	JsonParseException(java.lang.String,java.lang.Throwable)	com.google.gson.JsonParseException	SOURCE
com.google.gson.JsonStreamParser	next()	JsonParseException(java.lang.String,java.lang.Throwable)	com.google.gson.JsonParseException	SOURCE
com.google.gson.JsonStreamParser	next()	getCause()	java.lang.Throwable	SOURCE
com.google.gson.JsonStreamParser	next()	NoSuchElementException()	java.util.NoSuchElementException	SOURCE
com.google.gson.JsonStreamParser	hasNext()	peek()	com.google.gson.stream.JsonReader	SOURCE
com.google.gson.JsonStreamParser	hasNext()	JsonSyntaxException(java.lang.Throwable)	com.google.gson.JsonSyntaxException	SOURCE
com.google.gson.JsonStreamParser	hasNext()	JsonIOException(java.lang.Throwable)	com.google.gson.JsonIOException	SOURCE
com.google.gson.JsonStreamParser	remove()	UnsupportedOperationException()	java.lang.UnsupportedOperationException	SOURCE
=======
>>>>>>> base
